ticker,last_close,expected_close_20d,expected_return_20d,median_return_20d,probability_up,downside_p10,expected_peak_return_20d,forecast_dispersion,predicted_up,rank
VIVA,42.0,52.77137,0.2564611344110398,0.23067665100097656,0.6,-0.10825950985863095,0.32387313842773435,0.3714427351916654,True,1
BWPT,89.0,107.20625,0.2045646753204003,0.20695452743701725,1.0,0.049097142594583906,0.3260666065001755,0.16720122988027342,True,2
HILL,16.0,19.201096,0.20006847381591797,0.20006847381591797,1.0,0.20006847381591797,0.20006847381591797,0.0,True,3
NSSS,1105.0,1302.2097,0.17847032089578624,0.1090456863334277,0.8,-0.0830610263185803,0.26683045814479633,0.31767828697566086,True,4
BAPI,21.0,24.371922,0.16056771051316032,0.09227507455008377,0.8,-0.02981807163783487,0.3266079312279111,0.22206973047505574,True,5
MDIA,191.0,221.47493,0.15955455839946003,0.2533350440220059,0.8,-0.0178157466868456,0.20480650257689792,0.16173860990958674,True,6
TAMA,254.0,289.68393,0.14048791119432824,0.19639767624261806,0.6,-0.028794464351624006,0.21584845114880657,0.16289792839135706,True,7
PKPK,3930.0,4416.2812,0.12373567459844151,0.09157708631520367,0.6,-0.054362538267334615,0.16124409838183845,0.18758884867838502,True,8
WGSH,169.0,189.69766,0.12247130264191938,0.17489515677006295,1.0,0.029043344350961498,0.12917411849343569,0.08272029951765279,True,9
TIFA,342.0,381.89856,0.11666247273049161,0.010402300204449988,0.6,-0.0801293445609466,0.2083895320780793,0.32412231386769885,True,10
SSMS,1000.0,1111.7177,0.11171770019531246,0.16384851074218743,0.6,-0.20436325683593753,0.2031081298828125,0.2931086451271677,True,11
BSML,525.0,574.9078,0.0950624302455357,0.11065511067708322,0.8,0.025493629092261917,0.13376053292410717,0.06916530694712295,True,12
GULA,790.0,865.01086,0.09495039927808546,0.11343097928204116,0.8,-0.005312067345727844,0.11354869214794303,0.09893970071501809,True,13
DOOH,248.0,265.7085,0.07140525079542592,0.020450099822013623,0.6,-0.017118257091891364,0.09013317477318553,0.10739222004229922,True,14
ARGO,1170.0,1252.93,0.07088038778712606,0.06762987446581192,0.8,0.015684595352564126,0.10738466963808761,0.05515474788286683,True,15
MLPT,1590.0,1702.0833,0.07049261129127356,0.0005856304048741379,0.6,-0.08581220518867924,0.1511263788571148,0.22865930532915657,True,16
URBN,206.0,219.50447,0.06555562436001976,0.06533220902229986,1.0,0.05686513660023511,0.06707785893412473,0.008898181455619368,True,17
GGRM,19000.0,20235.07,0.06500370065789476,0.07934272203947379,0.8,-0.00019773848684205564,0.08398120888157898,0.06240525769634788,True,18
EPAC,62.0,65.90363,0.0629617998676916,0.04202307424237661,0.8,-0.004314201108870951,0.08196582178915697,0.07457755749856947,True,19
ADMG,222.0,235.16565,0.059304699597058017,0.026909424377991265,0.6,-0.019295013702667528,0.08343470118067287,0.0869211413761482,True,20
CANI,135.0,142.76773,0.05753874602141203,0.057785260235821756,1.0,0.05696695963541667,0.05753874602141203,0.0006149981927454886,True,21
SMIL,400.0,422.42368,0.05605920410156253,0.004931259155273482,0.6,-0.006360900878906217,0.07088751220703124,0.08616437408227605,True,22
HOMI,177.0,186.70815,0.05484827763616702,0.06970999335165073,0.8,0.014633264918785274,0.09088831325035311,0.03979001867223455,True,23
KKES,66.0,69.58971,0.05438954902417734,0.12740291248668334,0.6,-0.17140413920084638,0.13108090487393467,0.20985474099166276,True,24
SOHO,1200.0,1264.9156,0.05409639485677085,0.042816365559895875,1.0,0.04273893229166661,0.07008927408854171,0.023819020653262326,True,25
UNSP,206.0,216.88359,0.05283296455457376,0.05283296455457376,1.0,0.05283296455457376,0.05283296455457376,0.0,True,26
AMMN,4100.0,4316.5557,0.05281845464939026,0.050813286013719594,0.6,-0.08188937452362802,0.10573258860518289,0.13359713652168798,True,27
KLAS,75.0,78.90703,0.05209377034505205,0.03843109130859368,0.8,0.0010873006184895853,0.08000518798828123,0.05343358792924645,True,28
BBMD,1960.0,2061.4214,0.05174573003029339,0.03840786680883301,0.8,-0.006559522979113552,0.06543855628188777,0.059789199957540985,True,29
TKIM,6500.0,6836.0967,0.05170715144230773,0.08679424579326933,0.6,-0.05809438100961541,0.11556708233173078,0.10504216066681389,True,30
TAPG,1750.0,1836.8562,0.04963214285714288,0.07447795758928577,0.8,-0.012693094308035734,0.06256485770089286,0.05608624500824632,True,31
MARK,1070.0,1117.7688,0.04464366877190418,0.029662971853095854,0.8,-0.005130284389602857,0.07473835882739488,0.05280672616472142,True,32
DWGL,370.0,385.60092,0.042164702544341216,0.07122835726351351,0.8,-0.0051410736908784165,0.065092113597973,0.041853794802815064,True,33
UNIC,15300.0,15928.406,0.041072291156045784,0.00740055657679739,0.6,-0.08556613817401956,0.07270392922794118,0.13155469131747108,True,34
LSIP,1430.0,1488.5186,0.04092204914226401,0.045226965417395126,0.8,-0.02090362762237763,0.06842244181599652,0.058612053961710146,True,35
STAR,268.0,278.73932,0.04007213080107275,0.039951381398670716,1.0,0.039951381398670716,0.04007213080107275,0.00027000387201341975,True,36
BULL,454.0,470.362,0.03603970027705121,0.005910797791333966,0.6,-0.06798439866120591,0.15713478121988572,0.1381307689477038,True,37
WMPP,23.0,23.809654,0.035202374665633474,-0.10943553758704139,0.4,-0.2175271739130435,0.17377750562584915,0.3123360521039185,False,38
SDRA,230.0,238.05025,0.035001008406929345,-0.009000496242357325,0.4,-0.07636047363281248,0.0988350909689198,0.12319926331152989,False,39
MBSS,2840.0,2936.8408,0.034098863198723614,0.03425739986795784,0.8,-0.0020727539062499883,0.053197073063380354,0.03583766673725478,True,40
DPUM,98.0,101.334145,0.03402186802455365,0.034365128497688247,1.0,0.03328446368781894,0.034477374018455055,0.0006566363559236127,True,41
IBST,8475.0,8757.605,0.03334577802359884,0.03334577802359884,1.0,0.03334577802359884,0.03367337297197648,0.0,True,42
GZCO,176.0,181.72226,0.03251283819025217,0.0552536357532849,0.8,-0.028035545349121067,0.1104296077381481,0.06250268676596615,True,43
MIRA,23.0,23.74773,0.032509944749915046,0.012511211892832774,0.6,-0.09036815477454144,0.13216167947520377,0.1332664934219242,True,44
AMFG,3310.0,3414.4753,0.031563532618957724,0.04096782949395772,0.8,0.004371754626132929,0.0470469900632553,0.024591702435435344,True,45
VKTR,730.0,752.9184,0.03139509645226881,0.00965960776969177,0.6,-0.0994765859107449,0.19033495759310792,0.14565386073797906,True,46
RAAM,204.0,210.38635,0.03130567962048101,0.03200366450291048,0.8,-0.012133459951363345,0.05235238168753829,0.04190320707703553,True,47
HELI,181.0,186.64432,0.03118405842649343,0.033631719936981996,0.8,0.012318260235022428,0.04361686917299723,0.019178092888986035,True,48
DSNG,1335.0,1374.6606,0.02970836625117037,0.008615055155664741,0.6,-0.047625471822331476,0.0854738339770599,0.08356820062078875,True,49
SIPD,670.0,689.83466,0.029604018481809734,0.04362228165811577,0.6,-0.014842256005130583,0.05357638686450561,0.0413973150028471,True,50
SRTG,1785.0,1836.9238,0.029089006696428533,0.020592406884628822,0.8,-0.03946350610556726,0.05565934381565123,0.07174123083464756,True,51
PRDA,2400.0,2469.1228,0.028801208496093734,-0.02325113932291667,0.4,-0.03948004150390629,0.05328131103515625,0.11308201998241033,False,52
RCCC,100.0,102.83891,0.028389160156249992,-0.04172744750976565,0.2,-0.06070887756347656,0.06850698852539064,0.17558704525773466,False,53
JTPE,600.0,615.89685,0.026494812011718726,0.020095011393229223,0.8,-0.007496053059895889,0.04124422200520832,0.03970595732204674,True,54
CMNT,800.0,819.7135,0.02464187622070311,0.008942794799804643,0.6,-0.008343368530273487,0.04224269104003908,0.0381933491677985,True,55
SGER,488.0,499.9834,0.024556156846343512,-0.044509512479187996,0.4,-0.10330499117491673,0.09759665317222718,0.15064739211415132,False,56
HEXA,4470.0,4575.122,0.02351715429250558,0.023687430089485373,1.0,0.009452054495246021,0.028597158137583855,0.014857438466094356,True,57
MAYA,196.0,200.56062,0.023268485555843422,0.02433706789600598,1.0,0.008410115144690655,0.033600491893534735,0.016053097279913314,True,58
SMRA,326.0,333.43903,0.022819097788056,0.0027845885856019326,0.6,-0.06676652592384011,0.06042418684696131,0.10232911013075546,True,59
ARKA,22.0,22.4958,0.02253636446866114,0.02253636446866114,1.0,0.02253636446866114,0.02253636446866114,0.0,True,60
SOUL,37.0,37.750603,0.020286621918549397,0.020323469832136842,1.0,0.02003773869694885,0.020878972233952676,0.0002762458157766636,True,61
BAJA,244.0,248.91325,0.02013629850794054,0.02295322105532782,0.8,0.008237232145715968,0.027646074138703947,0.012880338466111339,True,62
CASS,1900.0,1935.2981,0.018577906558388202,0.021029309724506673,0.6,-0.031604672080592124,0.04894901315789477,0.0485533370355074,True,63
DIGI,29.0,29.52738,0.018185582654229426,0.018185582654229426,1.0,0.018185582654229426,0.018418476499360237,0.0,True,64
PLAN,39.0,39.6505,0.016679499699519228,0.0023635473006811125,0.6,-0.009249036740034033,0.04317865616235979,0.03002859898914267,True,65
INTA,61.0,61.993446,0.016286005739305942,0.016286005739305942,1.0,0.016286005739305942,0.01630157720847203,0.0,True,66
LRNA,183.0,185.97977,0.0162829122908128,0.018214324784409097,1.0,0.004931040279200794,0.03259655895128928,0.011261571894276672,True,67
TRUS,412.0,418.70685,0.016278772446715717,0.022725521939472193,0.6,-0.016739958235361053,0.02686265371378187,0.030736079307220155,True,68
INDO,176.0,178.85028,0.01619475971568716,0.025237343528053957,0.6,-0.05615707744251594,0.05559199940074573,0.06981703092881174,True,69
BKDP,169.0,171.70938,0.016031876964681935,-0.013402002097586907,0.4,-0.09118338139099483,0.05930417754946373,0.11569763663941525,False,70
SMSM,1790.0,1818.3347,0.015829478002793308,0.0104772471848813,0.6,-0.0076293263355447175,0.03924825146211588,0.027512003003698417,True,71
SSTM,412.0,418.51572,0.01581489044485742,-0.00947193034644267,0.4,-0.040609518995562796,0.06720418096746057,0.07262874482703888,False,72
MSTI,1330.0,1348.2428,0.013716389362077086,0.02141856716987789,0.8,-0.031697199541823234,0.032756274230498095,0.04418343243357035,True,73
BPFI,260.0,263.45624,0.013293151855468777,0.015009953425480838,1.0,0.004124122032752498,0.029739778958834152,0.009169856266319014,True,74
DNET,9800.0,9928.676,0.013130181760204062,0.01195870535714283,0.8,-0.00249982063137757,0.0205790617028061,0.016253372251342997,True,75
PDES,374.0,378.90726,0.013120991915942537,0.01586359197443188,0.6,-0.03356551716034424,0.030546447427515066,0.045021556073000034,True,76
KOIN,78.0,79.01596,0.013025137094351047,0.013025137094351047,1.0,0.013025137094351047,0.013025137094351047,0.0,True,77
HYGN,171.0,173.16365,0.01265290912828949,0.0007024396929824483,0.6,-0.027518985145970377,0.03437241225214729,0.05260802834426071,True,78
GMFI,54.0,54.67616,0.012521418818721064,0.010538878264250595,0.8,-0.028567617910879604,0.0466511337845414,0.04339746755827961,True,79
CMPP,69.0,69.84039,0.01217965388643567,0.022554369940273933,0.6,-0.004158418074898052,0.013778797094372708,0.014912216378802213,True,80
MTFN,13.0,13.155678,0.011975215031550501,0.010382212125338075,1.0,0.010382212125338075,0.012176454984224793,0.0035620627866457073,True,81
MMIX,735.0,743.67487,0.011802538398171802,-0.012849021444515274,0.4,-0.0569305710565476,0.07456808700042519,0.07485827973872097,False,82
PART,102.0,103.1792,0.011560836492800286,0.007755354339001208,1.0,0.007409937241498188,0.017950304816750907,0.007680765418806716,True,83
BTPN,2190.0,2215.2954,0.011550460188356171,0.016327545305365287,0.8,-0.004490849743150659,0.024096412136130098,0.014912797312326424,True,84
KBAG,43.0,43.49223,0.01144721452579942,-0.018669571987418254,0.4,-0.07036155878111376,0.06178296111350838,0.0902600862885004,False,85
JAYA,132.0,133.50525,0.011403401692708348,0.02780186046253541,0.6,-0.020454591693300172,0.027306019176136332,0.0289837044485903,True,86
PGEO,1010.0,1021.5133,0.011399324624845275,-0.0024050873104888293,0.2,-0.010990630801361378,0.0630532081528465,0.03927729902112217,False,87
CLEO,386.0,390.34814,0.01126459151352006,0.022037565399328107,0.6,-0.023942652885160308,0.021228043155966648,0.03258152954615659,True,88
TAYS,50.0,50.56095,0.011219024658203125,0.011219024658203125,1.0,0.011219024658203125,0.011219024658203125,0.0,True,89
ELSA,695.0,702.7516,0.011153292209982003,0.02412381618142989,0.6,-0.03712523535858814,0.043796860948741,0.04435140728878892,True,90
WEGE,50.0,50.53425,0.010684951782226592,0.010718383789062536,1.0,0.010564697265624989,0.010703140258789068,0.00011943587962234545,True,91
RAJA,890.0,899.4904,0.010663431574789306,0.08477282577686096,0.6,-0.2812717120567065,0.14643867406952252,0.2749451202007351,True,92
BOLA,162.0,163.70859,0.010546893838011195,0.00958732322410305,0.8,-0.006604550208574489,0.018421408570842956,0.01717905626357087,True,93
BOGA,1675.0,1692.3074,0.010332789179104473,-0.05362916861007461,0.2,-0.07448064365671643,0.05059345848880594,0.14500099493039367,False,94
JMAS,228.0,230.3075,0.010120592619243363,0.010120592619243363,1.0,0.010120592619243363,0.012115679289165238,0.0,True,95
ADRO,2460.0,2484.8882,0.010117207348831347,0.025818565802845583,0.6,-0.027293850038109736,0.039872312468241876,0.034054649254223704,True,96
ZINC,30.0,30.29455,0.00981826782226558,0.00981826782226558,1.0,0.00981826782226558,0.00981826782226558,0.0,True,97
DVLA,1600.0,1615.5153,0.009697036743164045,0.006000823974609437,1.0,0.003166259765624968,0.011838790893554663,0.009811269452526748,True,98
PCAR,45.0,45.42025,0.009338853624131959,-0.05780088636610248,0.4,-0.07033498128255204,0.037630954318576396,0.10685660113287862,False,99
ARII,274.0,276.54767,0.009298060062157854,0.008654740605041011,0.6,-0.011453959889655562,0.02242373724053377,0.02400646179264099,True,100
ASGR,1790.0,1806.5426,0.00924163647870111,0.0061164728090084,0.8,-0.006688225602304487,0.027840923969972044,0.018090374142178425,True,101
MLBI,6800.0,6857.997,0.008528995289522024,0.015886733111213136,0.6,-0.031077794692095595,0.029606316061580883,0.0407769920066053,True,102
BIRD,1610.0,1623.5592,0.00842183557356364,0.006522573151203526,0.8,-0.0036975173476319952,0.01604140382375774,0.014759019280793845,True,103
MKAP,1160.0,1169.6318,0.008303306842672331,0.008303306842672331,1.0,0.008303306842672331,0.008690985317888034,0.0,True,104
AXIO,111.0,111.897705,0.008087405642947632,0.009606782380525036,0.8,-0.004998215683945605,0.019022912377709745,0.012910491395056926,True,105
BATA,59.0,59.46579,0.007894768149165765,0.007880582647808554,1.0,0.00785014265674655,0.008284526760295252,4.7202175489721834e-05,True,106
BUDI,218.0,219.67386,0.007678194658471882,0.006494784573896295,0.6,-0.023055932281214164,0.011403705001971031,0.03011694437707363,True,107
ANTM,2880.0,2901.8472,0.007585822211371496,-0.039974297417534776,0.4,-0.07104936387803822,0.038584730360243034,0.09995339117502974,False,108
CARS,91.0,91.688,0.007560528765667929,0.007248092483688184,0.6,-0.03962060278588597,0.02828722943316451,0.05124288176745622,True,109
MERK,3800.0,3827.7505,0.0073026958264802875,0.004007568359374991,0.6,-0.012399812397203913,0.025788908305921086,0.023360345676032273,True,110
MSJA,392.0,394.8441,0.007255351786710817,0.015345904291892642,0.8,-0.02437705215142698,0.039125746123644764,0.03316837907525395,True,111
IRRA,376.0,378.55414,0.0067929369338014965,0.010024456267661241,0.8,-0.0017614161714594838,0.011702241288854687,0.008668717559073976,True,112
SATU,262.0,263.7472,0.006668649920980441,0.015183776389551484,0.6,-0.009929954004651707,0.015325368633707103,0.014720862952175567,True,113
NFCX,1495.0,1504.7266,0.00650602921195651,0.010089295045986546,0.6,-0.014665682483277598,0.03133274652487459,0.02260570494171512,True,114
AMAR,220.0,221.42294,0.006467950994318139,-0.002765794233842378,0.4,-0.015134291215376438,0.01594646107066757,0.031720924283131675,False,115
POLY,32.0,32.20343,0.0063571929931640625,0.0063571929931640625,1.0,0.0063571929931640625,0.006563425064086914,0.0,True,116
AREA,282.0,283.77054,0.006278483072916674,-0.01971403081366352,0.4,-0.06380879287178635,0.046551318878823154,0.07750382026051997,False,117
ARNA,490.0,493.05948,0.0062438342036033045,0.008075324856505084,0.8,-0.002430681501116005,0.014760455695950237,0.008373516310678873,True,118
FAPA,7350.0,7395.6235,0.006207230548469389,0.008662175807823136,0.6,-0.0023319781037414835,0.008567827912414972,0.008495877436748494,True,119
PANS,1525.0,1534.4078,0.006169025358606572,0.006272893186475503,0.6,-0.01607554751536886,0.018922707479508194,0.02500571814396486,True,120
KBLI,324.0,325.962,0.006055554048514655,0.004476099838445213,0.8,0.0008320184401523934,0.013213565025800511,0.005505865737914893,True,121
BBSI,4690.0,4715.9185,0.0055263026385927285,0.0055887901452558175,1.0,0.0048120793909914635,0.006000341484541538,0.000708635920517797,True,122
LPGI,615.0,618.39703,0.005523632018546753,0.020780833174542712,0.8,-0.03942033473069102,0.032042722624491884,0.04444479481251331,True,123
GOTO,50.0,50.269154,0.00538307189941416,0.005399093627929785,1.0,0.005359039306640723,0.00538307189941416,2.1938655295578904e-05,True,124
ALDO,815.0,819.1299,0.005067325896280695,0.004796839052914059,0.6,-0.03112089004984664,0.04821221661713957,0.037258563839065485,True,125
CLPI,1580.0,1587.8153,0.004946412678006306,-0.003198860265031689,0.4,-0.01574269741396366,0.015719921256922474,0.023400954036387703,False,126
INDF,6975.0,7008.2314,0.004764364919354835,0.0043905409946236595,0.6,-0.0037484318996415574,0.01605681563620074,0.008468853727781677,True,127
PNGO,3560.0,3576.707,0.004693041169241607,0.006198908773700884,0.8,-0.0023872564080055668,0.010186795009655868,0.006583127896035672,True,128
PSGO,196.0,196.90791,0.004632179104551959,0.007433599355269438,0.6,-0.002563352000956676,0.009148531543965267,0.006619675064762901,True,129
BYAN,12025.0,12078.752,0.004470049376299445,0.0070730736746362766,0.8,-0.011515024038461497,0.016752257666320203,0.016413271992705515,True,130
FITT,350.0,351.47214,0.004206124441964265,-0.001078578404017816,0.2,-0.0013652169363839617,0.03343586077008927,0.011976578580066568,False,131
GDST,97.0,97.38362,0.003954873625765143,0.011851989116865358,0.6,-0.01849565014396748,0.013633130260349579,0.020278956995791863,True,132
BABP,50.0,50.188377,0.0037675933837890254,0.003773422241210911,1.0,0.0037578124999999574,0.0037675933837890254,8.78418018580431e-06,True,133
CRAB,208.0,208.77786,0.003739723792442806,0.003739723792442806,1.0,0.003739723792442806,0.003739723792442806,0.0,True,134
SPMA,163.0,163.56584,0.003471458762701274,-0.001330135790116982,0.4,-0.044519604641967,0.03614032019866755,0.04887863352200375,False,135
AMRT,1325.0,1328.6292,0.0027389814268867553,0.006029904923348983,0.6,-0.05867649985259431,0.041174325619103815,0.05905878302043136,True,136
MGRO,710.0,711.8704,0.002634397694762325,0.00783115440691029,0.8,-0.023669777453785266,0.016533650143045774,0.02593724578177243,True,137
MASB,3390.0,3398.1274,0.002397417726769935,0.0008706962112832173,0.6,-0.003990770188053138,0.008301947939712395,0.006755157494091604,True,138
MGLV,8350.0,8369.225,0.0023024186002994274,0.030867093937125833,0.6,-0.07182192645958083,0.0311171173278443,0.06979767528111751,True,139
RGAS,242.0,242.54256,0.0022419574832127863,0.03461878752905467,0.6,-0.11998023671552167,0.049568050163836495,0.11654776989008579,True,140
CARE,422.0,422.92218,0.002185261080050349,-0.0013617203698903513,0.4,-0.006969448288470103,0.010669350285100743,0.012587187515431178,False,141
BFIN,915.0,916.882,0.0020569181181694153,0.008047502027834774,0.8,-0.03533273832394124,0.022153880635245926,0.040886274184218904,True,142
ASRM,262.0,262.52872,0.002018003973342086,-0.0011927480916030797,0.4,-0.0052307594823473025,0.015721701119692268,0.009119748287637805,False,143
RSCH,322.0,322.61142,0.0018988473074776468,0.043070443668720815,0.8,-0.12168754435474084,0.07334918857361217,0.12901615910213815,True,144
MDLN,50.0,50.078075,0.0015615386962890998,0.0014201354980469816,1.0,0.0012140350341796502,0.010646987915039041,0.00039689010703771523,True,145
PTDU,70.0,70.092926,0.0013275146484375,0.0013275146484375,1.0,0.0013275146484375,0.0013883318219864993,0.0,True,146
ACST,85.0,85.1071,0.0012600348977481746,0.02121635885799633,0.6,-0.047312263039981574,0.026624396829044095,0.04463492648849726,True,147
IBFN,63.0,63.052155,0.0008278498573908166,0.0008278498573908166,1.0,0.0008278498573908166,0.0008278498573908166,0.0,True,148
MDKI,182.0,182.15047,0.0008267245449862682,-0.019220876169728673,0.2,-0.03312825632619332,0.031403174767127374,0.05094007323079078,False,149
SOSS,870.0,870.63293,0.0007275110003591712,0.0014197338586565689,0.8,-0.0011415959500718608,0.007719165319683863,0.0019344916610851291,True,150
MAXI,50.0,50.03556,0.0007112121582031339,0.0007112121582031339,1.0,0.0007112121582031339,0.000756301879882848,0.0,True,151
ADES,34000.0,34022.477,0.0006610638786764377,0.04794002757352933,0.6,-0.11534828814338234,0.04877320772058822,0.10908784532888237,True,152
SAFE,370.0,370.24066,0.0006503873258023596,-0.0011905979465793859,0.4,-0.0032586669921875313,0.010928410710515247,0.0046546609217332485,False,153
ISSP,440.0,440.26764,0.0006082430752840873,-0.005776769464666209,0.4,-0.05132166082208804,0.022667305686257078,0.052640947755708566,False,154
POWR,725.0,725.28186,0.0003887223868534573,0.0015587116109914145,0.6,-0.0075603111530172075,0.006815059267241397,0.007505213991543344,True,155
IPCM,308.0,308.06976,0.00022656329266439456,-0.006852979783887991,0.4,-0.016611332088321818,0.009020381778865683,0.02018026741693158,False,156
LPIN,422.0,422.09018,0.00021370982671804485,-0.00124442294875593,0.4,-0.01530290214936314,0.013179167978006534,0.015318334807017367,False,157
MDIY,915.0,915.13605,0.0001487123249658717,-0.005507238836236383,0.4,-0.009487958397370221,0.013594123548497272,0.012632612156647663,False,158
NATO,670.0,670.06116,9.120656483208034e-05,0.007819423390858171,0.6,-0.02428202614855408,0.006855906016791047,0.022103169988829368,True,159
AKPI,500.0,500.03436,6.879882812500515e-05,0.005887756347656259,0.6,-0.0283688232421875,0.020487353515625008,0.026291618537118054,True,160
ALMI,74.0,74.0,0.0,0.0,0.0,0.0,0.0,0.0,False,161
ALTO,18.0,18.0,0.0,0.0,0.0,0.0,0.0,0.0,False,162
BEBS,5.0,5.0,0.0,0.0,0.0,0.0,0.0,0.0,False,163
BIKA,55.0,55.0,0.0,0.0,0.0,0.0,0.0,0.0,False,164
BIMA,82.0,82.0,0.0,0.0,0.0,0.0,0.0,0.0,False,165
BOSS,50.0,50.0,0.0,0.0,0.0,0.0,0.0,0.0,False,166
CNTX,142.0,142.0,0.0,0.0,0.0,0.0,0.0,0.0,False,167
DADA,50.0,50.0,0.0,0.0,0.0,0.0,0.0,0.0,False,168
DEAL,6.0,6.0,0.0,0.0,0.0,0.0,0.0,0.0,False,169
DPNS,310.0,310.0,0.0,0.0,0.0,0.0,0.0,0.0,False,170
ETWA,70.0,70.0,0.0,0.0,0.0,0.0,0.0,0.0,False,171
FASW,5312.4970703125,5312.497,0.0,0.0,0.0,0.0,0.0,0.0,False,172
FIMP,69.0,69.0,0.0,0.0,0.0,0.0,0.0,0.0,False,173
GLOB,155.0,155.0,0.0,0.0,0.0,0.0,0.0,0.0,False,174
HITS,116.0,116.0,0.0,0.0,0.0,0.0,0.0,0.0,False,175
INAF,126.0,126.0,0.0,0.0,0.0,0.0,0.0,0.0,False,176
INRU,590.0,590.0,0.0,0.0,0.0,0.0,0.0,0.0,False,177
IPPE,14.0,14.0,0.0,0.0,0.0,0.0,0.0,0.0,False,178
KAYU,18.0,18.0,0.0,0.0,0.0,0.0,0.0,0.0,False,179
KIAS,21.0,21.0,0.0,0.0,0.0,0.0,0.0,0.0,False,180
LMSH,256.0,256.0,0.0,0.0,0.0,0.0,0.0,0.0,False,181
MENN,53.0,53.0,0.0,0.0,0.0,0.0,0.0,0.0,False,182
META,238.0,238.0,0.0,0.0,0.0,0.0,0.0,0.0,False,183
MFMI,1300.0,1300.0,0.0,0.0,0.0,0.0,0.0,0.0,False,184
MTPS,81.0,81.0,0.0,0.0,0.0,0.0,0.0,0.0,False,185
MTSM,500.0,500.0,0.0,0.0,0.0,0.0,0.0,0.0,False,186
PLIN,2510.0,2510.0,0.0,0.0,0.0,0.0,0.0,0.0,False,187
PMMP,50.0,50.0,0.0,0.0,0.0,0.0,0.0,0.0,False,188
POLL,112.0,112.0,0.0,0.0,0.0,0.0,0.0,0.0,False,189
PTMR,374.0,374.0,0.0,0.0,0.0,0.0,0.0,0.0,False,190
SMCB,775.0,775.0,0.0,0.0,0.0,0.0,0.0,0.0,False,191
SUPR,43850.0,43850.0,0.0,0.0,0.0,0.0,0.0,0.0,False,192
SWAT,16.0,16.0,0.0,0.0,0.0,0.0,0.0,0.0,False,193
TELE,9.0,9.0,0.0,0.0,0.0,0.0,0.0,0.0,False,194
TGRA,27.0,27.0,0.0,0.0,0.0,0.0,0.0,0.0,False,195
TGUK,137.0,137.0,0.0,0.0,0.0,0.0,0.0,0.0,False,196
TOYS,8.0,8.0,0.0,0.0,0.0,0.0,0.0,0.0,False,197
WICO,123.0,123.0,0.0,0.0,0.0,0.0,0.0,0.0,False,198
WIKA,204.0,204.0,0.0,0.0,0.0,0.0,0.0,0.0,False,199
ZBRA,50.0,50.0,0.0,0.0,0.0,0.0,0.0,0.0,False,200
ARTI,2.0,1.9999998,-1.1920928955078125e-07,-1.1920928955078125e-07,0.0,-1.1920928955078125e-07,-1.1920928955078125e-07,0.0,False,201
MKNT,1.0,0.9999998,-2.384185791015625e-07,-2.384185791015625e-07,0.0,-2.384185791015625e-07,-2.384185791015625e-07,0.0,False,202
SBAT,1.0,0.9999998,-2.384185791015625e-07,-2.384185791015625e-07,0.0,-2.384185791015625e-07,-2.384185791015625e-07,0.0,False,203
TOPS,1.0,0.9999998,-2.384185791015625e-07,-2.384185791015625e-07,0.0,-2.384185791015625e-07,-2.384185791015625e-07,0.0,False,204
IMJS,158.0,157.98827,-7.424656348893332e-05,0.01965447920787189,0.6,-0.05597509070287778,0.033585000339942675,0.05164157418077808,False,205
RAFI,36.0,35.996933,-8.519490559899534e-05,-8.519490559899534e-05,0.0,-8.519490559899534e-05,-8.371141221785727e-05,0.0,False,206
ASDM,515.0,514.9227,-0.00015005167248178798,0.0015015833586164984,0.6,-0.0068020540996663,0.014488063182645571,0.0061985648785422365,False,207
EDGE,4790.0,4788.9355,-0.00022222403444671635,-0.00022222403444671635,0.0,-0.00022222403444671635,-0.00022222403444671635,0.0,False,208
BPTR,75.0,74.97833,-0.0002888997395833259,-0.0007449340820312456,0.4,-0.013267435709635421,0.013681599934895816,0.013222811597006738,False,209
SMMA,20175.0,20167.895,-0.0003522498451053346,-0.01308114544609662,0.4,-0.02410170771375466,0.011259661555142509,0.02734261626610806,False,210
TCID,2720.0,2718.2915,-0.0006280876608455888,0.0014323515050551627,0.6,-0.008594252642463208,0.014558572208180154,0.00796357092409147,False,211
PNIN,725.0,724.53125,-0.0006465517241379226,-0.013704623518318915,0.4,-0.018008519665948276,0.008378838900862107,0.02606801925006072,False,212
AKKU,38.0,37.96978,-0.0007952639931126937,-0.0007952639931126937,0.0,-0.0007952639931126937,-0.0005663821571751937,0.0,False,213
ATLA,50.0,49.95501,-0.0008998107910156428,-0.0009019470214843839,0.0,-0.0009019470214843839,-0.0004130859375000462,4.776756543711372e-06,False,214
ANJT,1480.0,1478.6069,-0.0009412610853040349,-0.004082097233952697,0.4,-0.04539974728146112,0.037378556535050664,0.04430891207604661,False,215
GRIA,120.0,119.86515,-0.0011237970987955314,0.011926333109537834,0.6,-0.06662998199462891,0.026434300740559923,0.06226635538606992,False,216
CINT,177.0,176.79062,-0.0011829613292284602,-0.011502713133386244,0.4,-0.05928291277696855,0.02600695938713806,0.061470062607186716,False,217
NISP,1290.0,1288.4124,-0.0012306958575581505,-0.03314067042151159,0.4,-0.05200588965600776,0.034590279039486437,0.062189003786857544,False,218
KOTA,147.0,146.79764,-0.0013766956978103595,-0.0766871445843963,0.2,-0.19271617033043684,0.1345364525204613,0.2765963671001143,False,219
DLTA,1780.0,1777.4535,-0.0014305680521418563,0.0010575540949788742,0.6,-0.007491921414150271,0.005124072814255598,0.0056850396755165995,False,220
CMNP,1340.0,1337.9457,-0.0015330938083022217,0.003905703416511086,0.6,-0.020167035914179055,0.010549571478544805,0.01705815957148758,False,221
PNBS,50.0,49.92205,-0.0015589599609375116,-0.0004956817626953214,0.0,-0.0036942596435547204,-0.0008848876953124974,0.002385716750649192,False,222
SMLE,157.0,156.74928,-0.0015969440435907422,-0.0030533128483279937,0.4,-0.0648073621616242,0.04092061231090769,0.0637618769447074,False,223
JRPT,1080.0,1078.2057,-0.0016613769531250045,-0.0017141836660879983,0.2,-0.004030083550347219,0.001656087239583326,0.0028266799040524686,False,224
SONA,2340.0,2335.9597,-0.0017266167534721656,0.0053334293202458305,0.8,-0.02669406467013886,0.025705169938568372,0.026594134896341867,False,225
TOTO,242.0,241.5664,-0.001791709710743783,0.0011315463988248453,0.6,-0.016556315776730335,0.009236296346364914,0.014351649105321463,False,226
NICK,1220.0,1217.6284,-0.0019439196977458994,-0.004415043064805335,0.4,-0.11028692526895494,0.05793286933273563,0.12045176345337241,False,227
KEEN,875.0,873.29443,-0.0019491768973214142,-0.031269670758928614,0.2,-0.03476916852678567,0.026999107142857137,0.0672731603761342,False,228
SFAN,1975.0,1971.0203,-0.0020150563686708754,-0.004588731210443009,0.4,-0.007213113132911397,0.0019206512064873227,0.006183750187711142,False,229
DNAR,124.0,123.73955,-0.0021004461473034695,0.020336028068296264,0.8,-0.07239728127756428,0.053004824730657776,0.06928625687976804,False,230
ADCP,50.0,49.894787,-0.0021042633056640447,-0.0021042633056640447,0.0,-0.0021042633056640447,-1.4495849609330591e-05,0.0,False,231
UCID,414.0,413.03305,-0.0023355677507925997,-0.029790684796761724,0.4,-0.04323159922724187,0.02001821914156854,0.055041041365914214,False,232
CCSI,240.0,239.42659,-0.002389183044433629,-0.003555107116699263,0.4,-0.020508753458658834,0.019391746520996112,0.017930602275549323,False,233
MRAT,440.0,438.9337,-0.002423484108664775,-0.0016510009765624556,0.4,-0.014412342418323875,0.006675789572975854,0.011743547731764057,False,234
TFCO,720.0,718.1556,-0.002561679416232643,-0.006599595811631942,0.4,-0.09304467095269098,0.03633483886718749,0.09109524026090855,False,235
TGKA,4910.0,4897.072,-0.0026330392375254474,-0.01153039873981665,0.4,-0.01549202043024438,0.004743309254073291,0.016183837549535816,False,236
AKRA,1465.0,1460.8551,-0.002829331537969293,-0.01688894851215872,0.4,-0.06652977015784985,0.04331228002346417,0.07615385659184032,False,237
BLTZ,2540.0,2532.5767,-0.002922574741633821,-0.002922574741633821,0.0,-0.002922574741633821,-0.0023276021161416915,0.0,False,238
SAME,296.0,295.07837,-0.0031136590081292325,-0.0008570696856524673,0.4,-0.009468862172719628,0.007286669756915121,0.006441800248310744,False,239
BCAP,50.0,49.83692,-0.003261566162109375,-0.003261566162109375,0.0,-0.003261566162109375,-0.0024542236328124467,0.0,False,240
ACES,360.0,358.79303,-0.0033527628580728884,-0.018317498101128482,0.4,-0.03534917195638017,0.023550279405381968,0.03751955868438751,False,241
FOOD,176.0,175.40111,-0.003402796658602658,-0.003402796658602658,0.0,-0.003402796658602658,-0.0030870437622070312,0.0,False,242
HDIT,51.0,50.823013,-0.003470327339920365,-0.0033452651079963758,0.0,-0.0036668665268841717,-0.0034311032762714077,0.0001741447786641101,False,243
PZZA,192.0,191.3309,-0.0034848848978678237,-0.004861752192179325,0.4,-0.017477273941040018,0.009073241551717116,0.014182370720963233,False,244
CMRY,4600.0,4583.1816,-0.003656165081521756,-0.014688986073369548,0.4,-0.03844380519701085,0.029194420855978277,0.036673082418782116,False,245
TNCA,167.0,166.33975,-0.003953579657092088,-0.011377848550945036,0.4,-0.034116313271893704,0.07256435005964637,0.03712508741102105,False,246
AALI,6875.0,6847.577,-0.003988749999999963,-0.04033643465909087,0.2,-0.057816477272727276,0.0242609090909091,0.09223019225949833,False,247
WINS,510.0,507.9611,-0.003997886508118875,-0.02845800063189341,0.4,-0.049655031690410543,0.017582756491268392,0.0548142316987242,False,248
IDPR,290.0,288.80457,-0.0041222092200970065,-0.00855565564385774,0.2,-0.017548217773437534,0.014960579707704768,0.01879657811766545,False,249
GHON,1630.0,1623.0044,-0.00429179747411812,-0.002913661090874209,0.2,-0.013930454371165668,0.010598578891871147,0.009626734678778172,False,250
DCII,191350.0,190479.89,-0.0045472138750979555,-0.011151685393258393,0.4,-0.013098396263391664,0.009280196629213488,0.010682977850153815,False,251
MREI,920.0,915.6898,-0.004684925908627702,0.0007817143979280683,0.6,-0.012996773097826098,0.00020602018936823895,0.007575119738946939,False,252
KAEF,452.0,449.83585,-0.004787924437396285,-0.002065135314401223,0.4,-0.01865712393701604,0.008333648411573557,0.012895271663973468,False,253
BRAM,4500.0,4477.828,-0.0049271050347222236,-0.0044928385416667105,0.4,-0.011805794270833302,0.00579273003472216,0.006906826993300451,False,254
AMIN,244.0,242.7976,-0.004927875956550998,-0.006718870069159832,0.4,-0.015685309738409314,0.0032945601666559687,0.011002673833376695,False,255
MLIA,232.0,230.85172,-0.00494955654801994,-0.00493556055529365,0.0,-0.005102815299198538,0.0019425227724272798,0.00015112488221961655,False,256
SURE,2770.0,2756.1958,-0.004983535931859184,-0.01179313797382675,0.2,-0.01883827842960284,0.027317467424413343,0.01817239280962798,False,257
CITA,3250.0,3233.5518,-0.0050609975961538375,-0.017826397235576885,0.4,-0.020451562499999954,0.022722460937500077,0.02124958946476759,False,258
VISI,860.0,855.37317,-0.005380021915879385,-0.011857924350472393,0.2,-0.031187914471293585,0.01932805970657705,0.03368710546889902,False,259
MIKA,1765.0,1755.4271,-0.005423753430417811,-0.004641161694405094,0.4,-0.07059997731497873,0.031981412114907924,0.0720991376359505,False,260
GRPH,59.0,58.671013,-0.005576014114638506,-0.011489932819948367,0.2,-0.017548667778403047,0.016590700311175866,0.017717388307069606,False,261
BMAS,488.0,485.11774,-0.005906277015560924,-0.00027284465852328577,0.4,-0.020448353251472828,0.006547558893922933,0.013276856161247045,False,262
BCIP,64.0,63.620827,-0.005924630165100098,-0.008142471313476562,0.2,-0.024691474437713624,0.017541062831878663,0.02088944418037081,False,263
JGLE,64.0,63.607994,-0.006125044822692871,-0.00596463680267334,0.2,-0.10527468919754028,0.07389111518859863,0.11392235594583862,False,264
LPPS,80.0,79.49613,-0.006298370361328143,-0.04903545379638674,0.2,-0.12917839050292973,0.08544452667236328,0.16758968965633964,False,265
LPCK,540.0,536.4429,-0.006587275752314814,-0.00734625922309029,0.4,-0.020217194733796285,0.003328586154513857,0.013705477914946104,False,266
KINO,1230.0,1221.8011,-0.006665694073932938,0.00041355040015234046,0.6,-0.02870663030360774,0.014581348450203247,0.02029697602439477,False,267
SMAR,5875.0,5835.4595,-0.006730352393617034,0.003918134973404319,0.6,-0.034366821808510674,0.025089860372340445,0.024837925468825864,False,268
TPIA,2160.0,2145.0142,-0.006937820999710631,-0.015709997106481466,0.4,-0.0322184018735532,0.1026569281684028,0.02915258497323335,False,269
TRST,458.0,454.63174,-0.00735429655516513,0.004958906548512498,0.6,-0.03472395318043804,0.016518032290529526,0.025288066635303474,False,270
MEDC,1285.0,1275.4238,-0.0074522738326848305,-0.0066354002006322466,0.4,-0.0736726159715467,0.028290635639591423,0.07092872223637572,False,271
LPPF,1555.0,1543.2793,-0.007537461063102912,0.0037369215986735593,0.6,-0.04451836000301448,0.018819144393086785,0.034143475706723235,False,272
BJBR,790.0,783.9774,-0.007623476438884525,-0.01629090128065669,0.2,-0.019480474930775336,0.0071860166139240626,0.01752475242449604,False,273
ROTI,600.0,595.4073,-0.007654561360677081,-0.008133850097656214,0.2,-0.020278808593749996,0.0037914428710937864,0.014858354626395736,False,274
BIKE,510.0,506.03876,-0.007767142501531876,-0.007767142501531876,0.0,-0.007767142501531876,-0.006851794672947276,0.0,False,275
DOSS,163.0,161.70874,-0.007921820330473528,-0.005307063003259227,0.4,-0.047724886467120364,0.07884953972752107,0.03905533883229428,False,276
TRUK,432.0,428.55817,-0.007967221295392046,-0.007169017085322582,0.4,-0.04674619038899739,0.05317384225350832,0.04045252354430862,False,277
CAMP,170.0,168.60599,-0.008200073242187522,-0.008146757238051472,0.0,-0.008492395737591928,-0.001873671587775716,0.00028468119765614087,False,278
TOSK,68.0,67.43855,-0.008256598079905775,-0.012139039881089109,0.4,-0.02459683137781483,0.005838573680204529,0.01696471810784798,False,279
MUTU,109.0,108.087524,-0.008371307653024629,-0.00670980750967598,0.4,-0.028007073358658242,0.00527151965220043,0.019094822941020745,False,280
RDTX,13600.0,13485.722,-0.008402832031250007,-0.018034524356617676,0.4,-0.018175580193014705,0.0005142606847426068,0.013309451763172456,False,281
BSSR,4300.0,4262.987,-0.008607762536337216,-0.008027457303779073,0.0,-0.012100063590116283,0.0011151662427325126,0.0034452057678321323,False,282
STTP,9750.0,9665.773,-0.008638621794871803,-0.004699018429487167,0.4,-0.027882131410256417,0.009096454326923053,0.01847452231129135,False,283
DUTI,4290.0,4251.749,-0.008916220498251737,-0.006362225014568734,0.4,-0.029940017664627016,0.002153991841491876,0.0215756671102316,False,284
ITMG,24575.0,24354.32,-0.00897986075788404,-0.016029294888097678,0.4,-0.028103175864699903,0.009199135300101701,0.02130861495938495,False,285
MMLP,298.0,295.25903,-0.0091978546757026,1.3722669358173789e-05,0.6,-0.02872234574900374,-0.0006278223639367031,0.017536117721293154,False,286
HGII,122.0,120.85188,-0.009410808125480275,-0.006064555684074047,0.0,-0.018559140064677248,-0.006502332843717995,0.009698197264672073,False,287
AMOR,346.0,342.7295,-0.0094523347182081,-0.005799045452492768,0.2,-0.03864396817422324,0.01840409295407337,0.029889240840479038,False,288
MPMX,1010.0,1000.27136,-0.009632314549814346,-0.012381253384127433,0.2,-0.020665742477568073,0.004920811417079229,0.013318228655727807,False,289
BSBK,52.0,51.488823,-0.009830342806302572,-0.0022758337167593234,0.0,-0.025457367530235864,0.001877065805288436,0.01729848696678035,False,290
BMRI,4190.0,4148.7715,-0.009839729545793551,-0.016196953311455875,0.4,-0.04596222870674225,0.02949454150507158,0.038741723306398794,False,291
MKPI,21775.0,21560.521,-0.009849741676234225,-0.005409012629161936,0.0,-0.021401944603903544,0.0016244438863375122,0.010416292600121656,False,292
IFII,206.0,203.95723,-0.0099164055389108,-0.01200792627427183,0.4,-0.028720122402154092,0.0006769421031174172,0.018681528390619505,False,293
PTPW,1130.0,1118.6216,-0.010069418037887167,0.003075199633572945,0.6,-0.03002536469856192,0.0011746836974557474,0.018210211574717278,False,294
MICE,520.0,514.7246,-0.010145028921274024,-0.0048130915715144384,0.2,-0.025906818096454322,0.001591139573317335,0.015825196759798644,False,295
PNSE,490.0,485.00348,-0.010196994080835454,-0.01471501564492983,0.4,-0.02674935477120537,0.005010400888871169,0.017583669111758335,False,296
MTEL,462.0,457.27692,-0.010223111239346605,-0.010793512517755732,0.0,-0.01922983937449272,0.003782779313785145,0.008977054853393826,False,297
TSPC,2880.0,2850.2856,-0.010317450629340242,-0.002505747477213549,0.4,-0.02725758870442705,0.014566260443793411,0.015111040680526997,False,298
BMHS,190.0,188.03812,-0.010325702868009868,-0.0008141768606085842,0.2,-0.030466661955180926,0.00943261397512336,0.019783619908505433,False,299
PJAA,450.0,445.3081,-0.010426445855034694,-0.01434977213541666,0.2,-0.015331258138020831,0.007022555881076409,0.009188651370043035,False,300
FMII,252.0,249.35608,-0.010491785927424346,-0.014960758269779273,0.2,-0.031398797413659474,0.008023483034164159,0.028044000731326586,False,301
GDYR,1095.0,1083.4862,-0.010514880315353903,-0.011419984303652986,0.4,-0.02915420323202056,0.0048807835687785465,0.01874474506697647,False,302
ECII,160.0,158.25558,-0.010902576446533207,-0.09999351501464848,0.4,-0.17647863388061522,0.13974020004272458,0.19717350714217916,False,303
KBLM,302.0,298.6761,-0.011006275707522772,-0.018126632993584413,0.2,-0.031359944122516595,0.01894686869438118,0.02551730567486398,False,304
GGRP,298.0,294.6499,-0.011241897480599828,-0.014627546272021785,0.2,-0.01941493501599203,0.01212961081690438,0.010750139843053862,False,305
SMKL,141.0,139.40482,-0.011313385659075826,-0.021863788577681786,0.4,-0.05947278611203459,0.04694252825797873,0.0509935470023156,False,306
WAPO,121.0,119.58443,-0.011699014458774548,-0.013026276895822586,0.4,-0.036022633954513196,0.002462642448992769,0.02441822656972964,False,307
LIFE,5800.0,5732.0728,-0.011711627828663774,-0.009469793911637936,0.0,-0.016464675377155145,0.00023871901939656048,0.004398147466630037,False,308
DRMA,960.0,948.7114,-0.011758918762207027,-0.013134765625000044,0.2,-0.026871871948242164,0.0006121190388996833,0.017083489468392807,False,309
YULE,3380.0,3340.0046,-0.011832874907544389,-0.009868987495377235,0.0,-0.022737899870562163,-0.0020797025240384404,0.010991487127738694,False,310
PORT,865.0,854.55255,-0.012078031859645977,-0.009637274769689341,0.4,-0.03541107354136561,0.01336967688764452,0.022079824069577595,False,311
BREN,3350.0,3309.064,-0.012219682835820912,-0.008432617187499991,0.0,-0.025727670242537304,0.016063330806902986,0.013811322592547571,False,312
CPRO,51.0,50.37362,-0.012281963871974578,-0.012305016611136588,0.0,-0.012823321772556694,-0.0013296239516313868,0.0005382806941406392,False,313
BALI,1235.0,1219.4856,-0.012562329991143728,-0.007882282704959498,0.0,-0.02408270337803644,0.00038020701543524106,0.01141031897642973,False,314
ALKA,1715.0,1692.9299,-0.012868872995626867,0.06651002756013114,0.8,-0.20284546966107875,0.047715498587827934,0.20627054388475882,False,315
LTLS,830.0,819.2384,-0.012965793839420158,-0.014989057793674654,0.2,-0.030955634059676183,0.01170491046216111,0.019523314796548508,False,316
BKSW,53.0,52.30619,-0.013090788643315188,-0.010261967497051883,0.2,-0.029886051393904812,0.000579776404038923,0.015943995201104434,False,317
BNII,191.0,188.45432,-0.013328144812459076,-0.011350941283540528,0.2,-0.026158533545688777,0.005015044686681925,0.01312335367864385,False,318
BRNA,595.0,587.04846,-0.01336401162027312,-0.01570798729648104,0.0,-0.02621253774947483,0.014807354582457988,0.013002484522183461,False,319
DMMX,186.0,183.50273,-0.013426126459593447,-0.01340985041792675,0.2,-0.05096783381636427,0.015271668793052705,0.04094683950652844,False,320
SAGE,35.0,34.5213,-0.013677150181361597,-0.02241537911551339,0.4,-0.06278095790318083,0.02428205217633932,0.054791063453848016,False,321
CFIN,344.0,339.19153,-0.013978097605150808,-0.01600522773210389,0.0,-0.02134546679119733,0.009958435768304885,0.008775512171965821,False,322
GOOD,294.0,289.88947,-0.013981410435267882,-0.01593069478768072,0.2,-0.03364575444435591,-0.00010714368755313509,0.01996182655656728,False,323
BACA,115.0,113.35364,-0.01431616741677988,0.0016854327657949142,0.6,-0.05274958071501361,0.024853754458220134,0.0395113910912632,False,324
BAIK,775.0,763.7612,-0.014501669606854862,-0.038545315650201584,0.2,-0.0840440398185484,0.06935472845262095,0.09371590939374685,False,325
HBAT,224.0,220.72726,-0.01461039951869425,-0.043490137372698134,0.4,-0.06129489626203268,0.03842680794852118,0.05753424305113174,False,326
MTDL,505.0,497.61945,-0.014614970896503699,-0.005629314762530924,0.0,-0.035290708636293314,0.0026663902962561934,0.01922179889482714,False,327
SMDM,555.0,546.66406,-0.0150196632179054,-0.00927921329532655,0.4,-0.0656229105081644,0.020434174408783767,0.04997435917149573,False,328
AGRS,61.0,60.08053,-0.015073269703349124,-0.022743912993884452,0.2,-0.025430222808337576,0.029550358506499785,0.013288031398940943,False,329
GLVA,306.0,301.38712,-0.015074805964052284,-0.01800237917432601,0.2,-0.03271855373008577,0.004185675328073924,0.018021284348493462,False,330
HRME,42.0,41.365593,-0.015104984101795015,-0.01599175589425228,0.0,-0.02442590622674847,0.03486758640834262,0.010036272707039176,False,331
SMMT,1850.0,1821.3074,-0.015509448902027012,-0.0027607685810810967,0.4,-0.05104339104729727,0.009733108108108146,0.03282404154057772,False,332
LIVE,210.0,206.7427,-0.015510951450892851,-0.03130318777901786,0.2,-0.05711771647135418,0.02321342831566222,0.06271572475058429,False,333
IKBI,565.0,556.0389,-0.01586036884679205,-0.012795669420630484,0.2,-0.03633164667450224,0.009944193342090712,0.021108196568881014,False,334
SULI,89.0,87.56006,-0.016179082634743658,-0.0282087004586552,0.4,-0.0514329888847437,0.010064165779713852,0.03752796816084056,False,335
BHAT,1770.0,1741.2715,-0.016230799788135575,-0.016230799788135575,0.0,-0.016230799788135575,-0.014237950211864359,0.0,False,336
CNMA,91.0,89.501656,-0.01646532331194195,0.01038477971003604,0.6,-0.07466531271462913,0.02623800759787085,0.052167891237199386,False,337
MPXL,153.0,150.47446,-0.016506858277165047,-0.017890680849162566,0.2,-0.046018932068270034,0.012100479026245914,0.030832657309031734,False,338
KDSI,458.0,450.43585,-0.016515593549570152,-0.016632746400791487,0.0,-0.028301895341498386,0.0020214630526747433,0.011986531466988335,False,339
ABBA,30.0,29.49982,-0.01667264302571614,-0.01667264302571614,0.0,-0.01667264302571614,-0.01667264302571614,0.0,False,340
LMPI,141.0,138.64024,-0.016735861487422454,-0.013983652101340893,0.0,-0.02947166929853724,0.0030987895126883824,0.011798456422536284,False,341
CBUT,825.0,811.0563,-0.016901529947916626,-0.004918323863636331,0.4,-0.060417510061553,0.006249896425189361,0.044658224523026605,False,342
TOTL,1140.0,1120.5723,-0.017041872258771896,-0.022815262643914425,0.2,-0.03524396929824562,0.022426607901589922,0.0225337389376109,False,343
TRGU,163.0,160.20987,-0.01711738446007478,-0.017945084835122693,0.4,-0.04250948853287959,0.001263427734375,0.024796401321724802,False,344
PBID,530.0,520.9206,-0.017130979142099066,-0.017677508660082553,0.2,-0.031611351157134426,0.001278076171875009,0.01673377975283717,False,345
BVIC,93.0,91.40321,-0.0171697308940272,-0.01747352846207162,0.0,-0.026154220745127677,0.01104989000546035,0.009892206019631403,False,346
BTON,360.0,353.81787,-0.017172597249348963,-0.021935102674696227,0.0,-0.029958784315321195,0.004654625786675371,0.013793462885233154,False,347
BELI,256.0,251.59482,-0.017207765579223634,-0.022846102714538574,0.4,-0.053362560272216794,0.010675668716430664,0.03707850489480929,False,348
MCOR,69.0,67.80621,-0.017301233263983272,-0.0145487025164176,0.0,-0.03379014609516533,-0.002254452912703764,0.016336114492361296,False,349
IMAS,855.0,839.9237,-0.017633106610928383,-0.018872213084795364,0.4,-0.07444955569261695,0.021173131396198853,0.056917359935478966,False,350
UNTD,80.0,78.58354,-0.017705650329589838,0.016958236694335938,0.6,-0.10976621627807617,0.022453498840332008,0.08938554117989181,False,351
DEPO,242.0,237.64824,-0.017982419857308883,-0.0023196512017368276,0.2,-0.04425534335049715,0.010056059025535902,0.023254356409093974,False,352
GJTL,1225.0,1202.5618,-0.01831686463647959,-0.01976383131377546,0.4,-0.04817544244260205,0.0181105508609694,0.03008816282118235,False,353
EAST,92.0,90.30464,-0.01842787369437837,-0.019017675648564825,0.0,-0.030615168032438866,-0.002800717561141308,0.012352220110586542,False,354
LABS,151.0,148.20961,-0.01847944449115273,-0.018264871559395712,0.0,-0.022657199884882018,-0.00022975087955301454,0.004632081341350056,False,355
VERN,197.0,193.34683,-0.018543983110921626,-0.01564947602712563,0.4,-0.06394791191604539,0.01025128824456698,0.04466073880135675,False,356
CEKA,2200.0,2158.6802,-0.018781804865056807,-0.022884188565340913,0.0,-0.02588518732244316,-0.0008365811434659198,0.009620314291305927,False,357
INCF,50.0,49.060905,-0.018781875610351585,-0.018965530395507857,0.0,-0.0190345764160156,-0.018781875610351585,0.0004779079298332739,False,358
BLES,200.0,196.17444,-0.019127822875976586,-0.03420158386230465,0.2,-0.07220845031738284,0.031129470825195283,0.06764808248054384,False,359
SCCO,2310.0,2265.6008,-0.019220398741883127,-0.018834233800054112,0.2,-0.04307050696699133,0.004335979775432919,0.028128059938371024,False,360
BUAH,500.0,490.27148,-0.01945698242187497,-0.020259155273437468,0.2,-0.038499438476562474,0.006995324707031214,0.01929216223102806,False,361
DOID,218.0,213.66782,-0.01987233293165853,-0.0295517247751218,0.4,-0.08313135269585006,0.04579455174437359,0.06913340240135614,False,362
MANG,39.0,38.219894,-0.020002687894381022,0.004655984731820828,0.6,-0.06551924485426683,0.030250842754657413,0.040616487706103245,False,363
KEJU,550.0,538.9975,-0.020004527698863628,-0.02860728870738638,0.2,-0.036681995738636355,0.002688121448863634,0.01891529931211354,False,364
BSWD,1125.0,1102.4874,-0.02001117621527777,-0.010407118055555609,0.0,-0.03597180989583328,0.0017498914930555998,0.014390333865512226,False,365
ASPI,400.0,391.95795,-0.020105163574218765,-0.0376889038085938,0.2,-0.09732594299316406,0.05418951416015625,0.10139032165096155,False,366
ARTO,1220.0,1195.181,-0.020343417808657782,-0.06876640945184431,0.4,-0.0886027151639344,0.0493608718621926,0.09636951023857646,False,367
MTMH,910.0,891.3408,-0.020504566234546707,-0.021458217075892905,0.2,-0.03808333512190933,0.003142586173591999,0.019016686356936922,False,368
WMUU,53.0,51.905983,-0.02064191710274177,-0.020564529131043674,0.0,-0.020944732090212283,0.0019430916264371323,0.0002803395278963086,False,369
BOLT,805.0,788.2782,-0.020772470035908385,-0.01661558921292705,0.0,-0.0374783306240295,-0.00022289584142081152,0.01616105017134487,False,370
GTBO,170.0,166.46603,-0.02078808952780331,-0.020742797851562522,0.0,-0.02095669017118562,-0.009380529067095588,0.00017448168333760347,False,371
EKAD,170.0,166.45242,-0.020868117388556984,-0.025303829417509194,0.0,-0.03067170984604779,-0.0031202069450826818,0.011078717411694791,False,372
ASBI,426.0,417.10367,-0.02088346526096683,-0.022682583947696622,0.0,-0.03181010501485473,-0.00201675343401555,0.011749077867951294,False,373
MIDI,284.0,278.0689,-0.020884145817286547,-0.011630958234760125,0.4,-0.053598817637268946,0.018640330140019822,0.030175555102969074,False,374
CASA,1830.0,1791.6797,-0.020940074816427613,-0.020916314463797825,0.0,-0.020987595521687184,-0.008848029798497303,5.312976364956976e-05,False,375
RELI,492.0,481.63785,-0.02106133437738187,-0.02289624718146599,0.0,-0.027847277633542934,0.005430578216304572,0.007514989716911905,False,376
EXCL,2440.0,2388.0493,-0.021291323802510198,-0.02866871317879094,0.2,-0.03744460809426227,0.0013537397540983598,0.018159366787923722,False,377
IPOL,106.0,103.729385,-0.021420892679466407,-0.02309835182045994,0.0,-0.028841011479215826,-0.005167230570091386,0.008742264053628495,False,378
YUPI,1310.0,1281.8928,-0.02145580495586834,-0.01684821907800571,0.0,-0.033231601860687056,-0.00031628324785302195,0.01055619063505984,False,379
KSIX,284.0,277.90533,-0.021460068393760957,-0.02603708186619713,0.2,-0.04154018348371476,0.028442124917473575,0.021666967646860505,False,380
SUNI,730.0,714.076,-0.021813714014340756,-0.0056100505672088685,0.2,-0.05853610940175513,0.031629387842465786,0.034313707411729955,False,381
POLI,725.0,709.14343,-0.021871144261853458,0.02919164197198265,0.6,-0.10695272090517241,0.01792216123383621,0.07597092487931861,False,382
BRPT,1845.0,1804.4291,-0.021989633617039296,-0.010229029048102967,0.4,-0.07375629869579943,0.05415805227388213,0.05064060223501663,False,383
AUTO,2750.0,2689.496,-0.022001384943181823,-0.028588867187499978,0.2,-0.04250719105113641,0.012035706676136381,0.022500959310196675,False,384
TBMS,1170.0,1144.238,-0.022018729967948715,-0.017450420673076894,0.2,-0.0411871494391026,0.00718697833199784,0.018858698964894973,False,385
MEGA,1970.0,1926.2311,-0.022217701558534263,-0.01858628945907359,0.0,-0.03293160840339469,0.0032173396851205905,0.009969629488713572,False,386
KARW,212.0,207.25015,-0.022404969413325482,-0.022477059994103765,0.0,-0.022477059994103765,-0.015645541784898298,9.900885001680695e-05,False,387
MDLA,212.0,207.20015,-0.02264086165518133,-0.021775803476009714,0.2,-0.04272001734319728,-0.00013627826042896806,0.021089009853105353,False,388
DMND,625.0,610.75696,-0.022788828125000004,-0.026024121093749963,0.0,-0.031982695312499976,-0.0044120507812499985,0.01039940174945088,False,389
DEWI,119.0,116.27342,-0.022912354028525473,-0.039569117441898616,0.2,-0.04334311605501571,0.00785295502478336,0.026841453677933887,False,390
DIVA,122.0,119.182495,-0.023094314825339367,-0.016388564813332507,0.2,-0.06359484312964266,0.010133099165119086,0.041489304336513065,False,391
ABDA,3500.0,3419.0164,-0.023138155691964268,-0.0367398856026786,0.4,-0.04312618582589285,-0.006218205915178543,0.02432070749135978,False,392
LUCK,110.0,107.447426,-0.02320524735884233,-0.01806904185901992,0.0,-0.04266367132013493,0.0036805447665127613,0.01838866861244965,False,393
SAMF,280.0,273.49466,-0.023233402797154003,-0.02359695434570308,0.0,-0.034253016880580335,-0.0033202253069195995,0.012201484742732097,False,394
AMMS,260.0,253.90292,-0.023450246957632204,-0.015700707068810105,0.2,-0.061671283428485574,0.013432147686298034,0.038965022237583205,False,395
IPAC,162.0,158.18431,-0.023553617500964498,-0.02392691153067128,0.4,-0.07948039490499612,0.032771546163676724,0.05592385433902409,False,396
EPMT,2360.0,2304.3098,-0.023597536248675843,-0.014204742948887739,0.0,-0.0433383540783898,-0.00682366839909958,0.017742004778092322,False,397
OBMD,180.0,175.72578,-0.023745693630642384,-0.013298373752170134,0.4,-0.07907270643446185,0.02174051920572915,0.05367496681725298,False,398
TRJA,112.0,109.33633,-0.023782839093889518,-0.010147162846156577,0.2,-0.05378129141671317,0.006215708596365754,0.027360647988643183,False,399
HOPE,212.0,206.95432,-0.023800328092754987,-0.002468756909640324,0.4,-0.15202697178102886,0.07748939946012671,0.13111741391669215,False,400
DKFT,660.0,644.073,-0.024131839636600372,-0.020769801284327705,0.4,-0.11870531486742426,0.04564506761955498,0.09927316693326585,False,401
MEJA,95.0,92.69616,-0.02425092195209704,-0.02452464856599501,0.2,-0.10473407946134868,0.04855647036903783,0.09102522181970094,False,402
GUNA,202.0,197.09633,-0.024275630535465685,-0.021863049799852985,0.2,-0.07338064967995828,0.0021183429378093923,0.04969528624599759,False,403
MAPI,1555.0,1516.6091,-0.024688693227491988,-0.019990014569935655,0.2,-0.05308565489348878,0.0054921749397106815,0.027085833214016617,False,404
BNBR,98.0,95.57849,-0.024709273357780635,-0.04445406855369105,0.4,-0.3330075010961416,0.22255132246990592,0.3152976898767035,False,405
MNCN,210.0,204.76842,-0.02491229829334076,-0.03640761602492559,0.2,-0.06424512590680806,0.016325058710007445,0.044618876763650284,False,406
PUDP,304.0,296.42245,-0.024926135414525086,-0.014044711464329729,0.0,-0.04693784211811267,-0.012531922992907063,0.020064010542083274,False,407
LOPI,62.0,60.451576,-0.02497456458307081,-0.025616491994550183,0.4,-0.12291008733933968,0.035918451124621956,0.09955560415202303,False,408
DGIK,128.0,124.77677,-0.02518148422241211,-0.054956793785095215,0.4,-0.07163472175598144,0.0247605562210083,0.058473178831779604,False,409
TRIM,565.0,550.73804,-0.02524241219579646,-0.015319500138274322,0.2,-0.059890374377765475,0.002443588391869489,0.03478359162170814,False,410
INAI,177.0,172.52205,-0.02529921019818151,-0.00789353537694204,0.4,-0.12254459359551553,0.029137028408589317,0.09997296444734759,False,411
AMAG,390.0,380.0788,-0.02543893667367785,-0.024066240359575275,0.0,-0.031602501502403825,-0.002626687074318901,0.005750750760965857,False,412
BNGA,1650.0,1607.9628,-0.02547708037405305,-0.016312736742424283,0.0,-0.05095152698863634,0.0024109108664772893,0.023321261815848104,False,413
KICI,193.0,188.03809,-0.02570939928756477,-0.024143515473202704,0.2,-0.05816716801934911,0.0013006813167908194,0.03347026985655696,False,414
TRIS,169.0,164.63841,-0.025808192145895005,-0.0236358642578125,0.0,-0.05411978275818237,0.009431195682322535,0.027077991069935647,False,415
BGTG,114.0,111.008194,-0.02624389916135552,-0.026511543675472815,0.2,-0.057840822454084416,0.006479885703638955,0.03295365353486204,False,416
SHID,615.0,598.73816,-0.026442057291666664,-0.02717602737550817,0.2,-0.042205582285315034,0.000997661807672756,0.018836330915189072,False,417
REAL,51.0,49.640305,-0.02666069479549633,-0.031258227778416026,0.0,-0.03265027812882968,0.0014213113223805695,0.009103247041528985,False,418
RIGS,680.0,661.85205,-0.02668814266429227,-0.021701319077435666,0.0,-0.04936620375689338,0.0004532937442554896,0.02248093506474026,False,419
BAYU,1115.0,1085.2205,-0.02670806474215246,-0.016014968119394624,0.0,-0.04885996181334078,-0.004377320978138988,0.01985102303734832,False,420
BJTM,520.0,506.10773,-0.026715968205378627,-0.02920714158278248,0.0,-0.029364694448617824,0.0007243229792668338,0.0037340946095452193,False,421
KING,270.0,262.76813,-0.0267846792715567,-0.07233570240162035,0.2,-0.07412103723596644,0.03647992169415506,0.10045679999932006,False,422
AISA,118.0,114.825745,-0.026900443384202853,-0.05517106137033234,0.4,-0.06453932422702599,0.008446619066141392,0.047683442158944725,False,423
TYRE,113.0,109.95725,-0.026926941998236975,-0.018178146497338177,0.2,-0.06719680381032218,0.007169875423465144,0.040629604042046595,False,424
SPTO,605.0,588.6432,-0.027036132812500013,-0.019519850045196296,0.0,-0.05483729338842978,-0.0002948452027375925,0.02560758211022242,False,425
NASI,129.0,125.51192,-0.027039473186167638,-0.025733415470566845,0.0,-0.04771489579548207,0.007008562901223358,0.019788402119711692,False,426
DILD,117.0,113.82793,-0.027111725114349627,-0.02675459120008683,0.0,-0.04858326708149703,0.009671985593616438,0.021164350978710847,False,427
PTBA,2320.0,2256.871,-0.02721071440598055,-0.025988979997305983,0.2,-0.054497680664062464,0.005582633182920249,0.02609515314195078,False,428
ISAT,1900.0,1848.2346,-0.027244988692434212,-0.019008018092105283,0.2,-0.059524683902138165,0.008479093852796082,0.03137099642204744,False,429
ADMF,8675.0,8435.525,-0.02760507474783862,-0.03229388058357352,0.0,-0.043031204971181534,0.0013265039625359964,0.016777498056095182,False,430
ZYRX,121.0,117.65664,-0.02763109443601497,-0.03092445814905087,0.2,-0.04757199878534992,0.018113809380649527,0.022730154989207073,False,431
CHEK,134.0,130.285,-0.02772381910637245,-0.019127689190764907,0.0,-0.04599931631515277,-0.007946116888701038,0.017904030899051657,False,432
ALII,740.0,719.4118,-0.027821869721283775,-0.05396365603885134,0.2,-0.0648785400390625,0.024506984401393584,0.05136404515394226,False,433
TIRT,590.0,573.55664,-0.027870100635593253,-0.027870100635593253,0.0,-0.027870100635593253,-0.024579788466631336,0.0,False,434
RLCO,5250.0,5102.245,-0.028143843005952362,-0.04321158854166662,0.4,-0.17137206101190472,0.0769807477678571,0.14372044733045547,False,435
ERAL,306.0,297.38788,-0.028144188176572715,-0.01875345068040235,0.4,-0.09241063735064337,0.008486918530432996,0.06119143643131979,False,436
RSGK,990.0,962.04034,-0.02824210118765782,-0.03748187440814399,0.2,-0.04340435606060602,-0.000781028053977284,0.023039119676572125,False,437
BSIM,710.0,689.8928,-0.028319985832966577,-0.03369046063490322,0.2,-0.04993335992517609,-0.002289557658450714,0.026219655936413705,False,438
SEMA,98.0,95.221794,-0.028349008365553253,-0.026014133375518167,0.0,-0.04723029623226245,0.0005262258101482509,0.017798526503645013,False,439
WTON,77.0,74.814316,-0.02838548932756697,-0.031038061364904612,0.0,-0.04715677236581779,-5.225639838677409e-05,0.020140581483633117,False,440
NEST,690.0,670.2626,-0.028604913241621354,-0.04798920120018113,0.2,-0.08837200662364128,0.0056476803102355035,0.08826495373887319,False,441
INTD,252.0,244.75156,-0.028763616652715783,-0.02887277754526285,0.0,-0.03194790794735865,-0.010358247302827372,0.003210988798449783,False,442
RBMS,65.0,63.12964,-0.02877481313852164,-0.008540931114783601,0.2,-0.08069461529071513,0.007139575664813713,0.05354272458932304,False,443
FORU,2900.0,2816.432,-0.028816625134698272,-0.008280913254310351,0.4,-0.07523136112607758,0.030345400053879312,0.041393168710012404,False,444
UNTR,23950.0,23255.488,-0.028998417927974928,-0.011025247912317293,0.2,-0.071626060151357,0.01782993541231732,0.038606168358284516,False,445
PTSP,890.0,864.05273,-0.02915420360779495,-0.02708184745874298,0.0,-0.05914494546611657,0.013850001645891851,0.02908270716786757,False,446
BTPS,990.0,960.97675,-0.02931644324100382,-0.037652834497316934,0.2,-0.0496094736426768,0.0013440064709596467,0.022640242144418395,False,447
MARI,23.0,22.318302,-0.0296390367590863,-0.0296390367590863,0.0,-0.0296390367590863,-0.0296390367590863,0.0,False,448
IPTV,31.0,30.079556,-0.02969172077794229,-0.018445845573179187,0.4,-0.07102992150091354,0.02026951697564896,0.0381365557342093,False,449
WIDI,26.0,25.22292,-0.02988777160644531,-0.03348930065448463,0.4,-0.07896040402925933,0.028308017437274645,0.04849362129216839,False,450
PURA,32.0,31.042212,-0.029930877685546874,-0.06360560655593872,0.4,-0.0786482810974121,0.0560272216796875,0.06003111543927853,False,451
DGNS,232.0,224.98026,-0.030257534158640898,-0.04628793124494879,0.2,-0.04772930802970099,0.02268358427902748,0.03723492604171663,False,452
PNBN,895.0,867.89954,-0.030279902452863116,-0.02953303672747909,0.0,-0.042069262286138255,-0.003621478373777931,0.012228362837023856,False,453
PGLI,196.0,190.05452,-0.030334130112005742,-0.015895843505859375,0.0,-0.05873490936902106,0.0015015271245217177,0.02558482643203261,False,454
VRNA,77.0,74.66231,-0.030359600116680197,-0.030582774769176146,0.0,-0.04788909515777191,-0.005880321155894897,0.018795697248135065,False,455
JSPT,1470.0,1425.3447,-0.030377720424107135,-0.04104792796024659,0.2,-0.05575178704294217,0.059531598772321434,0.034293530498063204,False,456
ULTJ,1470.0,1425.2891,-0.030415570525085055,-0.07661099596088439,0.4,-0.11813454971832485,0.04443872568558671,0.10036790407650875,False,457
BAPA,167.0,161.91101,-0.030472971293740648,-0.030001885876684176,0.0,-0.03158169135362088,0.024505816248362587,0.0012105428135549,False,458
MAHA,145.0,140.56108,-0.030613234947467684,-0.043594781283674555,0.2,-0.05560936237203664,0.010062361092403016,0.028457364108974162,False,459
INCI,665.0,644.6198,-0.030646880874060155,-0.03951278342340225,0.2,-0.04795197221569547,-0.0019112906778665285,0.022518679688956104,False,460
SURI,72.0,69.7573,-0.031148666805691172,-0.01346588134765625,0.4,-0.10313117769029405,0.01752065022786462,0.06784020635264723,False,461
ENZO,66.0,63.94226,-0.031177890661990993,-0.026625893332741457,0.0,-0.06044769287109375,0.015754329796993382,0.027382803373860655,False,462
PAMG,56.0,54.23827,-0.03145945412772044,-0.025429453168596572,0.4,-0.07972435270036968,0.011550944192068924,0.045785030860130256,False,463
HMSP,735.0,711.8661,-0.0314747090242347,-0.04722468577274663,0.2,-0.060830028300382664,0.009456513073979567,0.03395663108065939,False,464
ICON,107.0,103.63023,-0.03149314238646321,-0.040523350795852786,0.0,-0.05388542959623253,0.01581255476051404,0.024470633824592435,False,465
VICO,141.0,136.54752,-0.03157789081546434,-0.0068834453609818436,0.2,-0.08392906459510752,0.004366957211325295,0.046773420811252915,False,466
ELIT,173.0,167.51938,-0.03167985684609829,-0.007546309101788329,0.0,-0.07924003821576955,0.009862593281475785,0.04319301070455228,False,467
JIHD,420.0,406.63797,-0.03181435721261159,0.007076227097284171,0.6,-0.09321353004092259,0.013241271972656232,0.05551962163403439,False,468
APIC,660.0,638.9974,-0.03182221383759469,-0.007634758226799265,0.2,-0.09157590923887311,0.008575698390151532,0.05730912386246323,False,469
SCNP,155.0,150.01913,-0.03213455692414313,-0.053110134986139146,0.4,-0.07764274351058469,0.0190914030997984,0.05091115899463345,False,470
MCOL,3800.0,3677.8145,-0.032154091282894794,-0.03785811574835529,0.4,-0.06764661287006582,0.012740645559210551,0.03578230245314215,False,471
BEST,110.0,106.45042,-0.03226889870383522,-0.027696505459872123,0.4,-0.09898813421075996,0.05302914706143471,0.06771880579002033,False,472
BBKP,52.0,50.312275,-0.032456236619215706,-0.039326154268704894,0.2,-0.0688934619610126,0.009050325246957614,0.03879358642594786,False,473
BLOG,358.0,346.34354,-0.03255995425432088,-0.04017136216829609,0.2,-0.051447709579041545,0.001524191062543645,0.02356674627726035,False,474
IGAR,436.0,421.7173,-0.03275846428827409,-0.04167644255751868,0.2,-0.05047396038650374,-0.005066449926533845,0.02372822768258381,False,475
PPRI,149.0,144.04875,-0.033229792038066266,-0.047747208768089355,0.2,-0.054614134922923684,0.004168475874318367,0.02760200806116036,False,476
CHIP,915.0,884.58875,-0.03323633079320356,-0.033784993489583304,0.2,-0.05502913678278687,-0.0017879632001365886,0.02472053345198705,False,477
BATR,92.0,88.92074,-0.0334702201511549,-0.026127442069675655,0.0,-0.05773200988769529,0.013010174295176657,0.022252471430727325,False,478
MSIE,96.0,92.71709,-0.03419696489969892,0.0033915042877197266,0.6,-0.20421458880106608,0.11904253959655761,0.17216856319246282,False,479
NAIK,87.0,83.97337,-0.03478882888267778,-0.04610539578843387,0.2,-0.08035211672728086,0.023897017555675304,0.04953435442041111,False,480
GEMA,81.0,78.17893,-0.03482801649305556,-0.03657023111979163,0.0,-0.05543459668571564,0.00142822265625,0.020746446026734613,False,481
IATA,76.0,73.34459,-0.034939595272666525,-0.05920631007144328,0.4,-0.1857263464676706,0.12249324196263363,0.1639864634832226,False,482
MPIX,96.0,92.64183,-0.03498086929321291,-0.028251012166341183,0.0,-0.056109619140625025,0.00023398399353029563,0.02103950598192492,False,483
KKGI,276.0,266.32916,-0.03503928806470789,-0.027366306470788082,0.0,-0.0700337064438972,0.0030128147291100583,0.03277145378860223,False,484
UNIQ,111.0,107.06879,-0.03541635049355998,-0.03413040573532522,0.0,-0.04904188551344313,-0.0007362434455940204,0.013346874602000762,False,485
MKTR,125.0,120.568214,-0.03545426025390626,-0.05041186523437502,0.2,-0.054572583007812515,-0.001703356933593736,0.025355848612619032,False,486
IPCC,1150.0,1109.1534,-0.03551874575407608,-0.04527991253396735,0.0,-0.050212742017663015,0.004028086786684737,0.020274331514937197,False,487
PMJS,116.0,111.848816,-0.035786109135068675,-0.04280859848548624,0.2,-0.06128550562365302,0.011492249061321357,0.027947998598962697,False,488
PSSI,318.0,306.56467,-0.03596012907208139,-0.03494320275648588,0.2,-0.06949819888708723,0.01853265342472483,0.03335634044147995,False,489
ITMA,1335.0,1286.7637,-0.03613204441713482,0.00499729342228461,0.6,-0.11078724836142322,0.02085974075374537,0.06758314101674613,False,490
ASII,5100.0,4914.0977,-0.03645147824754906,-0.047758118872548994,0.4,-0.13410929840686275,0.03862599571078431,0.09920588494751886,False,491
DAYA,990.0,953.8094,-0.036556199199021464,-0.030447356869475972,0.0,-0.0625660289417614,-0.006836319740372465,0.025095430468427743,False,492
SBMA,108.0,104.04209,-0.03664733039008248,-0.04240191424334494,0.0,-0.057697621098271125,-0.0037137349446614287,0.023995230883392588,False,493
INPP,700.0,674.34015,-0.03665696498325897,-0.024113333565848216,0.2,-0.07933047921316967,-0.009899291992187531,0.0396650719576805,False,494
MBAP,1420.0,1367.737,-0.0368048181668134,-0.0389828964018486,0.0,-0.049676187004841575,0.00835239464128521,0.015765350232016927,False,495
TOWR,404.0,389.0108,-0.03710198732885983,-0.009361946936881194,0.0,-0.08477515796623607,0.010338071313234831,0.04264908842794713,False,496
ISEA,80.0,77.012436,-0.037344608306884776,-0.04465160369873045,0.2,-0.06864631652832029,0.00714996337890621,0.03296171829076722,False,497
LINK,1405.0,1352.2562,-0.037540018210631666,-0.018258330321396787,0.0,-0.07787880894128112,-0.008695176962855888,0.044746719685895456,False,498
SAPX,212.0,204.01266,-0.0376760662726636,-0.025499019982679783,0.2,-0.0793483662155439,0.02258732633770637,0.040195429112266465,False,499
UFOE,135.0,129.90927,-0.03770912452980324,-0.036239284939236116,0.0,-0.052879796911168994,0.007353809497974551,0.01486823857152807,False,500
SWID,103.0,99.11517,-0.037716734062120796,-0.015586556740177504,0.4,-0.0919137454727321,0.0035658160459647982,0.04933423155600729,False,501
BNBA,740.0,711.94104,-0.03791748046875001,-0.036743906381967895,0.0,-0.0459615181587838,0.002437612172719583,0.008155811251394435,False,502
NPGF,60.0,57.71465,-0.03808920542399088,-0.03646564483642578,0.0,-0.05172866821289059,0.00926205952962238,0.013827038693423029,False,503
MYTX,41.0,39.4216,-0.038497552639100596,-0.038497552639100596,0.0,-0.038497552639100596,-0.03644338468225994,0.0,False,504
BOBA,228.0,219.22025,-0.038507709168551285,-0.034480044716282854,0.2,-0.08899296543054414,0.027468938994825942,0.05151249224817908,False,505
SDPC,181.0,174.017,-0.038580119939140164,-0.03689406589908495,0.0,-0.06309457009668507,0.0041300062316557366,0.0239611520187662,False,506
ICBP,6975.0,6705.3296,-0.03866235439068102,-0.047631538418458796,0.0,-0.06364426523297492,0.00643300571236558,0.027551209913431525,False,507
KOBX,161.0,154.74881,-0.038827344053280276,-0.037092505034452605,0.0,-0.04271679990780282,-0.0001846597801824501,0.003497888559031284,False,508
DEWA,460.0,442.11865,-0.038872534710427974,0.007680677331012298,0.6,-0.16655558710512913,0.12189082933508835,0.13438548966854688,False,509
DYAN,84.0,80.73273,-0.038896142868768614,-0.039760044642857095,0.0,-0.058293260846819225,-0.00615290687197727,0.021822711152302946,False,510
TUGU,1220.0,1172.4078,-0.039009989754098376,-0.033153196241034855,0.0,-0.06420316102074797,0.005449919153432359,0.023473647384746596,False,511
RONY,1320.0,1268.3647,-0.039117616595643945,-0.03329569498697915,0.2,-0.10832308682528409,0.01510144782788827,0.06902567926965737,False,512
BOAT,138.0,132.59737,-0.03914958566859143,-0.07215217922044836,0.4,-0.1707227181697237,0.06133714758831523,0.14865485475013346,False,513
RISE,995.0,955.9689,-0.03922731332443465,-0.03589732107804644,0.0,-0.04571368806925249,0.0076477602858040505,0.005858375822400449,False,514
APII,185.0,177.67865,-0.03957486539273649,-0.04009952029666386,0.0,-0.06869675095016889,-0.00569373878272803,0.028952129063365535,False,515
PADA,144.0,138.2445,-0.03996875551011829,0.039977285597059486,0.6,-0.20659029218885633,0.11038017272949219,0.1488286524580778,False,516
MYOH,1050.0,1008.0106,-0.03998987397693452,-0.033647228422619024,0.0,-0.06925361560639882,0.006134858630952422,0.02721505782090054,False,517
SNLK,220.0,211.16821,-0.04014454234730118,-0.029382532293146357,0.2,-0.09242987892844462,0.02622468428178266,0.05295732584223076,False,518
DMAS,148.0,142.05551,-0.04016542176942568,-0.03650201333535685,0.0,-0.0667887919657939,0.004148081186655372,0.026713996641815684,False,519
NASA,30.0,28.788488,-0.040383745829264316,-0.01756528218587239,0.2,-0.10302777608235676,0.01463419596354163,0.056819921908449936,False,520
BEEF,392.0,376.16513,-0.040395043820750966,-0.05186633674465879,0.2,-0.11878747745436065,0.08050906122947224,0.09138745527083898,False,521
IKPM,187.0,179.38512,-0.04072128540691842,-0.04072015935724427,0.0,-0.06443230124080879,-0.0018953537558489054,0.024647155405913845,False,522
BINA,4400.0,4220.5444,-0.04078530051491478,-0.0479266912286932,0.2,-0.07291813520951702,-0.0018767977627840659,0.03753711201352976,False,523
TBIG,1445.0,1385.955,-0.04086158831639273,-0.05629671618187715,0.0,-0.06079018774329583,0.007704419198745693,0.025013122523323914,False,524
BMSR,310.0,297.27426,-0.04105076943674395,-0.04680471112651208,0.0,-0.06322517641129033,0.0006660116872479804,0.026400202960090227,False,525
ASPR,148.0,141.89142,-0.04127419961465373,-0.026297698149809978,0.2,-0.08982313001478041,0.018446824357316306,0.04442287800057316,False,526
RALS,378.0,362.35822,-0.04138041501322749,-0.03644509290261244,0.0,-0.07008734809027772,-0.00630499622809193,0.030039099807671384,False,527
KAQI,97.0,92.950615,-0.04174622211259664,-0.12838328253362596,0.2,-0.18424345979985504,0.11515740463414141,0.19758857983664152,False,528
KOCI,99.0,94.86632,-0.04175431993272567,-0.03982189448192863,0.0,-0.047907264786537195,0.0038427487768307954,0.005751741294738827,False,529
KETR,555.0,531.7387,-0.041912225946649784,-0.027809926625844583,0.0,-0.0694807392842061,-0.005923313450168921,0.025610904570027133,False,530
SOLA,96.0,91.97625,-0.04191403388977051,-0.044718027114868164,0.2,-0.07514694531758626,0.043924013773600244,0.03630245551432135,False,531
PICO,127.0,121.67351,-0.041940812238558056,-0.03825901061531123,0.0,-0.04980168380136565,-0.0022792906273068512,0.007294642973457349,False,532
PPRO,16.0,15.3277645,-0.0420147180557251,-0.019332468509674072,0.2,-0.11947046518325806,0.02025299072265625,0.08183224131653644,False,533
SMGR,1460.0,1398.6167,-0.0420433399775257,-0.06033183058647262,0.2,-0.0751666510595034,0.007492926610659279,0.04806437124021271,False,534
HADE,18.0,17.242735,-0.04207028283013239,-0.04846975538465714,0.0,-0.06594492594401044,0.03242435455322264,0.02481013716705529,False,535
CENT,81.0,77.59072,-0.042089881426022414,-0.03292017807195213,0.0,-0.07993906280140824,0.0021645251615547644,0.03808546489724148,False,536
BBTN,1215.0,1163.7922,-0.04214628745498972,-0.04440958156507202,0.0,-0.06322922694830249,0.023108623488940317,0.025774797861066324,False,537
BBLD,590.0,565.03937,-0.042306177171610206,-0.024237060546875022,0.0,-0.07692128326933267,0.017877838652012645,0.0308401422961519,False,538
MEDS,76.0,72.78252,-0.04233532955771997,-0.043151453921669414,0.0,-0.07864440114874587,0.02252988313373767,0.03652017789396299,False,539
UNVR,1755.0,1680.6696,-0.04235358518073362,-0.04066666388443729,0.0,-0.049359502982549874,0.001734761729878942,0.006506222191250254,False,540
RICY,78.0,74.682785,-0.042528396997696324,-0.026534251677684306,0.0,-0.06985176282051284,-0.0015219077085837141,0.024172737066456458,False,541
GOLF,160.0,153.18185,-0.04261333465576171,-0.05542621612548826,0.2,-0.0858016586303711,0.011008586883544957,0.052001184084087375,False,542
ATIC,478.0,457.55975,-0.04276200936927956,-0.040682102347018856,0.0,-0.056934168348751334,-0.009085887446064311,0.014753457260038402,False,543
BPII,434.0,415.40762,-0.04283954954367077,-0.040462159890732985,0.0,-0.059362821095550064,0.014543397964969795,0.01728502851953813,False,544
BBCA,6325.0,6053.2646,-0.04296208003952569,-0.035016906497035594,0.2,-0.08142653779644267,0.0023328032361660256,0.037270164922304116,False,545
MPPA,47.0,44.979187,-0.042996021027260634,-0.049531977227393664,0.2,-0.06578068834670045,0.023124142910571834,0.02858022755379551,False,546
CSAP,290.0,277.48236,-0.04316427296605603,-0.044252698174838345,0.0,-0.07182133115571118,-0.0037695102033944218,0.028149759654252527,False,547
TIRA,496.0,474.57632,-0.04319289422804309,-0.021747466056577625,0.0,-0.09455018812610255,-0.015704665645476325,0.0555443578364992,False,548
PRAY,700.0,669.7455,-0.043220703125000016,-0.04640781947544648,0.0,-0.07804207938058035,0.014941580636160712,0.034423038140752656,False,549
BANK,280.0,267.86017,-0.043356628417968765,-0.043911743164062544,0.0,-0.045565686907087066,-0.00879451206752233,0.0031241313253607753,False,550
APLI,248.0,237.22026,-0.043466691047914584,-0.042796719458795374,0.0,-0.05719979809176538,-0.008512816890593489,0.013410408260898201,False,551
STRK,63.0,60.260693,-0.04348104567754838,-0.04376390245225692,0.0,-0.04475038316514759,0.022809176974826383,0.0015287986887660466,False,552
PANR,418.0,399.7812,-0.04358565773119767,-0.035125732421875,0.0,-0.061803469133148936,-0.0036586779726749618,0.01824142513937253,False,553
PTIS,270.0,258.22153,-0.04362391719111689,-0.04441053602430556,0.0,-0.0810251080548322,0.009677033600983797,0.03624939727769928,False,554
INDX,60.0,57.36427,-0.04392884572347,-0.04392884572347,0.0,-0.04392884572347,-0.04392884572347,0.0,False,555
MTWI,258.0,246.58125,-0.04425872093023257,-0.04289718746214877,0.0,-0.07334658600563229,-0.011632733012354656,0.028628395033446805,False,556
JKON,66.0,63.06673,-0.04444346572413589,-0.023284102931167117,0.0,-0.08801859075372871,0.004987497040719724,0.03964214519672763,False,557
GTRA,242.0,231.23447,-0.04448559973850723,-0.049159152448669974,0.4,-0.1176790095557851,0.024155520604661685,0.07313904134279811,False,558
CRSN,108.0,103.19466,-0.04449389422381367,-0.05112082869918255,0.0,-0.07682461208767363,-0.00170203314887154,0.033815905523283514,False,559
LPKR,60.0,57.320564,-0.04465726216634116,-0.032459259033203125,0.0,-0.07310000101725263,0.01179444630940758,0.030361363113780765,False,560
PPGL,210.0,200.61877,-0.044672473725818465,-0.00957256498790926,0.4,-0.13221002487909228,0.02486159551711309,0.07849971262912316,False,561
MAIN,675.0,644.7443,-0.04482316984953705,-0.04590892650462963,0.0,-0.06943531177662039,0.005855957031250037,0.02467743797895211,False,562
MYOR,1685.0,1609.4163,-0.044856775663019266,-0.03423641216153561,0.2,-0.08521571309347176,0.004234890810459979,0.039698660282007435,False,563
RELF,36.0,34.37885,-0.04503199259440105,-0.05536937713623047,0.2,-0.07996999952528214,-0.0007632149590385939,0.04779740485121362,False,564
JECC,620.0,592.016,-0.045135498046875,-0.0448581818611391,0.0,-0.04686446651335683,-0.001166578723538292,0.00181336385801118,False,565
SHIP,2040.0,1947.8336,-0.045179646809895814,-0.061697507372089455,0.2,-0.21022731407015927,0.08423838895909927,0.19929619827400616,False,566
OBAT,246.0,234.87949,-0.045205316310975616,-0.05077641184737047,0.0,-0.05926813885448425,-0.0016378139092670051,0.018926350672281246,False,567
LION,356.0,339.90414,-0.0452130949899052,-0.051166320114993,0.0,-0.06034343590897122,-0.017641731862271783,0.01645557255181902,False,568
ABMM,2510.0,2396.467,-0.045232254575448196,-0.02565888788595616,0.0,-0.08860306819596615,0.002932663875747021,0.039360660050685545,False,569
JSMR,2740.0,2615.33,-0.045499953666742685,-0.0463139220745894,0.0,-0.052827094976049295,0.006302766451870445,0.007397281413997732,False,570
CBPE,330.0,314.95932,-0.04557783647017044,-0.06554768880208328,0.2,-0.07613795424952652,0.005723155628551147,0.03866740970466447,False,571
JATI,95.0,90.65253,-0.045762907329358546,-0.03143575567948187,0.2,-0.09701568603515624,0.0011085269325657788,0.04875334252549745,False,572
HATM,530.0,505.7347,-0.04578357624557785,-0.046092713553950504,0.2,-0.09512317585495282,0.021631320017688638,0.049907867997261095,False,573
BELL,114.0,108.75737,-0.04598796911406937,-0.04843594735128842,0.0,-0.06723860355845672,0.019375851279810896,0.026690090722434702,False,574
NZIA,141.0,134.4946,-0.04613760008034131,-0.04606790745511968,0.0,-0.04627698533078457,-0.02333625090037681,0.0001558374475259787,False,575
KONI,2470.0,2354.196,-0.04688413303390686,-0.035179675638916996,0.2,-0.09125170008856273,-0.007460621204453432,0.042026558473019615,False,576
MBTO,121.0,115.314064,-0.04699119378712553,-0.02884421860876163,0.2,-0.1001314904078964,-0.003153449444731371,0.04838787717246929,False,577
LCKM,109.0,103.863266,-0.04712601407952264,-0.03201251948645356,0.0,-0.09332790549741973,-0.0041985328044366055,0.04204982298743766,False,578
BCIC,126.0,120.05083,-0.047215597970145094,-0.04152812655009919,0.0,-0.08374345567491323,-0.006322200714595727,0.03903788989555005,False,579
BRRC,57.0,54.291527,-0.04751699347245068,-0.06445941590426263,0.2,-0.0851389567057292,0.011964617277446554,0.047104688708498876,False,580
BMTR,118.0,112.36516,-0.04775292348053497,-0.05055185091697567,0.2,-0.08227183455127778,-0.00959856712211995,0.036301592734737015,False,581
KIOS,95.0,90.44873,-0.04790813245271382,-0.02736487137643917,0.2,-0.12546918367084703,0.018284896047491794,0.07408321531864356,False,582
GPRA,102.0,97.04858,-0.04854336906881893,-0.05463962928921573,0.2,-0.08405389224781709,0.014902720731847442,0.043655921314002734,False,583
DEFI,105.0,99.89869,-0.048583911714099724,-0.051361374627976186,0.2,-0.10441927955264138,0.02126389276413685,0.0579149566934285,False,584
TFAS,193.0,183.61234,-0.04864078185718912,-0.03981239437439277,0.0,-0.0733866795357027,0.005833917331201444,0.023371920110784518,False,585
IKAI,20.0,19.02402,-0.04879907608032228,-0.07252063751220705,0.4,-0.21644287109374996,0.08283746719360348,0.18062278414370933,False,586
GSMF,88.0,83.696175,-0.04890714125199751,-0.05012711611661047,0.2,-0.10089634982022369,0.018442708795720898,0.05042039877827557,False,587
WEHA,105.0,99.821846,-0.04931578136625745,-0.05110938662574405,0.0,-0.05829011462983631,0.012290794735863142,0.011790795515367365,False,588
AIMS,392.0,372.5799,-0.049541084133848876,-0.0457218715122768,0.2,-0.13188339544802297,0.01743184303750798,0.08585963306865851,False,589
LFLO,486.0,461.71124,-0.04997689203960902,-0.011470967359503592,0.2,-0.1383805891123328,-0.002579363285268732,0.0908809982468142,False,590
TOOL,65.0,61.7429,-0.05010922945462739,-0.04107184776893025,0.0,-0.09544790414663462,0.0018041053185096079,0.042826604323706004,False,591
INPS,665.0,631.45886,-0.05043774597626878,-0.034974521264097724,0.0,-0.08182780559797928,0.017336811266447327,0.028120230345087056,False,592
MAPA,650.0,617.1731,-0.05050291090745194,-0.041687387319711555,0.2,-0.13707587139423077,0.02757671649639424,0.08793260036345998,False,593
CGAS,155.0,147.14268,-0.05069231587071572,-0.04801556987147182,0.0,-0.06541381835937496,-0.004351924773185467,0.01375992732972301,False,594
CNKO,37.0,35.123146,-0.05072572037980363,-0.062401230270798136,0.0,-0.06983803414009712,-0.024298095703125,0.022662335631198013,False,595
SSIA,1650.0,1566.2957,-0.05072984730113637,-0.04340095288825763,0.0,-0.07309417909564393,0.015529415246212142,0.021639733545983874,False,596
INTP,4670.0,4429.989,-0.051394288677730195,-0.030158633899892928,0.0,-0.10539796490230194,-0.0008354523554603866,0.05756039545492535,False,597
ASJT,159.0,150.81721,-0.051464114399076236,-0.044663915094339646,0.0,-0.08340523197965796,-0.012951103546334507,0.029533426367763585,False,598
PTSN,276.0,261.7867,-0.05149737371914631,-0.06986159172610962,0.2,-0.08445713209069292,0.009897314983865457,0.04034426363083924,False,599
MPOW,106.0,100.540115,-0.05150834569391216,-0.057869317396631814,0.0,-0.06631695729381637,-0.004484471734964623,0.016437548128740053,False,600
ESIP,130.0,123.291626,-0.051602912315955506,-0.060263178898738,0.2,-0.08809992863581728,0.01650485698993389,0.04030633409689162,False,601
BAUT,29.0,27.489157,-0.0520979914171942,-0.03187797809469284,0.0,-0.10455974710398704,0.0085518014842066,0.04914037415910483,False,602
ANDI,17.0,16.112375,-0.05221322003532856,-0.08659418891457948,0.2,-0.14011780233944165,0.03378596586339613,0.1336540490096123,False,603
OKAS,102.0,96.66494,-0.052304481057559735,-0.06892574534696694,0.0,-0.0781584047803692,-0.004358149509803932,0.030898637423571428,False,604
SICO,108.0,102.344635,-0.05236447652180989,-0.044229436803747135,0.0,-0.07695695382577401,0.001423447220413787,0.0226081682813083,False,605
TMAS,121.0,114.614456,-0.05277306422714358,-0.059104541116509535,0.0,-0.07908680813371642,0.0034670490863894622,0.028023843876139754,False,606
AKSI,228.0,215.93417,-0.052920291298314125,-0.030362848649945207,0.0,-0.09079252544202301,-0.010302573756167744,0.033537820485851313,False,607
WSBP,14.0,13.258699,-0.05295008250645228,-0.054229463849748916,0.0,-0.054904188428606296,-0.020036043439592643,0.0023712751544926864,False,608
OLIV,51.0,48.294228,-0.05305431590360756,-0.04210363649854476,0.0,-0.1041439879174326,-0.0001179713828890927,0.052050618643137155,False,609
IBOS,64.0,60.60213,-0.053091692924499514,-0.008304953575134277,0.4,-0.18119913339614868,0.013717150688171387,0.11991362519522623,False,610
GWSA,130.0,123.05339,-0.05343541071965143,-0.05687291071965139,0.2,-0.10079330444335935,-0.0019999812199518853,0.051156690334164444,False,611
VICI,570.0,539.5299,-0.05345623886376098,-0.0552273934347588,0.0,-0.07862606650904609,-0.00492898506030699,0.025862459999102243,False,612
NICE,252.0,238.38364,-0.054033212813120055,-0.042623005216083865,0.0,-0.07543681311228918,0.0033132038419208865,0.019319037640727607,False,613
HEAL,800.0,756.69836,-0.05412710571289061,-0.044170684814453076,0.0,-0.10189132690429689,0.008007690429687497,0.04500642084609784,False,614
MERI,103.0,97.414474,-0.05422837340716018,-0.05028852444250609,0.0,-0.08631259955248782,-0.011912255148285778,0.031149959932694777,False,615
KMDS,545.0,515.21497,-0.05465143886181192,-0.036130796659977094,0.0,-0.09789387274225916,-0.0002449021645642313,0.03865739988843202,False,616
SKLT,204.0,192.76314,-0.055082642798330264,-0.05505393533145675,0.0,-0.0741049373851103,-0.003857092763863412,0.020260462432926483,False,617
PSAT,850.0,803.1501,-0.05511756089154411,-0.0717822265625,0.2,-0.09084988223805146,0.004818933823529381,0.04296069054395443,False,618
CASH,232.0,219.20906,-0.05513337233970905,-0.05139318005792026,0.2,-0.12264475329168907,0.028755556303879316,0.07605506553652966,False,619
ASLC,64.0,60.456158,-0.05537251234054565,-0.06113290786743164,0.2,-0.08015909194946289,-0.002673041820526123,0.032819089822455856,False,620
VOKS,206.0,194.5686,-0.05549224557228458,-0.036154663678511834,0.2,-0.11385720262249696,-0.0075366714625682675,0.054848599543589845,False,621
BDMN,4200.0,3966.8867,-0.05550318545386905,-0.0335493396577381,0.0,-0.08894051106770835,-0.01754052734374998,0.030330720817474312,False,622
EMAS,6600.0,6232.6377,-0.055660925662878794,-0.15143436316287884,0.2,-0.18845353929924238,0.04124782492897727,0.18525558704066564,False,623
AGAR,630.0,594.69727,-0.05603612506200395,-0.05945754278273807,0.2,-0.1002227105034722,0.021605166480654758,0.054605558808820114,False,624
PRIM,102.0,96.22363,-0.05663103589824603,-0.06771401798023902,0.0,-0.08734326830097269,0.005101312375536149,0.033146278958419484,False,625
BINO,108.0,101.85929,-0.05685844421386719,-0.05214295563874416,0.2,-0.13444842585810912,0.023364582768193042,0.07717916148781302,False,626
AHAP,92.0,86.7157,-0.057438045999278195,-0.045840636543605595,0.0,-0.10020476631496264,0.016819862697435427,0.04000556066131509,False,627
AMAN,250.0,235.58188,-0.05767247314453128,-0.06714111328125005,0.0,-0.09328476562500003,0.006050122070312502,0.03816953814824133,False,628
IOTF,53.0,49.938133,-0.05777102776293486,-0.06362440001289804,0.0,-0.07039265182783021,6.132305793005166e-06,0.014442470970646985,False,629
HERO,334.0,314.67508,-0.05785906214913923,-0.05200177038501119,0.0,-0.07216648855609095,-0.00299006479229047,0.014432911901854617,False,630
BISI,660.0,621.73456,-0.05797794226444131,-0.04677373712713073,0.2,-0.12551574707031252,0.01011017770478222,0.06604136227951649,False,631
GEMS,6475.0,6099.1816,-0.05804144546332046,-0.05571888573841699,0.0,-0.08480697997104247,-0.0038110521235521057,0.025938547999391385,False,632
SMDR,300.0,282.5781,-0.05807297770182294,-0.0668674723307292,0.0,-0.08262677001953127,0.004824015299479156,0.027163449544718925,False,633
JPFA,2150.0,2025.134,-0.05807718250363374,-0.07558253088662792,0.0,-0.0905181686046512,0.006825467841569765,0.037262114388916606,False,634
FISH,615.0,579.24713,-0.058134745776168686,-0.05128134130462403,0.0,-0.08218879017403453,0.007742890148628057,0.025028506742123844,False,635
CAKK,134.0,126.18459,-0.058323874402402054,-0.05920301978267839,0.2,-0.12097356995539876,-0.002512234360424448,0.060549430138880776,False,636
CTBN,4220.0,3973.3867,-0.058439119890402846,-0.05109759145438386,0.0,-0.0866788775547986,-0.005997181390699024,0.026273426392492753,False,637
FUTR,280.0,263.59686,-0.05858261108398437,-0.04866627284458702,0.0,-0.11926084245954238,0.06150820050920762,0.05735309317594218,False,638
PTMP,62.0,58.361988,-0.05867766103436871,-0.08195181815854968,0.2,-0.11306647023847027,0.01330020043157758,0.05996043346609784,False,639
CTRA,575.0,541.2546,-0.058687648607336954,-0.05834196671195657,0.0,-0.08234867527173913,0.013937393851902135,0.024047377329260843,False,640
WIRG,57.0,53.65376,-0.05870599579392819,-0.08256477222108005,0.2,-0.08838102106462445,0.022541608308490946,0.054033219562271105,False,641
RANC,520.0,489.4522,-0.05874580970177283,-0.07447503896859975,0.0,-0.08352074256310096,-0.021659017709585338,0.029595050861838123,False,642
TBLA,620.0,583.10974,-0.059500358335433455,-0.06273144137474795,0.0,-0.09051139585433468,0.01302915511592737,0.031336882647902825,False,643
SKRN,410.0,385.579,-0.059563390220083834,-0.049960103849085336,0.0,-0.1117101455316311,0.003567073170731705,0.049337034001494175,False,644
ESTA,196.0,184.29373,-0.05972581201670122,-0.03962878791653379,0.0,-0.10594519790338011,-0.0053575009715800094,0.04206971656188993,False,645
WIIM,1705.0,1603.062,-0.059787676411290326,-0.08152263563049855,0.0,-0.09774605938416421,0.023061280012829942,0.043630613189539896,False,646
TLDN,520.0,488.83917,-0.05992468026968149,-0.050931842510516856,0.0,-0.0875614224947416,0.006495866041917075,0.02668370929680325,False,647
LPLI,244.0,229.23589,-0.06050869050573129,-0.04408020269675328,0.0,-0.10172155411517034,0.024986967493276113,0.043132640233589675,False,648
DFAM,80.0,75.12784,-0.060902042388916014,-0.060137367248535134,0.0,-0.08751380920410157,-0.011862907409667977,0.026313889627340572,False,649
CSRA,745.0,699.62366,-0.06090782626363256,-0.06819077050125844,0.0,-0.07428104682256711,-0.010269701656879193,0.018351193378711408,False,650
PTRO,4710.0,4421.952,-0.061156583814357776,-0.10084759819532907,0.2,-0.14158746350849258,0.027754466062898064,0.13419700346568045,False,651
ADHI,159.0,149.25595,-0.061283289111635185,-0.05927434957252353,0.0,-0.083554211502555,0.007149155334856517,0.02393407750601313,False,652
PALM,292.0,274.09726,-0.06131071325850814,-0.05545482896778686,0.0,-0.11047191881153681,0.012212173252889525,0.04686904970315366,False,653
KMTR,234.0,219.639,-0.06137169731987848,-0.04999587882278311,0.0,-0.10378376235309832,-0.005125466371193909,0.04530941924643009,False,654
MHKI,134.0,125.74837,-0.06157934843604242,-0.03445981153801303,0.0,-0.12222016747318096,-0.009504198672166541,0.06592129252674528,False,655
BABY,191.0,179.11774,-0.06221078603055463,-0.09118157032272578,0.2,-0.10086109101460242,0.014423757822725803,0.049047718159088115,False,656
MORA,6250.0,5859.4897,-0.062481656249999996,-0.03372953125,0.2,-0.14882764062499998,0.0018349999999999866,0.09139614005380103,False,657
AVIA,324.0,303.67767,-0.06272317391854745,-0.0691950291763117,0.0,-0.09651833993417244,-0.008000013563368057,0.034764285170579265,False,658
EMDE,69.0,64.65465,-0.06297614056131114,-0.04744134433027625,0.2,-0.12056475653164626,-0.010558683975883155,0.05681448679356051,False,659
OMED,218.0,204.25204,-0.06306398724197246,-0.06266378700186348,0.0,-0.0806108107260608,-0.004503988563467609,0.0191071583969826,False,660
BEER,76.0,71.168724,-0.0635694001850329,-0.037365963584498396,0.0,-0.12107407419305097,-0.01974607768811676,0.05401609040870313,False,661
MDRN,26.0,24.345291,-0.06364264855018031,-0.06364264855018031,0.0,-0.06364264855018031,-0.06364264855018031,0.0,False,662
ASHA,56.0,52.42978,-0.06375391823904855,-0.0573456627982003,0.0,-0.09324042456490655,0.004329354422433029,0.03068197096771787,False,663
DATA,2060.0,1928.5105,-0.0638298316140777,-0.05608194591929616,0.0,-0.10262683461013351,-0.013455798695388354,0.04009793451861281,False,664
HOKI,54.0,50.539093,-0.06409088417335793,-0.06889025370279944,0.0,-0.09782641375506367,0.004789366545500573,0.03401883132000802,False,665
KOPI,212.0,198.25833,-0.06481923517191186,-0.0717864126529334,0.0,-0.07827722801352446,0.02075513443856867,0.01674444111220691,False,666
BESS,900.0,841.6087,-0.06487919108072918,-0.06724527994791663,0.0,-0.06850915527343755,-0.027001586914062493,0.004774698410969788,False,667
APLN,124.0,115.95372,-0.06488930486863657,-0.06358903454196063,0.0,-0.08694083921370965,0.029232665031186954,0.021300890665134267,False,668
ARTA,2500.0,2336.979,-0.06520839843750001,-0.06333935546875002,0.0,-0.09588806640625003,0.002814335937500001,0.032050284136555626,False,669
PNLF,228.0,213.12436,-0.0652440121299342,-0.041118956448739086,0.0,-0.11046303196957234,-0.007024718167489041,0.040197546608549566,False,670
FUJI,202.0,188.7496,-0.06559602340849324,-0.06559602340849324,0.0,-0.06559602340849324,-0.0451456202138768,0.0,False,671
INPC,140.0,130.78018,-0.06585589817592075,-0.07391629900251118,0.0,-0.11249252319335937,-0.0027607727050781294,0.04707054175634299,False,672
SRSN,71.0,66.3064,-0.0661070487868618,-0.059386884662467,0.0,-0.08296384139799733,-0.018138552383637752,0.015202057584798048,False,673
ERAA,420.0,392.10422,-0.0664185296921503,-0.06715763636997762,0.0,-0.11819254557291665,0.005475347609747039,0.05118082487135368,False,674
ASRI,117.0,109.195175,-0.06670786539713543,-0.0785371829301883,0.0,-0.10167228503104968,0.00926368909004407,0.037192634046947844,False,675
SPRE,93.0,86.78511,-0.06682675269342238,-0.08137873167632725,0.2,-0.14084078881048384,0.022701189594884076,0.09436555237651185,False,676
BMBL,33.0,30.794022,-0.06684786478678387,-0.0637004158713601,0.0,-0.09747672803474194,-0.007747788862748628,0.029062113830022496,False,677
WOOD,236.0,220.19998,-0.06694923012943592,-0.07095466225834213,0.0,-0.09458783683130298,0.03802432044077728,0.031231286375125584,False,678
NCKL,895.0,834.833,-0.06722571687325415,-0.07889438394727655,0.2,-0.12289340738477653,0.005357413691515389,0.05916162421098146,False,679
CSIS,182.0,169.71472,-0.06750152923248627,-0.07007951002854562,0.0,-0.0963368174793956,-0.009497288295200934,0.034669756122021694,False,680
PBRX,26.0,24.233677,-0.06793545943040118,-0.06251540550818813,0.2,-0.11676987868088944,0.04408884782057541,0.050772813074294654,False,681
HAIS,187.0,174.2779,-0.06803264107933657,-0.041732135303517714,0.0,-0.12659624885110293,-0.011358773134608957,0.059528311799074966,False,682
KLBF,725.0,675.672,-0.06803865840517243,-0.06791579674030168,0.0,-0.11449073949353453,0.01085533405172412,0.04750817684429902,False,683
TLKM,2630.0,2450.1738,-0.0683750074263308,-0.0618126930846008,0.2,-0.12997605008317492,0.024662491831036148,0.05943079415791365,False,684
INOV,142.0,132.28526,-0.0684136296661807,-0.073546073806118,0.0,-0.09317080000756495,0.021994469870983725,0.02724355598251712,False,685
CLAY,2600.0,2421.2354,-0.06875563401442306,-0.07748065655048075,0.0,-0.0971369441105769,-0.03586499023437499,0.03048776116881262,False,686
JAST,84.0,78.21927,-0.06881824675060455,-0.06878525870186947,0.0,-0.07951235089983255,-0.010995101928710982,0.01096708538173406,False,687
BUKA,118.0,109.87323,-0.06887091943773174,-0.05398339740300584,0.0,-0.1116164514573954,0.020559808763407017,0.04236990433281692,False,688
NINE,73.0,67.95957,-0.06904692976442099,-0.03338936583636554,0.0,-0.12672163035771616,-0.0007239772848887327,0.05260354665638322,False,689
WOMF,262.0,243.7894,-0.06950611376580393,-0.05603103055298786,0.0,-0.09993658866591126,-0.02344201939706585,0.027219870636886988,False,690
PDPP,308.0,286.51108,-0.06976920784293832,-0.04906483439656051,0.2,-0.1519207446606128,-0.010783247514204564,0.07666673985216697,False,691
AADI,9225.0,8578.647,-0.07006527354336042,-0.06781250000000005,0.0,-0.09786733570460704,0.021498136856368567,0.026309453091046518,False,692
DSFI,80.0,74.368546,-0.07039316177368164,-0.07456264495849607,0.0,-0.10348829269409184,0.017210655212402327,0.033903770656482445,False,693
TEBE,1095.0,1017.80206,-0.07050041024543378,-0.060721117829623306,0.0,-0.11059235873287672,0.034157792879566176,0.038240066549842563,False,694
KRYA,59.0,54.835865,-0.07057859776383739,-0.06902274438890366,0.0,-0.10916454509153202,0.023787146099543133,0.039297909889862134,False,695
HALO,71.0,65.97557,-0.07076655643087038,-0.046384999449823994,0.0,-0.1450650819590394,-0.012265337017220523,0.07697061068042417,False,696
SRAJ,12050.0,11195.343,-0.07092589470954358,-0.05976983921161827,0.0,-0.09779031055497926,-0.02131562824170121,0.025432940199412366,False,697
BNLI,2170.0,2014.6582,-0.07158609275993662,-0.04079972368231566,0.0,-0.13948583084317395,-0.003401115171370983,0.0617692471762629,False,698
STAA,1080.0,1002.66345,-0.07160791467737268,-0.07250298394097221,0.0,-0.13366269712094908,0.037011131004050915,0.0628981739843299,False,699
SOTS,580.0,538.14056,-0.0721714414399246,-0.08721850165005385,0.4,-0.1752034575363685,0.0010054594894934876,0.10737954332529422,False,700
VAST,117.0,108.53373,-0.07236125978649169,-0.08580121423444176,0.0,-0.08779638567541395,-0.01868575658553686,0.02869942282132294,False,701
AGRO,147.0,136.35654,-0.07240453188111182,-0.0602268556348321,0.0,-0.11259186413823337,-0.0011728092115752542,0.03979577645700474,False,702
COAL,21.0,19.47857,-0.07244903927757626,-0.0732574462890625,0.0,-0.0732574462890625,-0.016154734293619778,0.0018076530311706722,False,703
PGAS,1500.0,1391.2024,-0.07253170572916667,-0.06474381510416671,0.0,-0.12492763671874998,0.01278066406249998,0.049754428500376015,False,704
OMRE,1090.0,1009.8815,-0.07350324998208142,-0.07766975612815363,0.0,-0.09275283113532111,-0.021345483622419725,0.023364919395289157,False,705
DAAZ,1520.0,1407.8123,-0.07380775853207237,-0.139250343724301,0.4,-0.16834143387643913,0.015820392809416117,0.11634558266110874,False,706
CPIN,3290.0,3045.4878,-0.07431981976633736,-0.06255439364076743,0.2,-0.13726526880699091,-0.0009289513677811501,0.06205188634551229,False,707
OILS,232.0,214.64352,-0.07481238266517379,-0.04107047771585404,0.0,-0.1447454518285291,0.018783161557953943,0.06525198297883178,False,708
PGUN,7525.0,6959.5264,-0.07514594580564786,-0.05252958887043191,0.0,-0.1339154381229236,0.011919370328073086,0.05280537946824848,False,709
VINS,139.0,128.48192,-0.0756696303113759,-0.06701627223611739,0.0,-0.14520512862171198,0.004812797711049898,0.06812555713359428,False,710
AGII,3130.0,2892.6428,-0.07583296413238819,-0.0892835525658946,0.0,-0.09883370981429711,0.00589977910343451,0.0270700542126734,False,711
BEKS,21.0,19.405506,-0.07592833382742745,-0.07273174467540922,0.0,-0.13408199491954986,0.007865760439918112,0.05878331035453377,False,712
PSAB,434.0,400.66278,-0.07681384108582949,-0.07632509574362756,0.0,-0.1159611293247768,0.00988986107610892,0.039947343504325876,False,713
LAJU,66.0,60.893333,-0.07737372427275686,-0.08256091493548767,0.0,-0.0914131511341442,0.0077565048680160896,0.015327174114682726,False,714
KIJA,130.0,119.90635,-0.07764351477989781,-0.07029994084284852,0.0,-0.12078156691331125,0.00031973031850962563,0.04169980217973497,False,715
BIPP,61.0,56.24185,-0.0780024043849257,-0.06564881371670084,0.0,-0.11740124811891647,0.014847877377369412,0.04126798648885344,False,716
TINS,3800.0,3503.3267,-0.0780719700863487,-0.0683486456620066,0.0,-0.13961009457236845,0.016534410978618408,0.06356494219273803,False,717
DKHH,62.0,57.15194,-0.0781944767121346,-0.07422121109501012,0.2,-0.13765576270318805,0.00782777109453756,0.06528618471835695,False,718
BDKR,155.0,142.83795,-0.078464847687752,-0.07368114840599793,0.0,-0.12095716907132052,0.006871633222026196,0.04041366273701634,False,719
ROCK,1790.0,1649.5375,-0.07847068403020249,-0.0399066264402933,0.0,-0.15715918514315638,0.009356177985335213,0.07575734668781563,False,720
HDFA,92.0,84.7654,-0.07863686603048572,-0.09240100694739295,0.0,-0.11092938962190049,-0.0194762188455333,0.03560427887088346,False,721
WINE,151.0,139.10802,-0.07875483430774007,-0.08939285783578232,0.0,-0.11700215118610306,-0.017236732331332782,0.04051628168657557,False,722
AYLS,153.0,140.94626,-0.07878264383552902,-0.08559602226307195,0.0,-0.10955710816227535,-0.0190359477124183,0.03216521948178852,False,723
INKP,8400.0,7735.624,-0.07909234328497025,-0.09240077427455362,0.2,-0.16445140438988098,0.01618766276041659,0.08885790983691631,False,724
FOLK,210.0,193.38132,-0.07913661411830356,-0.07750919886997765,0.0,-0.11188900902157739,-0.014531918480282768,0.033418682883828946,False,725
YOII,84.0,77.2833,-0.07996072315034412,-0.09001659211658297,0.0,-0.10951267424083892,-0.008804575602213528,0.03739903933152121,False,726
PWON,266.0,244.7273,-0.07997262137276787,-0.06664058140345985,0.0,-0.10589794646528432,-0.009376927425986836,0.02388794091120856,False,727
MBMA,505.0,464.60516,-0.0799897509282178,-0.10189795163598392,0.2,-0.11816610506265465,0.015089594774907188,0.061904185592110826,False,728
BBRM,117.0,107.638596,-0.080011964455629,-0.04684226533286595,0.0,-0.14119434845753204,0.014031917213374757,0.05428492545703534,False,729
ENRG,1290.0,1186.4017,-0.08030868648558624,-0.09098203200702515,0.2,-0.18531650277071224,0.05400392517562982,0.12126046011458966,False,730
UVCR,147.0,135.16,-0.08054413049399448,-0.04966455576371176,0.0,-0.15776591398278061,0.02918229914035928,0.076865510209055,False,731
PIPA,120.0,110.32283,-0.08064308166503906,-0.0643777847290039,0.0,-0.13938030242919924,0.0016113789876302186,0.05450577977320399,False,732
TPMA,466.0,428.22394,-0.08106452385243428,-0.08256740324486989,0.0,-0.09286457110883853,-0.01618791179083958,0.013370097222585902,False,733
SMGA,71.0,65.23222,-0.08123628858109595,-0.11434307904310625,0.2,-0.12116814196949274,0.008775458537356973,0.06121730785344191,False,734
TAMU,21.0,19.291597,-0.08135252453031991,-0.10084479195731022,0.2,-0.15942041306268603,0.058426157633463524,0.09161329186333621,False,735
MPRO,11000.0,10103.67,-0.08148449928977272,-0.10582457386363642,0.0,-0.11576143465909088,-0.030517542613636393,0.041621190205635684,False,736
FORE,690.0,633.63904,-0.08168257118999096,-0.08862649668817935,0.2,-0.15324473505434782,0.038894874462183,0.07755135113562801,False,737
ITIC,212.0,194.66495,-0.08176914431014151,-0.0801135369066922,0.0,-0.10895060413288618,0.00021676117519160433,0.02833611451164907,False,738
WIFI,2000.0,1836.4407,-0.08177971191406253,-0.1412904052734375,0.2,-0.17630324707031253,0.049604724121093735,0.12043253657514302,False,739
DSSA,850.0,780.4581,-0.08181396484374999,-0.07531307444852942,0.0,-0.10011520565257352,-0.05499421243106619,0.017299782662297605,False,740
AWAN,165.0,151.49245,-0.08186397668087124,-0.08289933638139202,0.0,-0.09649968927556822,-0.014330148407907162,0.017479403109525046,False,741
SIMP,615.0,564.44385,-0.08220516545985772,-0.06872915872713414,0.0,-0.11495782123348577,-0.009080959413109735,0.030654636505297293,False,742
AYAM,422.0,387.30887,-0.08220650189295764,-0.08705160855117,0.0,-0.0999744144096194,0.0018751822376703586,0.019109452155958266,False,743
PURI,136.0,124.79977,-0.08235464657054228,-0.10147274241727944,0.0,-0.10950413872213924,0.018079825008616712,0.03717979507954274,False,744
PTPS,150.0,137.54971,-0.08300187174479168,-0.060999755859375004,0.0,-0.13252803548177086,-0.0044014485677083435,0.04719780633868666,False,745
SILO,2200.0,2016.6941,-0.08332080078125,-0.07354148171164776,0.0,-0.1144081365411932,-0.04152807617187502,0.028857008398947732,False,746
NELY,200.0,183.30675,-0.08346626281738283,-0.0832022857666016,0.0,-0.08691476440429687,0.014837280273437536,0.0032824508679514964,False,747
BRIS,1820.0,1668.0549,-0.08348636836796015,-0.08264736972012365,0.0,-0.10978802691449172,-0.007787227421016474,0.025887380759786756,False,748
DART,126.0,115.45488,-0.0836914546906002,-0.0933446732778398,0.0,-0.11368341597299725,-0.014048670208643355,0.032477199182206984,False,749
SKBM,550.0,503.9328,-0.08375850053267045,-0.07289794921875004,0.0,-0.13598632812499997,0.001237016157670423,0.05245696916623942,False,750
RUIS,208.0,190.53012,-0.08398980360764725,-0.12975912827711844,0.4,-0.18070496779221754,0.003830249492938709,0.10718253512687008,False,751
SCMA,208.0,190.40378,-0.0845971914438101,-0.06693282494178188,0.0,-0.12256510807917669,-0.008542486337515042,0.04007703591907674,False,752
RUNS,64.0,58.54419,-0.08524701595306397,-0.05262291431427002,0.0,-0.15820323228836058,-0.0028793811798095703,0.07994298410323464,False,753
TARA,30.0,27.44141,-0.08528639475504556,-0.07866083780924482,0.0,-0.11668317159016925,0.006428387959798143,0.030901514256382392,False,754
AEGS,44.0,40.241165,-0.08542808185924182,-0.06263074007901281,0.0,-0.15016479492187498,-0.027627390081232252,0.0600612819055638,False,755
NOBU,474.0,433.36786,-0.08572173943499473,-0.08802595822619985,0.0,-0.09745109976595465,-0.012667589147382663,0.014257016624188074,False,756
HRUM,835.0,763.36194,-0.08579410027601046,-0.08519791471744009,0.0,-0.09722773203592812,0.007810657980913183,0.011568929777240439,False,757
IKAN,84.0,76.7417,-0.08640836079915364,-0.12294678460983999,0.2,-0.13945624941871276,0.0138153076171875,0.07473088597946793,False,758
CSMI,74.0,67.569435,-0.08689954603040542,-0.11000081655141469,0.0,-0.12020389453784838,0.0036181063265413593,0.04688121257745487,False,759
PBSA,770.0,703.04474,-0.08695493227475651,-0.12332232586749192,0.2,-0.15434234222808443,0.010698686079545494,0.07888728984730892,False,760
SINI,7450.0,6800.2314,-0.08721730809563757,-0.093837038590604,0.2,-0.14772983955536914,-0.01995661178691275,0.07473555451153503,False,761
BBNI,3530.0,3221.5835,-0.08737014208569407,-0.09843175958303829,0.0,-0.10397651823654393,-0.0033041840031869498,0.02938956975259234,False,762
NAYZ,60.0,54.75747,-0.08737546284993489,-0.09140796661376949,0.0,-0.11034603118896484,-0.020818494160970057,0.023823448083777475,False,763
MITI,162.0,147.80295,-0.08763616114486883,-0.08304002549913192,0.0,-0.11113518608940973,-0.0398974006558642,0.02196185962796749,False,764
MTLA,570.0,519.9638,-0.08778278551603617,-0.07458624588815788,0.0,-0.11165761847245066,-0.048558563767817996,0.021175751710388328,False,765
MDKA,2720.0,2478.9246,-0.08863064036649815,-0.0846002017750459,0.0,-0.11227370318244487,-0.009553312413832681,0.02452055781151953,False,766
PMUI,95.0,86.58004,-0.08863112600226149,-0.13756505062705593,0.2,-0.2028458123458059,0.03961496453536184,0.16132116232564028,False,767
ADMR,1515.0,1380.3346,-0.08888808851588285,-0.09959753055383669,0.0,-0.13056329607570136,0.033518670714727715,0.051522460262856354,False,768
SQMI,67.0,61.018726,-0.08927271828722597,-0.09144370235613919,0.0,-0.10096145174396569,-0.022003948154734165,0.015211052342106584,False,769
BLUE,2430.0,2213.011,-0.08929589039994856,-0.11271410027649176,0.2,-0.1527981328768004,0.06746573993698553,0.08988223332842027,False,770
MLPL,97.0,88.310875,-0.08957857741523034,-0.07488455231656732,0.0,-0.1320489942413015,-0.006413033082313136,0.03981425985858096,False,771
ZATA,66.0,60.08777,-0.08957922964385064,-0.08122785163648205,0.0,-0.14209493001302084,-0.02792867024739585,0.0491970293125746,False,772
KBLV,132.0,120.138626,-0.08985895099061907,-0.08704584295099427,0.0,-0.1093942122025923,-0.008172584302497631,0.01952435544393552,False,773
GRPM,228.0,207.47395,-0.09002654761598823,-0.0590405380516722,0.2,-0.20886035049170776,0.023209635416666652,0.11298620193325731,False,774
BLTA,33.0,30.027792,-0.09006687511097307,-0.09281713312322448,0.2,-0.16468223802971121,0.0205094308564157,0.08322826332322641,False,775
PANI,6250.0,5685.9165,-0.09025334375,-0.08913000000000004,0.0,-0.11830665625,0.006685984374999965,0.029436284056161627,False,776
PEHA,262.0,238.23982,-0.0906877124582538,-0.09056353387031846,0.0,-0.10364068883065955,0.0029148480364384445,0.012889634258409359,False,777
GIAA,54.0,49.10148,-0.09071337381998697,-0.06287765502929688,0.0,-0.1540549949363426,-0.001643272682472463,0.0689187749290468,False,778
GOLD,262.0,238.17673,-0.09092847518338501,-0.05835065768875236,0.2,-0.1755054153558862,-0.002495895269262882,0.08146131051175806,False,779
BBHI,945.0,858.98035,-0.09102608816964286,-0.09179454985119051,0.0,-0.09337841538525134,-0.03266752697172617,0.002544243866844814,False,780
SIDO,362.0,328.89325,-0.09145506126445961,-0.10354234895653491,0.0,-0.12823798248122412,0.013106170148480655,0.04031854557971073,False,781
SUPA,605.0,549.3864,-0.09192325308303202,-0.04418904958677683,0.0,-0.20607907129713326,0.02091572911286157,0.12410317697141052,False,782
ACRO,61.0,55.388866,-0.09198575879706714,-0.08017955842565316,0.0,-0.11462097167968754,-0.010741849805487957,0.021394656262948817,False,783
KOKA,193.0,175.21475,-0.09215155883156571,-0.112094938446203,0.0,-0.15004911274489957,0.01004401488625326,0.06351596747101422,False,784
HAJJ,106.0,96.20079,-0.09244541672040832,-0.10761707233932782,0.0,-0.15623679970795254,0.00020976516435726732,0.06618538835699848,False,785
CHEM,64.0,58.05857,-0.09283483028411865,-0.09874093532562256,0.0,-0.12479217052459717,0.003435862064361572,0.03248216511995087,False,786
VTNY,63.0,57.11419,-0.09342558119032118,-0.11060975089905756,0.2,-0.19114488874162944,0.008016434926835325,0.10008895375997096,False,787
POLU,12250.0,11094.744,-0.09430655293367347,-0.07959263392857141,0.0,-0.16688300382653062,0.009463919005102062,0.0678537773343524,False,788
IFSH,1155.0,1044.7693,-0.09543779381425865,-0.0590923887310606,0.4,-0.2634522118506493,0.015138917072510827,0.1549641707435359,False,789
EMTK,530.0,479.4164,-0.09544078898879718,-0.09464779260023581,0.0,-0.13657658415020638,0.02155390901385614,0.040861792025335415,False,790
SLIS,63.0,56.93473,-0.0962741306849888,-0.07929913959805923,0.0,-0.1404831174820188,-0.011672053261408744,0.04581534988087833,False,791
MOLI,264.0,238.56961,-0.09632727883078836,-0.06466125719475024,0.0,-0.17061267043604994,0.017578171238754714,0.06978932974886125,False,792
BBSS,95.0,85.77391,-0.09711669921875002,-0.11353020918996715,0.0,-0.12037286055715461,-0.008697991622121726,0.030108952102297963,False,793
BBRI,3040.0,2744.718,-0.09713226318359373,-0.10716319837068256,0.0,-0.12771709241365128,-0.013918922825863466,0.044535217929254536,False,794
TMPO,113.0,101.98688,-0.09746127508382882,-0.11528980626469165,0.2,-0.14100363402240043,-0.00932135117792452,0.06681141470857342,False,795
BHIT,26.0,23.462704,-0.09758836306058445,-0.09280131413386417,0.0,-0.13295098818265477,0.020976858872633695,0.033349766762250495,False,796
KLIN,120.0,108.282,-0.09765008290608726,-0.09433689117431643,0.0,-0.1385351053873698,0.013307838439941367,0.03935809634776648,False,797
APEX,150.0,135.3314,-0.09779059855143231,-0.059586079915364576,0.4,-0.24013318888346358,0.02374405924479168,0.13197535112941544,False,798
TRUE,50.0,45.092117,-0.09815765380859379,-0.09714859008789067,0.0,-0.10017578125,-0.08596588134765626,0.002256335073121009,False,799
ENAK,252.0,227.13101,-0.09868643624441964,-0.09916190495566712,0.0,-0.12940963260711186,0.008747173490978422,0.031030231096699664,False,800
ISAP,25.0,22.482683,-0.10069270324707032,-0.10612159729003912,0.0,-0.11806594848632812,0.003305679321289068,0.02272570526178213,False,801
LMAX,110.0,98.900314,-0.1009061778675426,-0.05238564231178977,0.0,-0.18314962213689634,0.041539944735440336,0.07501148005589944,False,802
KUAS,91.0,81.79176,-0.10118943099137194,-0.12902362530048073,0.2,-0.15872564630194028,0.010590052342676782,0.07771170029460651,False,803
GMTD,1280.0,1150.124,-0.10146562576293942,-0.06158180236816402,0.0,-0.1723867034912109,-0.0025929641723632544,0.06368149185593801,False,804
SGRO,4070.0,3656.464,-0.10160584545838454,-0.09823462933814497,0.0,-0.18071552998310814,-0.020292860776259226,0.07658037429759072,False,805
NETV,51.0,45.79833,-0.10199354583141851,-0.1000690834195006,0.0,-0.11622428146063113,-0.03797239415785845,0.014168341975898833,False,806
IMPC,1545.0,1386.9033,-0.10232797962176376,-0.06482715791868932,0.0,-0.181811128387945,0.003999481694983808,0.08490126960894052,False,807
PGJO,760.0,682.1894,-0.10238234670538651,-0.10317455090974503,0.2,-0.21918977436266446,0.019065439324629896,0.11826585956767557,False,808
SMBR,163.0,146.29054,-0.10251200857337998,-0.09277353111220288,0.0,-0.12950291545844514,0.00625378193299464,0.024295057164012614,False,809
IDEA,62.0,55.62815,-0.10277179594962829,-0.0690899510537425,0.0,-0.1826321755686114,-0.0014726823376070898,0.08637066008558877,False,810
TAXI,14.0,12.55126,-0.10348142896379744,-0.12951598848615375,0.2,-0.17561728613717215,-0.0006650515965052727,0.0976303220776372,False,811
ASSA,610.0,546.5038,-0.10409218709976949,-0.08267482069672127,0.2,-0.224723150534708,0.005693339363473382,0.11371832274456964,False,812
MINE,222.0,198.85274,-0.10426697602143158,-0.09479832004856414,0.0,-0.14465989121445666,-0.005181774792370475,0.03862298800433244,False,813
FPNI,406.0,363.61554,-0.10439523781461668,-0.09540463903267393,0.4,-0.23417809397129002,0.03139798770397166,0.12445084109557088,False,814
FLMC,73.0,65.3677,-0.10455207302145764,-0.07405717405554368,0.0,-0.1833004259083369,-0.0062849907025898984,0.08049396133749279,False,815
NTBK,93.0,83.272385,-0.1045980474000336,-0.12786996492775538,0.0,-0.1351790069251932,-0.009939886934013797,0.04397184928405359,False,816
CITY,170.0,151.8922,-0.10651645436006432,-0.09237275965073533,0.0,-0.14959106445312495,-0.0029224350873161774,0.0452536698599711,False,817
JAWA,130.0,116.038086,-0.10739929199218749,-0.10685847355769229,0.0,-0.11964145366962138,-0.0355928509051983,0.011789545783220442,False,818
CDIA,655.0,584.6123,-0.10746210229305823,-0.09358860627385501,0.2,-0.1983876748121422,0.01131429657681302,0.10023538736679072,False,819
TRON,109.0,97.281204,-0.1075118598588016,-0.054281742200938954,0.0,-0.23333561048595183,0.00527962500895931,0.13077713581486633,False,820
BBYB,264.0,235.57407,-0.10767393401174837,-0.0822489189379143,0.0,-0.20624027830181704,0.010783432469223465,0.09276870208555242,False,821
UDNG,1070.0,954.7537,-0.1077068578417056,-0.1377797349591121,0.2,-0.18377923983279792,-0.012856228552131999,0.08826194819338092,False,822
BKSL,68.0,60.671772,-0.10776810365564685,-0.14980450798483458,0.2,-0.15417653252096739,-0.007549914191750906,0.08738836160516618,False,823
NIKL,196.0,174.82262,-0.1080478746063855,-0.13857697467414698,0.2,-0.16551454505141902,-0.014588507827447361,0.07291713941731313,False,824
WINR,20.0,17.829082,-0.10854591369628905,-0.1341788291931152,0.0,-0.16408351898193357,0.007870178222656255,0.06308033830284546,False,825
SMKM,69.0,61.497974,-0.1087250198143116,-0.08973434005958447,0.0,-0.17744676894035896,0.017737590402796634,0.06726670550982156,False,826
CBRE,680.0,604.9422,-0.11037913602941177,-0.08856003705193016,0.0,-0.16423892750459557,0.011072603113511058,0.048181960360696455,False,827
EURO,1940.0,1723.9883,-0.1113462341937822,-0.15105993526498063,0.2,-0.19026090326997425,-0.01276953628382731,0.10555914982146286,False,828
ASLI,196.0,174.08176,-0.11182777249083227,-0.08963495371293051,0.0,-0.16091892475984534,-0.0014548943967235273,0.044288380834891644,False,829
POLA,58.0,51.506813,-0.11195157807448815,-0.13212361829034214,0.0,-0.15772570906014277,-0.02842584807297279,0.06450021142250306,False,830
BUKK,1040.0,922.6885,-0.11279957697941705,-0.15851100041316102,0.0,-0.17757399338942303,-0.0267603008563702,0.07913654156365989,False,831
FWCT,93.0,82.42793,-0.11367815899592577,-0.08599492555023525,0.0,-0.1952084120883737,0.017901119109123,0.07687944153306314,False,832
INDR,2300.0,2036.7188,-0.11447011931046194,-0.14026298191236408,0.2,-0.18353804347826083,0.018772779381793468,0.09102446624987488,False,833
TCPI,5050.0,4466.6304,-0.11551873839727725,-0.06281810798267329,0.4,-0.537547609839109,0.11853167543316837,0.42503483842317197,False,834
SDMU,78.0,68.864174,-0.11712599534254808,-0.12787950955904448,0.0,-0.1988883385291466,0.015548862555088094,0.08706787945322343,False,835
ATAP,555.0,489.86172,-0.11736622853322072,-0.1593843477266329,0.2,-0.17915443764076577,0.007706353814752265,0.10381718496818253,False,836
RODA,57.0,50.244602,-0.11851577758789064,-0.13220823856822228,0.0,-0.1458860832348205,0.01261280795984101,0.03952542952732671,False,837
OASA,324.0,285.49762,-0.11883450731819056,-0.11236798321759256,0.0,-0.17535920319733794,0.06817259611906831,0.053494855923893594,False,838
LAND,75.0,65.90422,-0.12127700805664059,-0.13858133951822915,0.2,-0.18893016560872394,0.00373976643880205,0.08137054660969191,False,839
KRAS,224.0,196.78888,-0.12147820336478099,-0.1390109743390765,0.0,-0.16721485682896203,-0.010326766967773415,0.06733110781430507,False,840
WOWS,57.0,50.06408,-0.12168276602761788,-0.07875670048228478,0.0,-0.2196249978584156,-0.009705044930441354,0.08916264023165937,False,841
ERTX,175.0,153.67903,-0.12183410644531249,-0.15397722516741075,0.2,-0.20739864676339287,0.014877720424107177,0.0947148459432062,False,842
PEVE,336.0,295.05444,-0.12186175755092077,-0.13048335484095985,0.0,-0.1954233986990792,0.0019414629255022353,0.07817454039802625,False,843
PACK,248.0,217.4719,-0.12309721669843124,-0.12134582765640756,0.2,-0.21017499123850178,0.011789678758190546,0.09322536888056819,False,844
ESSA,640.0,559.7289,-0.12542367935180665,-0.1333225250244141,0.0,-0.15545270919799808,0.0031906509399413975,0.032842026836356744,False,845
ARKO,4900.0,4283.7134,-0.12577282963966835,-0.1015623007015306,0.0,-0.21143736049107142,0.042732680963010215,0.07815860253823859,False,846
MINA,272.0,237.6564,-0.12626328187830307,-0.11132896647733803,0.0,-0.20331290749942554,-0.007360323737649388,0.07828564829565632,False,847
NIRO,149.0,130.0856,-0.12694220830930159,-0.10558723603318998,0.0,-0.18607650859243918,-0.0009605049286912637,0.05538763515483887,False,848
DGWG,284.0,247.5706,-0.12827249446385341,-0.09526932407432875,0.0,-0.1939520822444432,-0.014390542473591528,0.06800600169787636,False,849
MSKY,66.0,57.436054,-0.12975675409490411,-0.13063968311656604,0.0,-0.14717869614109852,-0.021352421153675437,0.01810108623001754,False,850
ASMI,16.0,13.917491,-0.13015679121017457,-0.1468403935432434,0.0,-0.2182942032814026,-0.010559260845184326,0.08997329287241188,False,851
FAST,352.0,306.0478,-0.13054599761962887,-0.17043495178222656,0.2,-0.2747521833939986,0.033492747220126115,0.16286388171441948,False,852
INDY,2630.0,2285.6675,-0.1309249030863831,-0.11576907081749055,0.0,-0.2347837359642348,0.03733857013426804,0.10127395364617901,False,853
CBDK,3790.0,3291.0288,-0.13165464215039577,-0.13306501484168864,0.0,-0.13681844182882585,-0.00909192570910291,0.005465328350005775,False,854
FIRE,107.0,92.87572,-0.132002686117297,-0.11508856087087471,0.0,-0.16652080500237293,-0.015105587968202406,0.03221360273365885,False,855
TOBA,466.0,404.2793,-0.1324478607832618,-0.14357813233469685,0.0,-0.21702639862191522,0.0032827745691389244,0.08596714467765584,False,856
MAPB,1170.0,1012.58563,-0.13454219459468483,-0.13422846345819983,0.0,-0.22026953542334402,0.0166272285657052,0.08493345723493971,False,857
RMKE,418.0,361.7376,-0.13459903406754634,-0.10434573232842403,0.0,-0.22351763419557413,0.0243571304248281,0.09117943540339982,False,858
LABA,95.0,82.0025,-0.13681576377467103,-0.1159062435752467,0.0,-0.1771407599198191,-0.02510499653063323,0.03733203107838995,False,859
ELTY,32.0,27.618252,-0.13692960739135743,-0.18142735958099365,0.2,-0.2903134346008301,0.06341240406036378,0.17446826485784017,False,860
NICL,476.0,410.51727,-0.1375687671308758,-0.14006690017315515,0.0,-0.19616410712234114,-0.01291092303620669,0.060277679698162695,False,861
LEAD,111.0,95.60432,-0.13869986319327138,-0.14286171853005347,0.0,-0.2384663487339879,0.02489129143792228,0.10339451718348174,False,862
BSDE,570.0,490.28418,-0.13985230562979717,-0.15742669356496708,0.0,-0.2246178877981086,-0.008378199527138187,0.08825916273000325,False,863
GTSI,153.0,131.42198,-0.1410328085905586,-0.19767103008195464,0.2,-0.28139465930415136,-0.0005112192989174646,0.15526457900268273,False,864
TALF,710.0,609.7917,-0.14113848619058098,-0.16893181599361795,0.0,-0.18529049295774647,-0.06659561372139082,0.06609942482430255,False,865
PSKT,224.0,191.62375,-0.14453679493495392,-0.1250193459647042,0.0,-0.1838480676923479,0.0017267635890416023,0.034895305869585884,False,866
PSDN,131.0,111.87561,-0.14598766064825858,-0.14114298347298426,0.0,-0.16645223602993794,-0.05906243943076097,0.019411203391343626,False,867
FILM,1060.0,905.0576,-0.14617210532134434,-0.06395470961084904,0.4,-0.38076526569870284,0.06437605947818392,0.23434051545263368,False,868
BRMS,560.0,477.72308,-0.1469230215890067,-0.14637467520577563,0.0,-0.1961166490827288,0.038432312011718706,0.05560373052559638,False,869
ZONE,755.0,641.93,-0.1497615991049255,-0.146814692415149,0.0,-0.15874749392073678,0.016259975812293014,0.00850157046155169,False,870
ARCI,1075.0,913.1136,-0.15059205804869186,-0.1579638671875,0.0,-0.1897359193313953,-0.008917287427325582,0.03991432963811453,False,871
MSIN,400.0,339.21933,-0.15195162963867187,-0.20038444519042964,0.2,-0.21464112854003908,0.022120025634765627,0.09212703868587546,False,872
RATU,5150.0,4350.247,-0.15529188789441745,-0.14958074180825243,0.0,-0.19045344736043684,0.07262657387742721,0.037617538048575795,False,873
PYFA,210.0,177.27386,-0.15583875383649554,-0.15162702287946428,0.0,-0.1931998843238467,-0.01837393624441965,0.03786353571071295,False,874
NANO,29.0,24.446033,-0.15703330204404636,-0.10608469206711346,0.0,-0.3267042225804822,0.023455363306505904,0.1568270725579775,False,875
PJHB,168.0,141.32474,-0.15878131503150578,-0.13090369814918157,0.0,-0.23801424843924385,-0.017230551583426346,0.07265642240468267,False,876
ESTI,157.0,131.90233,-0.15985777059178446,-0.22526414227333802,0.0,-0.2586046741266919,0.007531213456658081,0.12054328777397746,False,877
KPIG,83.0,69.648605,-0.16086021331419428,-0.1343690803252071,0.0,-0.20730785691594505,-0.021711822877447284,0.041134394808674174,False,878
PEGE,96.0,80.45503,-0.16192676226298014,-0.17652559280395508,0.0,-0.19427180290222165,-0.00033281644185385596,0.03652506418500538,False,879
INDS,280.0,233.82271,-0.16491886683872764,-0.1850911821637835,0.0,-0.19154619489397318,-0.05699696132114955,0.048258211655959685,False,880
PTPP,202.0,168.54073,-0.16564000195795947,-0.1306709062935102,0.2,-0.31139722767442757,-0.007938271701926092,0.1503065473699567,False,881
HRTA,1855.0,1545.9924,-0.16658089938510778,-0.13337737954851747,0.0,-0.2592361491324124,-0.007550854952830166,0.08363255833500718,False,882
LAPD,62.0,51.64956,-0.16694259643554688,-0.14491967231996594,0.0,-0.255580077632781,0.007309489096364685,0.08122759139449459,False,883
NRCA,496.0,411.72528,-0.1699086466143208,-0.1685938066051852,0.0,-0.20371309095813386,-0.023435285014490926,0.034527199690562886,False,884
UANG,2410.0,1997.2236,-0.1712765110379927,-0.17199975484634333,0.0,-0.1936329138031639,-0.02176534945539419,0.024234491795502366,False,885
KJEN,148.0,122.42235,-0.1728219625112173,-0.1067429619866449,0.0,-0.32347618309227194,0.00981797914247251,0.1358034142730961,False,886
INCO,5275.0,4355.288,-0.1743529880035545,-0.16652325236966825,0.0,-0.22497534063981042,0.009237929502369657,0.05155494664819781,False,887
HUMI,137.0,112.609314,-0.178034204636177,-0.17056402498788203,0.2,-0.379025101487654,0.06726002936815698,0.22515628889079284,False,888
PPRE,103.0,84.24819,-0.1820563455229824,-0.20282782397223909,0.0,-0.28039719664934765,-0.024448831798960846,0.10144242650871979,False,889
TRIN,318.0,259.83466,-0.18290994512210104,-0.11698395351193991,0.0,-0.33364591778449293,-0.04821105573162339,0.16493353867720084,False,890
BIPI,142.0,115.82556,-0.18432707450759245,-0.2306671142578125,0.2,-0.2801625104017661,0.023678739305952923,0.1273417960886547,False,891
INET,234.0,190.8129,-0.18456029647435895,-0.18672212780031383,0.0,-0.27308753902076655,0.03684848883213141,0.08718282408514985,False,892
ELPI,720.0,586.6489,-0.18520982530381944,-0.16353768242730038,0.2,-0.34847005208333337,0.045337541368272574,0.17561404355013804,False,893
BUMI,165.0,133.79782,-0.1891040778882576,-0.17936123934659087,0.0,-0.23673424923058717,0.0002637828480113624,0.04538746340703512,False,894
YPAS,660.0,534.8923,-0.18955713445490058,-0.22949630274917143,0.0,-0.24336741129557296,-0.06885633064038824,0.06702862292210247,False,895
JARR,1930.0,1557.6835,-0.19291010565090677,-0.227735133986399,0.0,-0.2655495314523964,-0.0221615679647021,0.08748957240486975,False,896
CTTH,125.0,100.74235,-0.19406124267578123,-0.17130322265624998,0.0,-0.27859487304687497,0.021908898925781184,0.07877712166003892,False,897
RMKO,298.0,240.04745,-0.19447156662908976,-0.17261597294135378,0.0,-0.24351009906538382,-0.01154965394295302,0.04368318143151739,False,898
OPMS,130.0,104.57082,-0.19560907217172477,-0.19852940486027648,0.0,-0.23490490253155047,-0.06799622755784251,0.04446932547914385,False,899
BUVA,880.0,706.29834,-0.197388222434304,-0.19401904019442473,0.2,-0.3439718350497159,0.01427375099875714,0.15821462897498337,False,900
SOCI,436.0,349.70523,-0.19792382476526665,-0.18682938322014764,0.0,-0.30959693838696967,0.008929275372706446,0.11052013520214822,False,901
GPSO,304.0,242.93156,-0.20088301206889905,-0.12212150975277547,0.2,-0.44742881373355264,0.003117591456363078,0.23417415166885433,False,902
CYBR,545.0,432.83368,-0.20580976293721331,-0.21162254963446103,0.0,-0.3397866681300172,0.00739920799885323,0.13716770390064592,False,903
SOFA,214.0,169.71414,-0.20694321962160486,-0.17506807986820971,0.0,-0.3804341824255257,-0.027341767783476946,0.1821732790452514,False,904
COIN,655.0,516.20416,-0.2119020791090172,-0.1762100802123091,0.0,-0.30277686665076337,0.014013224594465657,0.09708556735247503,False,905
PADI,69.0,53.13764,-0.22988930301389834,-0.2473132368447124,0.0,-0.28708147795304007,0.0002456443897192129,0.06196658252739308,False,906
MGNA,115.0,88.015205,-0.23465038797129756,-0.22825974174167796,0.0,-0.3058946825110394,-0.0340357904848845,0.07286212766406794,False,907
YELO,85.0,64.03417,-0.24665677238913145,-0.28544957778033087,0.0,-0.32082826502182904,-0.016543938131893365,0.09571065129670618,False,908
KREN,13.0,9.607078,-0.260994030879094,-0.24635549692007208,0.0,-0.3852748430692232,-0.02762421828049879,0.11939988892482038,False,909
IRSX,360.0,265.79498,-0.26168056064181855,-0.2617268880208333,0.0,-0.39758915371365017,0.00835591634114583,0.13855480176615004,False,910
BTEK,11.0,8.027767,-0.2702029835094105,-0.10935367237437854,0.0,-0.5734262293035334,-0.0032017621127042204,0.27229744726606414,False,911
CUAN,665.0,477.29413,-0.28226443183153194,-0.3745289738016917,0.0,-0.3783033878641917,0.036293688322368435,0.15661991374666287,False,912
MCAS,264.0,187.15796,-0.2910683602997751,-0.1961876840302439,0.0,-0.5292144544196852,0.05050390994910035,0.23391629339462208,False,913
LUCY,244.0,162.682,-0.3332704637871414,-0.5311109198898565,0.2,-0.846670081967213,0.4042825167296362,0.6166270545060184,False,914
KDTN,376.0,241.91814,-0.356600676191614,-0.4091488452667885,0.0,-0.6165929266747008,0.0035686574083692913,0.26475259444539995,False,915
COCO,111.0,59.13684,-0.46723566828547297,-0.30869272592905406,0.0,-0.7312091449359516,-0.036950381167300116,0.23340440650142916,False,916
