horizon_day,date,ticker,previous_expected_close,expected_close,expected_daily_return,median_daily_return,probability_daily_up,downside_p10,upside_p90,rank
1,2026-08-03,HILL,16.0,18.566862,0.16042888,0.16042888,1.0,0.16042888164520264,0.16042888164520264,1
1,2026-08-03,BWPT,89.0,96.88271,0.088569835,0.10983741,1.0,0.04816875606775284,0.10983741283416748,2
1,2026-08-03,PADA,144.0,153.8887,0.06867151,0.10347974,0.8,-0.03020024299621582,0.15254180133342743,3
1,2026-08-03,VKTR,730.0,774.7904,0.061356783,0.0809598,1.0,0.022923732176423073,0.08780951052904129,4
1,2026-08-03,VIVA,42.0,44.270943,0.054069974,0.051300645,1.0,0.019662808626890182,0.092384472489357,5
1,2026-08-03,SOHO,1200.0,1264.6866,0.05390551,0.046393394,1.0,0.046123504638671875,0.06925360858440399,6
1,2026-08-03,UNSP,206.0,216.57227,0.051321626,0.051321626,1.0,0.05132162570953369,0.05132162570953369,7
1,2026-08-03,TAMA,254.0,266.89563,0.050770164,0.04678774,1.0,0.011427665129303932,0.09228084236383438,8
1,2026-08-03,MSIE,96.0,100.82402,0.05025022,0.04473865,1.0,0.03899223729968071,0.06769458949565887,9
1,2026-08-03,RATU,5150.0,5398.14,0.048182584,0.034009457,1.0,0.01594552956521511,0.0891367644071579,10
1,2026-08-03,HOMI,177.0,185.3021,0.046904515,0.036902905,1.0,0.03690290451049805,0.0668499618768692,11
1,2026-08-03,CANI,135.0,141.3057,0.046708822,0.051344275,1.0,0.03802523761987686,0.05161750316619873,12
1,2026-08-03,JSPT,1470.0,1533.9425,0.043498266,0.05336225,0.6,-0.03755345195531845,0.12474212050437927,13
1,2026-08-03,KAQI,97.0,101.04663,0.041717865,0.02421546,0.6,-0.008406984619796276,0.11245409399271011,14
1,2026-08-03,MLPT,1590.0,1655.8167,0.041394114,0.048722982,1.0,0.007299995515495539,0.07302320003509521,15
1,2026-08-03,BEEF,392.0,407.71823,0.040097523,0.03111744,0.8,0.009083819575607777,0.07585663348436356,16
1,2026-08-03,FUTR,280.0,291.17856,0.03992345,0.04310167,1.0,0.02074730396270752,0.05798609182238579,17
1,2026-08-03,OASA,324.0,336.53412,0.038685583,0.035707235,1.0,0.012287711724638939,0.07154686003923416,18
1,2026-08-03,NSSS,1105.0,1146.9672,0.037979342,0.03400278,0.8,-0.0066144224256277084,0.08438670635223389,19
1,2026-08-03,SOLA,96.0,99.51779,0.036643695,0.03843105,1.0,0.013416195288300514,0.057883523404598236,20
1,2026-08-03,KKES,66.0,68.38536,0.03614192,0.04712236,1.0,0.007187485694885254,0.06081650033593178,21
1,2026-08-03,TPIA,2160.0,2237.5562,0.03590572,0.03604138,1.0,0.017957139760255814,0.05518133193254471,22
1,2026-08-03,PKPK,3930.0,4068.3735,0.035209466,0.045686483,1.0,0.005435967352241278,0.061055753380060196,23
1,2026-08-03,DOSS,163.0,168.71237,0.035045244,0.042987704,1.0,0.00281696324236691,0.06626930087804794,24
1,2026-08-03,IBST,8475.0,8747.402,0.032141924,0.032141924,1.0,0.032141923904418945,0.032141923904418945,25
1,2026-08-03,ALDO,815.0,840.55505,0.031355955,0.038182378,1.0,0.0072599174454808235,0.05267529562115669,26
1,2026-08-03,STAR,268.0,276.18286,0.03053298,0.029532075,1.0,0.02953207492828369,0.03253478929400444,27
1,2026-08-03,MIRA,23.0,23.682728,0.029683745,0.039380074,0.8,-0.007318651303648949,0.056272003799676895,28
1,2026-08-03,DWGL,370.0,380.77222,0.029114056,0.035921216,1.0,0.008594227023422718,0.047040197998285294,29
1,2026-08-03,ADMR,1515.0,1555.98,0.027049506,0.031058311,0.8,-0.00516198854893446,0.055402301251888275,30
1,2026-08-03,BBMD,1960.0,2012.7559,0.026916265,0.027785182,1.0,0.019123028963804245,0.03425564616918564,31
1,2026-08-03,EPAC,62.0,63.65448,0.026685167,0.022949696,1.0,0.015010977163910866,0.04189607873558998,32
1,2026-08-03,RLCO,5250.0,5387.9146,0.026269425,0.03867948,0.8,-0.016244661062955856,0.05637636035680771,33
1,2026-08-03,HELI,181.0,185.74945,0.026240062,0.026702166,1.0,0.009761261753737926,0.041507672518491745,34
1,2026-08-03,IATA,76.0,77.99003,0.026184535,0.014182568,1.0,0.008292412385344505,0.05154252052307129,35
1,2026-08-03,TEBE,1095.0,1123.5825,0.026102733,0.038321853,1.0,0.0037153721787035465,0.04220857471227646,36
1,2026-08-03,PGEO,1010.0,1035.0037,0.024756122,0.01856649,1.0,0.012225675396621227,0.04403538256883621,37
1,2026-08-03,AGRS,61.0,62.475136,0.02418251,0.029753566,1.0,0.010136723518371582,0.03593578189611435,38
1,2026-08-03,AMMN,4100.0,4198.585,0.024045086,0.014782548,1.0,0.013562321662902832,0.0421128012239933,39
1,2026-08-03,SIPD,670.0,685.8756,0.023695016,0.018320441,1.0,0.013238263316452503,0.036176323890686035,40
1,2026-08-03,HRME,42.0,42.9849,0.023449982,0.022408485,0.8,0.0024575116112828255,0.046376653015613556,41
1,2026-08-03,WOOD,236.0,241.51949,0.02338766,0.02208221,0.8,-0.0037122368812561035,0.053239889442920685,42
1,2026-08-03,MSJA,392.0,400.7873,0.022416567,0.01816678,1.0,0.010633897967636585,0.03713042661547661,43
1,2026-08-03,LSIP,1430.0,1461.9973,0.022375692,0.027368307,0.8,-0.0016658660024404526,0.040279339998960495,44
1,2026-08-03,BEST,110.0,112.45211,0.022291983,0.011631966,0.6,-0.038432527333498,0.08654499053955078,45
1,2026-08-03,IKAI,20.0,20.445053,0.022252643,0.037504554,0.6,-0.01490240078419447,0.051270030438899994,46
1,2026-08-03,BNBR,98.0,100.16478,0.022089649,0.019230843,1.0,0.012910103425383568,0.032858822494745255,47
1,2026-08-03,RAAM,204.0,208.48087,0.021965003,0.027573586,1.0,0.012191200628876686,0.027573585510253906,48
1,2026-08-03,BAPA,167.0,170.6063,0.021594549,0.020453095,1.0,0.02045309543609619,0.023306727409362793,49
1,2026-08-03,DOID,218.0,222.65398,0.021348547,0.01856041,1.0,0.01012733019888401,0.03458993136882782,50
1,2026-08-03,TIFA,342.0,349.2273,0.021132458,0.018462896,0.6,-0.061984241008758545,0.11211327463388443,51
1,2026-08-03,FITT,350.0,357.3775,0.021078562,0.0108908415,1.0,0.004571318626403809,0.042679667472839355,52
1,2026-08-03,LPGI,615.0,627.8991,0.02097423,0.02813077,1.0,0.006112408824265003,0.03212640434503555,53
1,2026-08-03,PURA,32.0,32.668736,0.020897985,0.003571868,0.6,-0.007511591538786888,0.0659010112285614,54
1,2026-08-03,ARKA,22.0,22.443573,0.020162463,0.020162463,1.0,0.020162463188171387,0.020162463188171387,55
1,2026-08-03,GZCO,176.0,179.5148,0.019970465,0.034276605,0.6,-0.022468458861112595,0.05774948373436928,56
1,2026-08-03,MARK,1070.0,1091.3226,0.01992767,0.01290381,1.0,0.00360262393951416,0.03935384750366211,57
1,2026-08-03,URBN,206.0,210.06885,0.019751763,0.027412534,1.0,0.007483148947358131,0.0274125337600708,58
1,2026-08-03,RAJA,890.0,907.5283,0.01969471,0.012701631,0.8,0.0027333498001098633,0.0412319153547287,59
1,2026-08-03,KSIX,284.0,289.55035,0.01954348,0.017989874,0.8,0.006979441735893488,0.033006906509399414,60
1,2026-08-03,SAPX,212.0,216.06546,0.01917665,0.019706607,1.0,0.010773682966828346,0.026017069816589355,61
1,2026-08-03,HUMI,137.0,139.55978,0.018684614,0.00860548,0.8,-0.010910069569945335,0.05046272277832031,62
1,2026-08-03,BSML,525.0,534.7272,0.018528033,0.014077902,1.0,0.005960035603493452,0.032987356185913086,63
1,2026-08-03,GMFI,54.0,54.963154,0.017836178,0.015684962,0.8,0.0016457200981676579,0.03635852038860321,64
1,2026-08-03,CTTH,125.0,127.19838,0.01758703,0.015184164,0.6,-0.017978250980377197,0.05966777354478836,65
1,2026-08-03,JTPE,600.0,610.4501,0.01741674,0.021187186,1.0,0.004931235685944557,0.02778603881597519,66
1,2026-08-03,SOUL,37.0,37.64248,0.017364215,0.019420266,1.0,0.010757947340607643,0.02191443368792534,67
1,2026-08-03,DSNG,1335.0,1357.2311,0.016652465,0.018728256,0.8,-0.0009803054854273796,0.03163444995880127,68
1,2026-08-03,SONA,2340.0,2378.9253,0.016634703,0.014520049,1.0,0.009752226062119007,0.02535688690841198,69
1,2026-08-03,BOBA,228.0,231.77605,0.016561627,0.009668589,1.0,0.009147167205810547,0.03000786155462265,70
1,2026-08-03,DEWA,460.0,467.54388,0.01639979,0.031182408,0.8,-0.009246730245649815,0.03260841220617294,71
1,2026-08-03,BELL,114.0,115.82922,0.016045857,0.017013907,0.8,0.0016930578276515007,0.029430601745843887,72
1,2026-08-03,UVCR,147.0,149.3243,0.015811468,0.007719159,0.8,-0.009239482693374157,0.04423513263463974,73
1,2026-08-03,BLUE,2430.0,2467.6333,0.015486861,0.003704071,1.0,0.0027802467811852694,0.03997625783085823,74
1,2026-08-03,INDO,176.0,178.69763,0.015327454,0.023900867,0.8,-0.002048682887107134,0.02723531797528267,75
1,2026-08-03,BAIK,775.0,786.5149,0.014857948,0.016597271,0.8,0.004293573088943958,0.023502396419644356,76
1,2026-08-03,INTA,61.0,61.905994,0.014852405,0.014852405,1.0,0.014852404594421387,0.014852404594421387,77
1,2026-08-03,BPFI,260.0,263.85614,0.01483128,0.014420986,1.0,0.005988812539726496,0.023499345406889915,78
1,2026-08-03,BINO,108.0,109.59489,0.0147675155,0.018562436,0.8,-0.009919583797454834,0.03812884911894798,79
1,2026-08-03,HADE,18.0,18.258266,0.014348125,0.00525403,0.6,-0.0160561203956604,0.053419943898916245,80
1,2026-08-03,DIGI,29.0,29.415836,0.014339209,0.014339209,1.0,0.014339208602905273,0.014339208602905273,81
1,2026-08-03,ITMA,1335.0,1354.0642,0.014280295,0.015381813,1.0,0.012077259831130505,0.015381813049316406,82
1,2026-08-03,KBAG,43.0,43.607235,0.014121818,0.007879615,1.0,0.00659024715423584,0.028153464198112488,83
1,2026-08-03,DNAR,124.0,125.751076,0.01412158,0.013267636,1.0,0.009859561920166016,0.018651271238923073,84
1,2026-08-03,DEFI,105.0,106.44722,0.013782954,0.018355727,0.6,-0.004561888985335827,0.029195547103881836,85
1,2026-08-03,CMRY,4600.0,4663.0117,0.013698149,0.007535577,1.0,0.0023573399521410465,0.02909982018172741,86
1,2026-08-03,PART,102.0,103.37457,0.013476228,0.011183143,1.0,0.01118314266204834,0.018062399700284004,87
1,2026-08-03,ADMG,222.0,224.96538,0.013357592,0.01573515,0.6,-0.005157768726348877,0.03111567348241806,88
1,2026-08-03,STRK,63.0,63.83556,0.013262796,0.0037350655,1.0,0.002140641212463379,0.03410174325108528,89
1,2026-08-03,SMAR,5875.0,5950.8193,0.012905347,0.006434083,0.8,-0.004257094580680132,0.03467340022325516,90
1,2026-08-03,DPUM,98.0,99.253395,0.012789702,0.013455272,1.0,0.011791348457336426,0.01345527172088623,91
1,2026-08-03,BACA,115.0,116.468605,0.012770486,0.0073902607,0.8,-0.002493953565135598,0.03417627513408661,92
1,2026-08-03,LRNA,183.0,185.30399,0.012590098,0.006528139,1.0,0.004725980572402477,0.02329402044415474,93
1,2026-08-03,NISP,1290.0,1306.2366,0.012586474,0.009878039,1.0,0.0027168751694262028,0.02578553929924965,94
1,2026-08-03,CITA,3250.0,3290.8176,0.012559247,0.015622258,1.0,0.005542207043617964,0.017006563022732735,95
1,2026-08-03,TBLA,620.0,627.71075,0.0124367,0.018794537,0.8,-0.0021591661497950554,0.022313928231596947,96
1,2026-08-03,INOV,142.0,143.75012,0.012324798,0.020389557,0.6,-0.01882915571331978,0.03859701007604599,97
1,2026-08-03,JMAS,228.0,230.72652,0.011958361,0.011958361,1.0,0.01195836067199707,0.01195836067199707,98
1,2026-08-03,TCID,2720.0,2752.512,0.011952949,0.009578586,1.0,0.008430528454482555,0.016815567389130592,99
1,2026-08-03,KOIN,78.0,78.93091,0.011934757,0.011934757,1.0,0.011934757232666016,0.011934757232666016,100
1,2026-08-03,PSSI,318.0,321.73816,0.011755228,0.017938137,0.8,-0.005436706356704235,0.026044033467769623,101
1,2026-08-03,MSIN,400.0,404.69327,0.011733103,0.003708005,0.8,5.69105613976717e-05,0.030507847666740417,102
1,2026-08-03,SURE,2770.0,2801.9712,0.011541963,0.010751605,1.0,0.01028754748404026,0.01358020305633545,103
1,2026-08-03,TAMU,21.0,21.241266,0.0114888195,0.015840173,0.8,-0.020988941192626953,0.04045426473021507,104
1,2026-08-03,MERK,3800.0,3842.8953,0.01128825,0.0133116245,0.6,-0.009324741549789906,0.030321359634399414,105
1,2026-08-03,PTMP,62.0,62.69053,0.011137498,0.01077795,0.6,-0.006006836891174316,0.027835678309202194,106
1,2026-08-03,NFCX,1495.0,1511.6335,0.011126185,0.013221264,1.0,0.003931927494704723,0.016550779342651367,107
1,2026-08-03,SUPA,605.0,611.66144,0.011010647,0.021325469,0.6,-0.010164594277739525,0.02700216695666313,108
1,2026-08-03,TRUK,432.0,436.72372,0.0109346155,0.01539886,0.6,-0.012825334444642067,0.03168592229485512,109
1,2026-08-03,BVIC,93.0,94.01347,0.010897612,0.012381673,0.8,-0.0004909038543701172,0.021564936265349388,110
1,2026-08-03,SDMU,78.0,78.837425,0.010736287,0.022231102,0.6,-0.027643881738185883,0.039900850504636765,111
1,2026-08-03,TINS,3800.0,3840.602,0.0106847165,0.01406014,0.6,-0.011864209547638893,0.03302657604217529,112
1,2026-08-03,BBLD,590.0,596.301,0.010679686,0.0035403967,0.8,-0.011543571949005127,0.03851406276226044,113
1,2026-08-03,TOTL,1140.0,1152.1594,0.0106661795,0.009305239,1.0,0.006002950482070446,0.0163679588586092,114
1,2026-08-03,MSTI,1330.0,1344.1393,0.010631037,0.008432627,1.0,0.007288241293281317,0.015635013580322266,115
1,2026-08-03,LPLI,244.0,246.54245,0.010419881,0.0052348375,0.6,-0.007101333234459162,0.030192136764526367,116
1,2026-08-03,BKDP,169.0,170.74959,0.010352576,0.0054980516,0.6,-0.016576111316680908,0.03796279430389404,117
1,2026-08-03,CBRE,680.0,686.77844,0.009968316,0.019429326,0.8,-0.009617435745894909,0.022040605545043945,118
1,2026-08-03,WEGE,50.0,50.490746,0.009814978,0.010055065,1.0,0.009454846382141113,0.010055065155029297,119
1,2026-08-03,STAA,1080.0,1090.5836,0.009799695,0.005731344,0.6,-0.003214025404304266,0.026358578354120255,120
1,2026-08-03,WEHA,105.0,106.02663,0.009777332,0.011263251,0.8,-0.007573985494673252,0.025944586843252182,121
1,2026-08-03,SMSM,1790.0,1807.3757,0.009707165,0.009098291,1.0,0.005699539091438055,0.013773536309599876,122
1,2026-08-03,HEXA,4470.0,4513.122,0.009647036,0.006205678,1.0,0.0027636766899377108,0.017891908064484596,123
1,2026-08-03,JGLE,64.0,64.61515,0.009611714,0.014461279,0.8,0.0002786042168736458,0.015134548768401146,124
1,2026-08-03,RODA,57.0,57.54728,0.009601402,0.008375645,0.6,-0.009408354759216309,0.03339371085166931,125
1,2026-08-03,ZYRX,121.0,122.155846,0.009552443,0.015933275,0.8,-0.0010183453559875488,0.01593327522277832,126
1,2026-08-03,CCSI,240.0,242.26372,0.009432149,0.0073862076,1.0,0.003728032112121582,0.015791773796081543,127
1,2026-08-03,CASH,232.0,234.14859,0.009261167,0.017126203,0.8,-0.007701361086219549,0.021014070138335228,128
1,2026-08-03,MBSS,2840.0,2866.1414,0.009204733,0.0011600256,0.6,-0.008348715491592884,0.0322825163602829,129
1,2026-08-03,ELSA,695.0,701.3888,0.009192467,0.009344578,0.8,-0.002657175064086914,0.022111032158136368,130
1,2026-08-03,ZINC,30.0,30.275549,0.009185076,0.009185076,1.0,0.009185075759887695,0.009185075759887695,131
1,2026-08-03,TAYS,50.0,50.458565,0.0091712475,0.0091712475,1.0,0.009171247482299805,0.009171247482299805,132
1,2026-08-03,GJTL,1225.0,1236.1912,0.009135604,0.013168693,0.8,-0.00155560951679945,0.016258621588349342,133
1,2026-08-03,INAI,177.0,178.5723,0.008883047,0.003067851,0.8,-0.001772975898347795,0.0246153324842453,134
1,2026-08-03,SUNI,730.0,736.47784,0.008873713,0.010672212,0.6,-0.010960089974105358,0.030601046979427338,135
1,2026-08-03,ARKO,4900.0,4941.836,0.008537936,0.00047147274,0.6,-0.023516809567809105,0.05130869895219803,136
1,2026-08-03,MKAP,1160.0,1169.8059,0.008453369,0.008453369,1.0,0.008453369140625,0.008453369140625,137
1,2026-08-03,BATR,92.0,92.76245,0.008287549,0.01488471,0.8,-0.005881166085600853,0.017077611759305,138
1,2026-08-03,ELTY,32.0,32.26358,0.008236885,0.01824212,0.6,-0.04021799564361572,0.051599569618701935,139
1,2026-08-03,IPAC,162.0,163.32045,0.008150911,0.0041707754,0.6,-0.015137027949094772,0.03411822021007538,140
1,2026-08-03,WIIM,1705.0,1718.8903,0.00814681,0.004037261,0.8,-0.0034028291702270508,0.02141890488564968,141
1,2026-08-03,MBMA,505.0,509.10596,0.008130575,0.0304358,0.6,-0.03245697170495987,0.03800148889422417,142
1,2026-08-03,SMKL,141.0,142.14365,0.008111048,0.00785625,0.6,-0.013075744733214378,0.03201582282781601,143
1,2026-08-03,MIKA,1765.0,1779.307,0.008106041,0.0012969971,0.6,-0.007479572203010321,0.027004098519682884,144
1,2026-08-03,AREA,282.0,284.21234,0.007845116,0.009233236,0.6,-0.014403652399778366,0.02997577004134655,145
1,2026-08-03,SPRE,93.0,93.71985,0.0077403425,0.003825903,0.6,-0.022115886211395264,0.036912702023983,146
1,2026-08-03,MTFN,13.0,13.099663,0.0076663494,0.0076663494,1.0,0.007666349411010742,0.007666349411010742,147
1,2026-08-03,MDLN,50.0,50.37876,0.007575178,0.006999016,1.0,0.004134440328925848,0.011756681837141514,148
1,2026-08-03,INET,234.0,235.76843,0.0075573684,0.012892842,0.6,-0.016730330884456635,0.02758343145251274,149
1,2026-08-03,PRAY,700.0,705.2878,0.0075540305,0.006857991,0.6,-0.01316530629992485,0.02775697596371174,150
1,2026-08-03,AXIO,111.0,111.83284,0.0075030327,0.0030654669,1.0,0.002469658851623535,0.014972352422773838,151
1,2026-08-03,KLAS,75.0,75.54336,0.00724473,0.008926034,0.6,-0.002955901436507702,0.017435668036341667,152
1,2026-08-03,TLKM,2630.0,2648.847,0.0071660876,0.0017938614,0.8,-0.004714524373412132,0.02173778973519802,153
1,2026-08-03,WIFI,2000.0,2014.2103,0.0071051596,0.011550546,0.6,-0.014082204550504684,0.0262068510055542,154
1,2026-08-03,BATA,59.0,59.41358,0.00700984,0.0077786446,1.0,0.004979848861694336,0.008188962936401367,155
1,2026-08-03,TRST,458.0,461.18427,0.0069525363,0.009739518,0.8,-0.003824865911155939,0.015348219312727451,156
1,2026-08-03,GSMF,88.0,88.60361,0.0068591833,0.009519458,0.6,-0.0027209161780774593,0.014855146408081055,157
1,2026-08-03,AMOR,346.0,348.3686,0.006845689,0.005958557,0.8,-0.00119523995090276,0.015011191368103027,158
1,2026-08-03,MAHA,145.0,145.99051,0.006831169,0.0034793615,1.0,0.002244639443233609,0.014609310775995255,159
1,2026-08-03,TAPG,1750.0,1761.9261,0.006814969,0.00894773,0.8,-0.0056078555062413216,0.01722724363207817,160
1,2026-08-03,CASS,1900.0,1912.9182,0.0067990064,0.006046772,0.8,-0.008733486756682396,0.0226731039583683,161
1,2026-08-03,GULA,790.0,795.35516,0.0067786574,0.016546965,0.8,-0.017261825501918793,0.02372591383755207,162
1,2026-08-03,FISH,615.0,619.14294,0.0067365407,1.1086464e-05,0.6,-0.013060378842055798,0.03160230815410614,163
1,2026-08-03,ACES,360.0,362.40475,0.0066799163,0.008663058,0.8,-0.0035712001845240593,0.014099836349487305,164
1,2026-08-03,TRIS,169.0,170.1274,0.006670964,0.011265278,0.8,-0.004857218358665705,0.014452815055847168,165
1,2026-08-03,BBTN,1215.0,1223.029,0.00660826,0.0025494099,0.6,-0.0050160642713308334,0.02048938162624836,166
1,2026-08-03,GGRP,298.0,299.96152,0.0065822722,0.007597089,0.8,8.121732389554381e-05,0.013318132609128952,167
1,2026-08-03,POLY,32.0,32.208916,0.006528616,0.006528616,1.0,0.006528615951538086,0.006528615951538086,168
1,2026-08-03,SCNP,155.0,156.00447,0.0064804675,0.0061466694,0.8,-0.0027170537505298853,0.01611332781612873,169
1,2026-08-03,BOLA,162.0,163.04114,0.0064267754,0.0028802156,0.6,-0.0018604755168780684,0.017002390697598457,170
1,2026-08-03,PTIS,270.0,271.72183,0.006377113,0.00047504902,0.8,-0.0032611966598778963,0.019134163856506348,171
1,2026-08-03,BPII,434.0,436.76385,0.006368303,0.007891059,0.8,-0.0010743855964392424,0.012243151664733887,172
1,2026-08-03,MDKI,182.0,183.13939,0.0062604425,0.0035498142,1.0,0.0004487753030844033,0.013800358399748802,173
1,2026-08-03,ASPI,400.0,402.49738,0.0062434794,0.006293535,0.8,-0.0075920699164271355,0.01854574680328369,174
1,2026-08-03,BYAN,12025.0,12099.168,0.006167793,0.005741596,0.6,-0.0008795261383056641,0.013307571411132812,175
1,2026-08-03,UNTR,23950.0,24097.514,0.006159282,0.002974391,0.6,-0.0007863044738769531,0.016486190259456635,176
1,2026-08-03,GRPH,59.0,59.358604,0.0060780523,0.00527215,0.8,-0.00020751950796693563,0.012431025505065918,177
1,2026-08-03,PURI,136.0,136.82523,0.006067884,0.009807825,0.6,-0.022544346749782562,0.032425496727228165,178
1,2026-08-03,FORE,690.0,694.0436,0.005860293,0.002948761,0.6,-0.02805640734732151,0.04672839120030403,179
1,2026-08-03,DCII,191350.0,192453.97,0.0057693245,0.0037811995,1.0,0.00305330753326416,0.009575200267136097,180
1,2026-08-03,AMFG,3310.0,3329.0571,0.0057574036,0.004386902,0.8,-0.01787874661386013,0.028234360739588737,181
1,2026-08-03,ASRI,117.0,117.67269,0.005749488,0.010357261,0.6,-0.002277076244354248,0.011686300858855247,182
1,2026-08-03,PANS,1525.0,1533.6855,0.0056954264,0.003819108,0.8,-0.0008421777747571468,0.012897062115371227,183
1,2026-08-03,ENAK,252.0,253.3822,0.0054849265,0.01623416,0.8,-0.018568145111203194,0.018362998962402344,184
1,2026-08-03,KING,270.0,271.44022,0.005334139,0.0166502,0.6,-0.018445372581481934,0.02345561981201172,185
1,2026-08-03,MDIA,191.0,192.00586,0.005266273,0.015057206,0.6,-0.07210788875818253,0.08468805998563766,186
1,2026-08-03,CMNT,800.0,804.20636,0.0052579404,0.0040688515,0.8,-0.0016019581817090511,0.012590693309903145,187
1,2026-08-03,IKBI,565.0,567.8098,0.0049731135,0.0017278194,0.8,0.0002725482336245477,0.011588715948164463,188
1,2026-08-03,NELY,200.0,200.98833,0.00494163,0.008208513,0.6,-0.012127399444580078,0.019396638497710228,189
1,2026-08-03,ARGO,1170.0,1175.7587,0.004921949,0.011309743,0.8,-0.012870252132415771,0.01792433112859726,190
1,2026-08-03,DEWI,119.0,119.58364,0.0049045323,0.0053094625,0.8,-0.0006471872329711914,0.009930849075317383,191
1,2026-08-03,KRYA,59.0,59.281963,0.004779005,0.006992936,0.6,-0.006072377786040306,0.014983413740992546,192
1,2026-08-03,BPTR,75.0,75.35763,0.004768348,0.0037481785,0.8,-0.0027882098220288754,0.012728618457913399,193
1,2026-08-03,SSIA,1650.0,1657.7787,0.00471437,0.0002988577,0.6,-0.006640791893005371,0.019086575135588646,194
1,2026-08-03,SNLK,220.0,221.03238,0.0046925903,0.009354353,0.6,-0.005708503536880016,0.012883853167295456,195
1,2026-08-03,GOTO,50.0,50.228302,0.0045660734,0.0045660734,1.0,0.004566073417663574,0.004566073417663574,196
1,2026-08-03,MRAT,440.0,441.95953,0.0044534085,0.0041172504,0.8,-0.0038537143263965845,0.012257360853254795,197
1,2026-08-03,RSCH,322.0,323.38757,0.0043092133,0.011824489,0.6,-0.021052563562989235,0.025148725137114525,198
1,2026-08-03,BIRD,1610.0,1616.8649,0.004263854,0.006255746,0.8,-0.004333376884460449,0.01060187816619873,199
1,2026-08-03,PSAB,434.0,435.83652,0.004231596,0.008194566,0.8,-0.014974117279052734,0.019684718921780586,200
1,2026-08-03,ARII,274.0,275.11823,0.004081094,0.0035190582,0.6,-0.0009465694311074913,0.010204123333096504,201
1,2026-08-03,SATU,262.0,263.06775,0.0040753605,0.0030037165,1.0,0.0017703294288367033,0.00708847027271986,202
1,2026-08-03,SAFE,370.0,371.47833,0.003995466,0.0040905476,0.8,-0.0009266615379601717,0.008835195563733578,203
1,2026-08-03,ADHI,159.0,159.62766,0.003947449,0.009429693,0.6,-0.017894137650728226,0.025075696408748627,204
1,2026-08-03,SIDO,362.0,363.4245,0.0039351704,0.0034741163,0.6,-0.018160663545131683,0.025984643027186394,205
1,2026-08-03,MIDI,284.0,285.1145,0.0039243223,0.009645343,0.6,-0.010604381561279297,0.014795755967497826,206
1,2026-08-03,BDKR,155.0,155.60733,0.003918207,0.003286004,0.8,-0.005101144313812256,0.012999987229704857,207
1,2026-08-03,AKRA,1465.0,1470.5872,0.003813839,0.006686926,0.8,-0.003944754600524902,0.009480427950620651,208
1,2026-08-03,RELI,492.0,493.87265,0.0038061976,0.002089858,0.6,-0.0017396330367773771,0.010694979690015316,209
1,2026-08-03,BMRI,4190.0,4205.8726,0.0037882328,0.0018903017,0.6,-0.007152640726417303,0.017212580889463425,210
1,2026-08-03,CRAB,208.0,208.75386,0.0036242008,0.0036242008,1.0,0.0036242008209228516,0.0036242008209228516,211
1,2026-08-03,TOWR,404.0,405.46326,0.003621924,0.0038870573,0.6,-0.006135213188827038,0.013833902776241302,212
1,2026-08-03,CMPP,69.0,69.2495,0.003615904,0.006129384,0.8,-0.00024087427300401032,0.0061293840408325195,213
1,2026-08-03,PGAS,1500.0,1505.303,0.0035353184,0.00024139881,0.6,-0.00864485464990139,0.016925979405641556,214
1,2026-08-03,BRNA,595.0,597.0747,0.003486955,0.006264925,0.8,-0.0037347436882555485,0.00793068390339613,215
1,2026-08-03,PTSP,890.0,893.0513,0.0034283877,0.001578331,0.6,-0.006398486904799938,0.014193582348525524,216
1,2026-08-03,SOSS,870.0,872.92053,0.0033569336,0.0056142807,0.6,-0.007763707544654608,0.012813925743103027,217
1,2026-08-03,KAEF,452.0,453.47354,0.0032600523,0.005091548,0.8,-0.00040293927304446697,0.005091547966003418,218
1,2026-08-03,BABP,50.0,50.16285,0.0032569407,0.0034178495,1.0,0.002935123397037387,0.0034178495407104492,219
1,2026-08-03,DEPO,242.0,242.75899,0.003136325,0.0021796227,0.8,0.0003190994611941278,0.006955170072615147,220
1,2026-08-03,KIOS,95.0,95.295166,0.0031069755,0.0032764673,0.6,-0.010143255814909935,0.018384883180260658,221
1,2026-08-03,BTPN,2190.0,2196.257,0.0028571128,0.0074959993,0.6,-0.0048798322677612305,0.007495999336242676,222
1,2026-08-03,NASI,129.0,129.36504,0.002829802,0.007696748,0.6,-0.01435476541519165,0.018161367624998093,223
1,2026-08-03,ARNA,490.0,491.38226,0.0028210164,0.0052103996,0.6,-0.0027693388983607292,0.007281422149389982,224
1,2026-08-03,MCOL,3800.0,3809.9465,0.0026175142,0.006779194,0.6,-0.015862584114074707,0.018259333446621895,225
1,2026-08-03,HOKI,54.0,54.131996,0.0024442673,0.004295349,0.6,-0.007893979549407959,0.011908149346709251,226
1,2026-08-03,INDF,6975.0,6991.4775,0.002362311,0.0019997358,0.6,-0.0044855354353785515,0.009224104695022106,227
1,2026-08-03,BRRC,57.0,57.132973,0.0023328424,0.019442677,0.6,-0.02373563125729561,0.01944267749786377,228
1,2026-08-03,PALM,292.0,292.66086,0.0022632002,0.000156641,0.8,-0.01104358397424221,0.015028929337859154,229
1,2026-08-03,CINT,177.0,177.38985,0.0022025467,0.0011063814,0.6,-0.009092235937714577,0.013330935500562191,230
1,2026-08-03,LMPI,141.0,141.30977,0.0021970035,0.00023889542,1.0,0.00023889541625976562,0.006113218143582344,231
1,2026-08-03,DAAZ,1520.0,1523.2823,0.0021594167,0.013435483,0.6,-0.024995028972625732,0.020827030763030052,232
1,2026-08-03,DNET,9800.0,9820.788,0.0021212816,0.0030299425,0.6,-0.004755222704261541,0.008708905428647995,233
1,2026-08-03,LPPS,80.0,80.16941,0.0021176576,0.011710405,0.6,-0.03048088401556015,0.027336573228240013,234
1,2026-08-03,MASB,3390.0,3397.088,0.0020908236,0.0033397675,0.8,-0.0009796976810321212,0.004366397857666016,235
1,2026-08-03,TFAS,193.0,193.39896,0.0020671368,0.0018872023,0.6,-0.0106780044734478,0.014399122446775436,236
1,2026-08-03,DGIK,128.0,128.25394,0.0019839525,0.00061655045,0.6,-0.006584286689758301,0.011356210336089134,237
1,2026-08-03,CLPI,1580.0,1583.1288,0.0019802093,0.00090396404,0.6,-0.0038822172209620476,0.009192990139126778,238
1,2026-08-03,JAYA,132.0,132.25835,0.001957214,0.0015074015,0.6,-0.005284381099045277,0.008903264999389648,239
1,2026-08-03,EMTK,530.0,531.03204,0.0019472003,0.0025595427,0.6,-0.027390729635953903,0.03181404620409012,240
1,2026-08-03,ICBP,6975.0,6987.595,0.0018057942,0.0016177893,0.8,-0.006980621721595526,0.01074218563735485,241
1,2026-08-03,BSWD,1125.0,1126.9686,0.0017498732,0.0017498732,1.0,0.001749873161315918,0.001749873161315918,242
1,2026-08-03,CFIN,344.0,344.59906,0.001741445,0.0002143383,0.6,-0.003077602479606867,0.007243060972541571,243
1,2026-08-03,BHIT,26.0,26.044449,0.0017096282,0.010096669,0.6,-0.012542570009827614,0.010823153890669346,244
1,2026-08-03,ASRM,262.0,262.44522,0.0016992688,0.00051903725,0.8,-0.004991114139556885,0.00901942141354084,245
1,2026-08-03,TRJA,112.0,112.185646,0.0016575098,0.0041748285,0.6,-0.012338697910308838,0.013866471126675606,246
1,2026-08-03,ICON,107.0,107.17161,0.001603794,0.00024938583,0.8,-0.010905956849455833,0.013801836408674717,247
1,2026-08-03,NPGF,60.0,60.095848,0.0015974402,0.008707881,0.6,-0.013102198019623756,0.011148666962981224,248
1,2026-08-03,PEHA,262.0,262.4105,0.0015668034,0.00061905384,0.8,-0.005325973033905029,0.008005380630493164,249
1,2026-08-03,LEAD,111.0,111.16907,0.0015231252,0.004393339,0.6,-0.022487163543701172,0.02684321068227291,250
1,2026-08-03,PNGO,3560.0,3565.2612,0.0014778853,0.0031114817,0.6,-0.005347990896552801,0.0071332454681396484,251
1,2026-08-03,SMRA,326.0,326.4604,0.0014122725,0.008097768,0.6,-0.01026853360235691,0.009350252337753773,252
1,2026-08-03,DLTA,1780.0,1782.4983,0.0014034748,0.002616763,0.6,-0.0026771784760057926,0.005243181716650724,253
1,2026-08-03,PTDU,70.0,70.09675,0.0013821125,0.0013821125,1.0,0.0013821125030517578,0.0013821125030517578,254
1,2026-08-03,EXCL,2440.0,2443.3032,0.0013537407,0.006391406,0.6,-0.006964623928070068,0.007305645849555731,255
1,2026-08-03,APLN,124.0,124.15798,0.0012740612,0.0044140816,0.6,-0.02280599996447563,0.024339888244867325,256
1,2026-08-03,CMNP,1340.0,1341.7015,0.001269877,0.0019702911,0.8,-0.003934967331588268,0.005399346351623535,257
1,2026-08-03,AUTO,2750.0,2753.3247,0.0012090325,0.0018554926,0.8,-0.0069303871132433414,0.008127831853926182,258
1,2026-08-03,KBLI,324.0,324.34756,0.0010727525,0.00064861774,0.6,-0.0014271021354943514,0.0036187409423291683,259
1,2026-08-03,MLIA,232.0,232.2353,0.0010142565,0.00023806095,1.0,0.00023806095123291016,0.0025666472502052784,260
1,2026-08-03,BCIP,64.0,64.05962,0.0009316206,0.0029524565,0.8,-0.003526615910232067,0.0032995939254760742,261
1,2026-08-03,BSBK,52.0,52.048088,0.00092482567,0.000207901,0.8,-0.00426638126373291,0.006832956336438656,262
1,2026-08-03,BNGA,1650.0,1651.5111,0.0009157896,0.0010763407,0.6,-0.004507482051849365,0.007207011338323355,263
1,2026-08-03,MAYA,196.0,196.17038,0.0008693695,0.0063898563,0.8,-0.019210051745176315,0.015814803540706635,264
1,2026-08-03,STTP,9750.0,9757.178,0.0007361531,0.0012187958,0.6,-0.005037939641624689,0.007157181855291128,265
1,2026-08-03,DSFI,80.0,80.05514,0.0006892085,0.0052802563,0.6,-0.015223467722535133,0.014222381636500359,266
1,2026-08-03,SDPC,181.0,181.12326,0.0006809592,0.0012214184,0.6,-0.005648291204124689,0.0066113946959376335,267
1,2026-08-03,PORT,865.0,865.5786,0.00066891906,0.0038871765,0.6,-0.016270244494080544,0.016347812488675117,268
1,2026-08-03,IDPR,290.0,290.15704,0.00054147246,0.0002527237,0.6,-0.0032099485397338867,0.004120659548789263,269
1,2026-08-03,ENZO,66.0,66.03208,0.0004860997,5.9604645e-07,0.6,-0.013965249061584473,0.014856027439236641,270
1,2026-08-03,PDES,374.0,374.1515,0.00040506123,0.007171035,0.6,-0.023149240761995316,0.020233154296875,271
1,2026-08-03,DGNS,232.0,232.06302,0.0002715707,0.005791664,0.6,-0.012719523161649704,0.009110808372497559,272
1,2026-08-03,POWR,725.0,725.17035,0.00023494959,0.0007827282,0.6,-0.005015921778976917,0.004908204078674316,273
1,2026-08-03,BREN,3350.0,3350.4614,0.00013767481,0.0015232563,0.8,-0.0038788914680480957,0.0027686594985425472,274
1,2026-08-03,TRUS,412.0,412.03516,8.529425e-05,0.001595974,0.6,-0.007409274578094482,0.007039641495794058,275
2,2026-08-04,BWPT,96.88271,106.419945,0.0989777,0.06956446,0.8,-0.014848839491605759,0.2453652322292328,1
2,2026-08-04,TIFA,349.2273,377.97095,0.076597,0.05971694,0.8,-0.020194482058286667,0.1941225528717041,2
2,2026-08-04,BAPI,20.715498,21.866045,0.05709541,0.07585955,1.0,0.006476188078522682,0.09879209846258163,3
2,2026-08-04,LOPI,59.52309,61.871258,0.03955462,0.034284353,1.0,0.02404611185193062,0.059094782918691635,4
2,2026-08-04,MDIA,192.00586,197.62027,0.033808183,0.01771164,0.6,-0.04056309536099434,0.11646533012390137,5
2,2026-08-04,VIVA,44.270943,45.773476,0.032765448,0.005666375,0.6,-0.018050752580165863,0.09439118206501007,6
2,2026-08-04,ELPI,686.11584,705.2316,0.030052591,0.035345078,0.6,-0.03477822616696358,0.09983958303928375,7
2,2026-08-04,SSTM,406.67154,417.32657,0.025667489,0.032085896,0.8,-0.014326393604278564,0.05811881646513939,8
2,2026-08-04,GZCO,179.5148,184.05272,0.02566458,0.0035688877,0.6,-0.012124335393309593,0.07862643897533417,9
2,2026-08-04,INDY,2556.6055,2621.217,0.024960626,0.03490007,0.8,-0.02537442371249199,0.06649570167064667,10
2,2026-08-04,HBAT,215.57654,220.2979,0.022033323,0.024567246,0.6,-0.0196714885532856,0.0666552484035492,11
2,2026-08-04,NANO,27.215763,27.827435,0.02187357,0.028425574,0.8,-0.035636305809020996,0.07391435652971268,12
2,2026-08-04,PRDA,2389.4954,2440.5828,0.021852743,0.0030355453,0.6,-0.006866848096251488,0.06985317170619965,13
2,2026-08-04,LMAX,109.40305,111.85525,0.021819854,0.010175109,0.8,-0.004007673356682062,0.05709697678685188,14
2,2026-08-04,KLAS,75.54336,77.1758,0.021577884,0.013056874,1.0,0.00553629407659173,0.04191594198346138,15
2,2026-08-04,BLES,197.49474,201.64449,0.021205867,0.030689597,0.8,-0.012161719612777233,0.05017168074846268,16
2,2026-08-04,BAJA,232.53638,237.41159,0.021195913,0.015545368,0.8,4.744529724121094e-05,0.04495050758123398,17
2,2026-08-04,WMPP,22.758924,23.225891,0.019398903,0.045677423,0.6,-0.05853041261434555,0.07795043289661407,18
2,2026-08-04,IPAC,163.32045,166.37053,0.018704701,0.018754363,0.8,-0.0022562979720532894,0.0411340668797493,19
2,2026-08-04,MPRO,10303.583,10493.224,0.01862141,0.004343152,0.6,-0.013249349780380726,0.06465858966112137,20
2,2026-08-04,TKIM,6457.011,6573.311,0.01858666,0.006797433,0.8,-0.02039952203631401,0.061766788363456726,21
2,2026-08-04,BULL,459.32715,467.6363,0.017633617,0.029906392,0.8,-0.012017738074064255,0.03690347820520401,22
2,2026-08-04,SGER,478.21216,486.24927,0.017234957,0.004000187,0.6,-0.02815300226211548,0.0744733065366745,23
2,2026-08-04,BELI,250.00998,254.24748,0.017057395,0.014100194,0.8,0.003513932228088379,0.030474161729216576,24
2,2026-08-04,MEDC,1248.8538,1269.8141,0.01655512,0.0180372,0.8,-0.0028650760650634766,0.03205113485455513,25
2,2026-08-04,PBSA,744.6837,757.09235,0.016486168,0.009272575,0.6,-0.014536535367369652,0.05111946910619736,26
2,2026-08-04,PMJS,114.68825,116.541214,0.016266655,0.020714879,0.8,-0.001630234532058239,0.03061959706246853,27
2,2026-08-04,IMPC,1513.6599,1538.0432,0.016245782,0.008397102,0.8,0.0006041884189471602,0.03628230094909668,28
2,2026-08-04,MPPA,46.837543,47.57575,0.015929425,0.017777205,0.8,-0.00200573168694973,0.03272506967186928,29
2,2026-08-04,MAPA,642.52686,652.5643,0.01588292,0.01599133,0.8,-0.007750081829726696,0.03914747014641762,30
2,2026-08-04,OASA,336.53412,342.08447,0.015858721,0.022745013,0.8,-0.01757638528943062,0.04440862685441971,31
2,2026-08-04,MANG,39.214252,39.808094,0.015297604,0.010485649,0.8,-0.01031956635415554,0.044078562408685684,32
2,2026-08-04,SHIP,2020.0918,2054.8315,0.015246141,0.00074493885,0.6,-0.020324265584349632,0.06499534845352173,33
2,2026-08-04,DKHH,61.468964,62.344536,0.014326692,0.015051603,1.0,0.007356691174209118,0.021718667820096016,34
2,2026-08-04,PPRO,15.613092,15.830919,0.013959539,0.004320264,0.8,-3.4797179978340864e-05,0.03821124508976936,35
2,2026-08-04,BSML,534.7272,541.9359,0.013670802,0.002728343,0.6,-0.004027294926345348,0.036527179181575775,36
2,2026-08-04,BOGA,1649.8357,1672.0117,0.013460016,0.01699388,0.6,-0.020281195640563965,0.04412055015563965,37
2,2026-08-04,SMRA,326.4604,330.6989,0.012996125,0.01852119,0.8,-0.00017709704115986824,0.021792221814393997,38
2,2026-08-04,MEDS,76.3701,77.36177,0.012965584,0.00763011,0.8,-0.0043852804228663445,0.03593766316771507,39
2,2026-08-04,MAPB,1169.9652,1184.6604,0.012771869,0.01114583,1.0,0.003097248263657093,0.02443668618798256,40
2,2026-08-04,ENZO,66.03208,66.84091,0.012281609,0.008485079,1.0,0.003176045371219516,0.025274990126490593,41
2,2026-08-04,DOOH,247.0856,250.21394,0.01175735,0.010142446,0.6,-0.029690314084291458,0.058752745389938354,42
2,2026-08-04,SMDM,554.94324,561.2556,0.011468947,0.007901907,0.8,0.0015552402473986149,0.02249283716082573,43
2,2026-08-04,MIRA,23.682728,23.92175,0.011393202,0.0063529015,0.6,-0.0364174023270607,0.0636022537946701,44
2,2026-08-04,TAMU,21.241266,21.489073,0.011381924,0.011062622,0.8,-0.013360845856368542,0.037320561707019806,45
2,2026-08-04,NASA,29.802242,30.130249,0.011198103,0.010928869,0.8,-0.0019176839850842953,0.02544691413640976,46
2,2026-08-04,CYBR,535.6635,541.20264,0.010958934,0.015721679,0.6,-0.02061746083199978,0.042351409792900085,47
2,2026-08-04,MARK,1091.3226,1103.2284,0.010687768,0.015775561,0.8,-0.009106647223234177,0.02418532408773899,48
2,2026-08-04,SMKL,142.14365,143.53297,0.010158932,0.00032246113,0.6,-0.017749667167663574,0.04670848697423935,49
2,2026-08-04,PDES,374.1515,377.83722,0.0099516865,0.0034062862,1.0,0.0024110078811645508,0.022036192938685417,50
2,2026-08-04,SPMA,161.62042,163.20523,0.0098626735,0.0075104237,0.8,0.0004274011589586735,0.020254921168088913,51
2,2026-08-04,KEEN,871.1489,879.57294,0.009577299,0.0010819435,0.6,-0.0052307844161987305,0.032651133835315704,52
2,2026-08-04,BMBL,32.30122,32.590202,0.009096372,0.005726099,0.6,-0.004099488258361816,0.027202244848012924,53
2,2026-08-04,LIVE,206.55855,208.42758,0.009019625,0.018503666,0.6,-0.017492283135652542,0.03102238103747368,54
2,2026-08-04,IKAN,83.8039,84.56279,0.0089926,0.011238098,0.8,0.00127754220739007,0.015228413976728916,55
2,2026-08-04,PADI,67.38338,68.0432,0.008951115,0.01202476,0.6,-0.026376282796263695,0.03965272754430771,56
2,2026-08-04,GPRA,101.218735,102.1118,0.008741533,0.012389779,0.6,-0.02098926156759262,0.034744858741760254,57
2,2026-08-04,MSIE,100.82402,101.67564,0.008698702,0.012364149,0.6,-0.0169090386480093,0.03284313529729843,58
2,2026-08-04,ASII,5061.217,5104.9697,0.008684361,0.009747386,0.8,-0.00038293597754091024,0.017754649743437767,59
2,2026-08-04,SIPD,685.8756,691.79376,0.008647275,0.009359956,1.0,0.0014099598629400134,0.016148900613188744,60
2,2026-08-04,UNIC,14989.719,15110.578,0.008633852,0.013811588,0.8,-0.017587803304195404,0.029764175415039062,61
2,2026-08-04,VKTR,774.7904,781.31647,0.0085852025,0.005595207,0.6,-0.005367875099182129,0.02391963079571724,62
2,2026-08-04,RLCO,5387.9146,5431.6226,0.008549428,0.012030363,0.8,-0.012007689103484154,0.024294257164001465,63
2,2026-08-04,MCAS,258.25644,260.7283,0.008480251,0.040982604,0.6,-0.0859612450003624,0.08993713557720184,64
2,2026-08-04,RONY,1282.2529,1292.467,0.00841434,0.010184407,0.6,-0.014582360163331032,0.03213641420006752,65
2,2026-08-04,TOOL,64.42609,64.96959,0.008403027,0.011078358,0.8,0.00046798004768788815,0.014261770062148571,66
2,2026-08-04,MOLI,265.01108,267.14667,0.008211851,0.01563406,0.8,-0.009212588891386986,0.018636416643857956,67
2,2026-08-04,DSNG,1357.2311,1368.3773,0.008097577,0.01121974,0.8,-0.0021525858901441097,0.015195513144135475,68
2,2026-08-04,IPTV,30.779978,31.02677,0.008035004,0.015000939,0.6,-0.010129189118742943,0.023398898541927338,69
2,2026-08-04,AMMN,4198.585,4231.33,0.008006191,0.014504433,0.6,-0.024755168706178665,0.03997938334941864,70
2,2026-08-04,AISA,116.373375,117.24583,0.008005619,0.009941578,0.8,-0.019171498715877533,0.03271820396184921,71
2,2026-08-04,CHEM,63.028187,63.513012,0.007973516,9.441376e-05,0.6,-0.0032941102981567383,0.026906058192253113,72
2,2026-08-04,GMFI,54.963154,55.382526,0.007925307,0.024090767,0.6,-0.025410210713744164,0.030577873811125755,73
2,2026-08-04,KIOS,95.295166,96.03706,0.007797909,0.004135847,0.6,-0.008905529975891113,0.028859611600637436,74
2,2026-08-04,HELI,185.74945,187.18661,0.0077736615,0.0122897625,0.6,-0.007166123483330011,0.01964726485311985,75
2,2026-08-04,AMAN,247.01035,248.8988,0.007589209,0.0067614317,0.8,-0.006323373410850763,0.021561715751886368,76
2,2026-08-04,SAGE,34.409332,34.669624,0.007531238,0.009938717,0.6,-0.013916361145675182,0.029220936819911003,77
2,2026-08-04,TAMA,266.89563,268.53516,0.007425225,0.020605326,0.8,-0.053077828139066696,0.052134156227111816,78
2,2026-08-04,PUDP,296.10944,298.2054,0.007221925,0.006624818,0.6,-0.005877792835235596,0.022015664726495743,79
2,2026-08-04,TNCA,167.12933,168.24422,0.0070842383,0.01163435,0.6,-0.05479729175567627,0.062450144439935684,80
2,2026-08-04,DGNS,232.06302,233.73047,0.007069218,0.004364252,0.6,-0.009492290206253529,0.02403116226196289,81
2,2026-08-04,AHAP,90.88923,91.49269,0.006958318,0.01429677,0.8,-0.011036396026611328,0.019701408222317696,82
2,2026-08-04,WIDI,25.784597,25.960138,0.006872463,0.006580353,0.8,0.0005422115791589022,0.013074898160994053,83
2,2026-08-04,HRUM,830.8771,836.5975,0.0068338634,0.0010322332,0.6,-0.011959278956055641,0.027293968945741653,84
2,2026-08-04,SMIL,394.5278,397.19653,0.0068172934,0.00011909008,1.0,0.00011909008026123047,0.019084881991147995,85
2,2026-08-04,KOPI,210.1477,211.40816,0.0067994474,0.004999876,0.6,-0.03593432903289795,0.05240494757890701,86
2,2026-08-04,BKDP,170.74959,171.94244,0.006776595,0.012106061,0.6,-0.012993681244552135,0.025375626981258392,87
2,2026-08-04,BUDI,214.18367,215.61006,0.0066673756,0.0019264221,0.8,-0.001296353293582797,0.019353743642568588,88
2,2026-08-04,TAPG,1761.9261,1773.8147,0.0066444874,0.006700635,0.8,-0.006981611251831055,0.01898925192654133,89
2,2026-08-04,BBMD,2012.7559,2025.6252,0.006416249,0.002301097,0.6,-0.006946575827896595,0.021829819306731224,90
2,2026-08-04,RSCH,323.38757,325.33783,0.006406081,0.0031723976,0.6,-0.017153751105070114,0.03551287204027176,91
2,2026-08-04,GGRM,18892.662,19011.654,0.0063566207,0.011308193,0.6,-0.011078918352723122,0.021122168749570847,92
2,2026-08-04,BHIT,26.044449,26.207026,0.006350112,0.00463748,0.8,-0.004550504498183727,0.019358418881893158,93
2,2026-08-04,ANJT,1477.1311,1486.5884,0.0063355686,0.004233241,0.6,-0.011587667278945446,0.027006743475794792,94
2,2026-08-04,PRIM,99.445076,100.062096,0.006286609,0.00085675716,0.6,-0.0058768270537257195,0.020748019218444824,95
2,2026-08-04,RAJA,907.5283,913.55896,0.006241751,0.010905147,0.6,-0.05182255432009697,0.05887248367071152,96
2,2026-08-04,HATM,530.32434,533.97156,0.0062343716,0.0016481876,0.6,-0.01692814752459526,0.03136255592107773,97
2,2026-08-04,CLEO,383.8448,386.2025,0.0061411737,0.0056836605,0.8,0.0002159714640583843,0.012711858376860619,98
2,2026-08-04,INCI,657.92236,661.8966,0.006053758,0.0016071796,0.8,-0.00307028298266232,0.016940761357545853,99
2,2026-08-04,SCNP,156.00447,156.94069,0.0060448525,0.0068341494,0.6,-0.0030691982246935368,0.014540004543960094,100
2,2026-08-04,PANI,6191.1104,6227.0225,0.0060047386,0.006445408,0.6,-0.018254077062010765,0.030153177678585052,101
2,2026-08-04,ADES,33469.11,33685.09,0.0059925793,0.007015109,0.8,-0.018277190625667572,0.027396202087402344,102
2,2026-08-04,CMNT,804.20636,809.00793,0.00597775,0.00802815,0.8,-0.0004291534423828125,0.010500955395400524,103
2,2026-08-04,KBLM,301.31705,303.0713,0.0057941796,0.0052365065,0.8,-0.010610615834593773,0.021323107182979584,104
2,2026-08-04,OBAT,242.89185,244.25285,0.005765426,0.0072695017,0.6,-0.01177961751818657,0.02289099618792534,105
2,2026-08-04,NFCX,1511.6335,1520.2036,0.0055795787,0.0042186975,0.6,-0.018073618412017822,0.030941437929868698,106
2,2026-08-04,BBCA,6267.8877,6302.6123,0.0055686235,0.0067441463,0.6,-0.004688620567321777,0.014940738677978516,107
2,2026-08-04,GRPM,222.8569,223.95914,0.0054677604,0.0022392273,0.6,-0.011749613098800182,0.025080488994717598,108
2,2026-08-04,PURA,32.668736,32.834526,0.0054140566,0.0061256886,0.6,-0.008963393978774548,0.01966063864529133,109
2,2026-08-04,SOCI,428.83276,431.13617,0.0053789853,0.0067282915,0.8,-0.0035702944733202457,0.013259219005703926,110
2,2026-08-04,BOBA,231.77605,233.0199,0.0053455113,0.0078088045,0.8,-0.0014931440819054842,0.010602116584777832,111
2,2026-08-04,KUAS,90.43332,90.9143,0.005318737,0.006615162,0.6,-0.0016817807918414474,0.011620402336120605,112
2,2026-08-04,KOCI,98.075516,98.58266,0.005304241,0.01498425,0.8,-0.011594176292419434,0.015309405513107777,113
2,2026-08-04,MTDL,502.9996,505.6363,0.005248451,0.006489396,0.8,0.0009279251098632812,0.00869300402700901,114
2,2026-08-04,MBSS,2866.1414,2880.6106,0.0051289797,0.003382206,0.6,-0.01770566776394844,0.030847810208797455,115
2,2026-08-04,MMLP,293.3938,294.87238,0.0050468445,0.0043541193,0.8,-6.480212323367596e-05,0.010851215571165085,116
2,2026-08-04,KLIN,118.71439,119.36723,0.005044973,0.013036609,0.6,-0.030269360169768333,0.036511607468128204,117
2,2026-08-04,MGRO,705.59216,709.0413,0.004916179,0.0066685677,0.8,-0.0031849979422986507,0.012257575057446957,118
2,2026-08-04,VAST,113.76459,114.32149,0.004899359,0.0014410019,0.6,-0.004393339157104492,0.01589035987854004,119
2,2026-08-04,IMJS,157.70737,158.45251,0.0047987103,0.013542056,0.6,-0.012765097431838512,0.01765122450888157,120
2,2026-08-04,BPFI,263.85614,265.04312,0.0046439646,0.00412488,0.6,-0.013707304373383522,0.023868463933467865,121
2,2026-08-04,DSFI,80.05514,80.417915,0.0046284557,0.0066474676,0.6,-0.012486803345382214,0.020615004003047943,122
2,2026-08-04,SMSM,1807.3757,1815.7039,0.0046198964,0.0016822815,0.6,-0.00635452289134264,0.017566584050655365,123
2,2026-08-04,MDKI,183.13939,183.98347,0.0045880554,0.0050445795,0.6,-0.004329359624534845,0.014060281217098236,124
2,2026-08-04,URBN,210.06885,211.02495,0.0045719147,0.005319476,0.6,-0.008192300796508789,0.017632674425840378,125
2,2026-08-04,GOLF,159.43558,160.16016,0.0045574666,0.0035539865,1.0,0.0015350818866863847,0.008868670091032982,126
2,2026-08-04,CSMI,72.5684,72.907425,0.0045377254,0.00057947636,0.8,-0.005301284603774548,0.018169209361076355,127
2,2026-08-04,GWSA,127.04262,127.597984,0.0044358135,0.009208322,0.6,-0.014046693220734596,0.020969104021787643,128
2,2026-08-04,CCSI,242.26372,243.33784,0.0044299364,0.0029509068,0.6,-0.002897751284763217,0.012436509132385254,129
2,2026-08-04,DNAR,125.751076,126.30029,0.004337549,0.0042996407,0.8,-0.014112520031630993,0.02094895765185356,130
2,2026-08-04,AMAR,218.82292,219.76591,0.0043130396,0.0033804178,0.6,-0.008806323632597923,0.01864020712673664,131
2,2026-08-04,BCIP,64.05962,64.32598,0.004156542,0.006042123,0.8,-0.004190611653029919,0.010955332778394222,132
2,2026-08-04,BIRD,1616.8649,1623.5219,0.0041490076,0.0016708374,1.0,0.0008575439569540322,0.009409260004758835,133
2,2026-08-04,CARS,90.78429,91.15528,0.004116833,0.004154682,0.8,-0.0023544193245470524,0.010773682035505772,134
2,2026-08-04,ADMG,224.96538,225.91422,0.0040701865,0.0020352602,0.6,-0.009615862742066383,0.019374823197722435,135
2,2026-08-04,FMII,249.05225,250.05453,0.004046619,0.0020631552,0.6,-0.005320263095200062,0.015435051172971725,136
2,2026-08-04,SMBR,163.00261,163.65796,0.004042506,0.00020444393,0.6,-0.0056996941566467285,0.01728811115026474,137
2,2026-08-04,GHON,1630.0554,1636.5237,0.0039929627,0.0014203787,0.6,-0.003941989038139582,0.013327288441359997,138
2,2026-08-04,LPIN,421.59042,423.20328,0.003830254,0.0043804646,0.8,-0.0033038496039807796,0.010393881238996983,139
2,2026-08-04,UFOE,134.84328,135.34904,0.0038293242,0.004819989,0.6,-0.009576380252838135,0.015535902231931686,140
2,2026-08-04,ARTA,2474.1501,2483.6785,0.0037643195,0.0082684755,0.6,-0.010489118285477161,0.01635289005935192,141
2,2026-08-04,BMAS,486.58466,488.3957,0.0037278174,0.007797599,0.8,-0.00552523136138916,0.009571933187544346,142
2,2026-08-04,KKES,68.38536,68.63632,0.0036650538,0.008867383,0.8,-0.009488308802247047,0.013174437917768955,143
2,2026-08-04,KOKA,191.89055,192.60641,0.0036450983,0.0046607256,0.6,-0.016419757157564163,0.023911403492093086,144
2,2026-08-04,BOLA,163.04114,163.63371,0.003639841,0.009148359,0.6,-0.010059463791549206,0.01409287378191948,145
2,2026-08-04,SURE,2801.9712,2812.1475,0.0036341785,0.0018042326,0.8,-0.0015532135730609298,0.009490465745329857,146
2,2026-08-04,BAYU,1090.0471,1093.9338,0.0036225081,0.006711483,0.6,-0.009160542860627174,0.014604877680540085,147
2,2026-08-04,MPIX,95.38853,95.72357,0.0035146712,0.001956582,1.0,0.001452112221159041,0.0064047095365822315,148
2,2026-08-04,BRAM,4487.7764,4503.315,0.0034861802,0.0023418665,0.6,-0.00414320221170783,0.011860680766403675,149
2,2026-08-04,BJBR,787.079,789.7933,0.0034564375,0.0014821291,0.8,0.00022236112272366881,0.007490420248359442,150
2,2026-08-04,INKP,8342.122,8371.429,0.003414452,0.004511833,0.8,-0.007097494322806597,0.011961388401687145,151
2,2026-08-04,PNSE,484.955,486.59808,0.0034007789,0.0019309521,0.8,-0.0011128901969641447,0.009402869269251823,152
2,2026-08-04,ASGR,1782.6277,1788.7379,0.0033794404,0.002280116,0.6,-0.010966742411255836,0.019043993204832077,153
2,2026-08-04,PJAA,449.47202,450.9629,0.0033093572,0.005389571,0.8,-0.003521549515426159,0.00773541908711195,154
2,2026-08-04,IFII,204.74915,205.40933,0.003185916,0.0051282644,0.6,-0.009098219685256481,0.014681266620755196,155
2,2026-08-04,OMRE,1052.3018,1055.3868,0.003131032,0.0051043034,0.6,-0.015122687444090843,0.020681118592619896,156
2,2026-08-04,PSGO,195.83018,196.43361,0.0031025172,0.001065731,0.6,-0.0004633903445210308,0.007670283317565918,157
2,2026-08-04,SMAR,5950.8193,5968.402,0.003091216,0.0037853718,0.6,-0.008600163273513317,0.015388987958431244,158
2,2026-08-04,SAME,296.50323,297.41327,0.0030694245,0.00033295155,0.8,-0.003679299261420965,0.011971162632107735,159
2,2026-08-04,UVCR,149.3243,149.74072,0.0030343295,0.007260084,0.6,-0.023027323186397552,0.025653433054685593,160
2,2026-08-04,WAPO,119.05299,119.409325,0.0030188323,0.005150914,0.6,-0.0033632158301770687,0.008205508813261986,161
2,2026-08-04,BNBA,731.09064,733.2545,0.002964008,0.0075700283,0.6,-0.006633734330534935,0.009412026032805443,162
2,2026-08-04,ANDI,16.82793,16.883259,0.0029494644,0.0011976957,0.6,-0.015161216259002686,0.022944830358028412,163
2,2026-08-04,JTPE,610.4501,612.21564,0.0029364943,0.003050685,0.6,-0.005003022961318493,0.010647416114807129,164
2,2026-08-04,AXIO,111.83284,112.156395,0.002920997,0.0023450851,0.6,-0.0030343651305884123,0.009346436709165573,165
2,2026-08-04,BUKA,118.11782,118.43423,0.0028818368,0.005154252,0.6,-0.014143931679427624,0.019620202481746674,166
2,2026-08-04,PTSP,893.0513,895.6134,0.0028337718,0.0026738644,0.8,-0.006656980607658625,0.012035058811306953,167
2,2026-08-04,BPTR,75.35763,75.57015,0.00281986,0.0012186766,0.8,-0.0031770109198987484,0.010006188414990902,168
2,2026-08-04,ASMI,15.621234,15.666148,0.002790761,0.007133007,0.6,-0.013930225744843483,0.01765298657119274,169
2,2026-08-04,LABS,149.95883,150.37265,0.0027573346,0.0012505054,0.6,-0.0029418705962598324,0.010466240346431732,170
2,2026-08-04,GDYR,1092.7024,1095.6526,0.0027041316,0.0021845102,0.6,-0.001962995622307062,0.00738446693867445,171
2,2026-08-04,BTPN,2196.257,2201.8848,0.0026416301,0.00011777878,0.6,-0.010452019982039928,0.019315477460622787,172
2,2026-08-04,CANI,141.3057,141.66911,0.0025956868,0.0012131929,0.8,-3.6859513784293085e-05,0.006505035795271397,173
2,2026-08-04,CLPI,1583.1288,1587.1139,0.0025535822,0.00030851364,0.6,-0.004625058267265558,0.011063646525144577,174
2,2026-08-04,SBMA,106.91447,107.18544,0.0025153398,0.0041964054,0.6,-0.0027195573784410954,0.007237863261252642,175
2,2026-08-04,JSMR,2727.2927,2733.8276,0.0023990036,0.004978299,0.6,-0.010201597586274147,0.0134323351085186,176
2,2026-08-04,GULA,795.35516,797.0496,0.0023698926,0.004006028,0.6,-0.014250779524445534,0.01795940287411213,177
2,2026-08-04,AKPI,502.67963,503.8322,0.0023313642,0.0019898415,0.6,-0.004516339395195246,0.010399745777249336,178
2,2026-08-04,ERAL,301.348,302.03275,0.0022620081,0.0010322332,0.6,-0.004467880818992853,0.01025848276913166,179
2,2026-08-04,ASLC,63.276062,63.405945,0.0022603392,0.00046944618,0.6,-0.016055822372436523,0.024753829464316368,180
2,2026-08-04,PANS,1533.6855,1537.0486,0.0022002936,0.002348423,0.8,-0.003641748335212469,0.007815384306013584,181
2,2026-08-04,PSAT,846.9297,848.80225,0.0021874546,0.001103878,0.6,-0.008044433780014515,0.014055799692869186,182
2,2026-08-04,MLBI,6799.905,6814.9,0.0021849393,0.005872011,0.8,-0.0060156104154884815,0.007093906402587891,183
2,2026-08-04,RAAM,208.48087,208.92265,0.0021797656,0.005422592,0.6,-0.009159433655440807,0.012303685769438744,184
2,2026-08-04,TUGU,1213.3242,1215.7676,0.0020662188,0.0050168037,0.6,-0.007617926225066185,0.01013877335935831,185
2,2026-08-04,AADI,9256.822,9276.581,0.0020608543,0.0036832094,0.6,-0.006745410151779652,0.009981059469282627,186
2,2026-08-04,IRRA,376.2946,377.04163,0.001989305,0.002105713,0.6,-0.00041081904782913625,0.0046364543959498405,187
2,2026-08-04,PTPW,1127.6504,1129.8679,0.0019799948,0.00064504147,1.0,0.0006450414657592773,0.004649900831282139,188
2,2026-08-04,JGLE,64.61515,64.73856,0.0019465089,0.0053366423,0.6,-0.019436204805970192,0.02240617200732231,189
2,2026-08-04,TFCO,719.6564,720.992,0.0019297481,0.0001758337,0.6,-0.013137971982359886,0.02010476216673851,190
2,2026-08-04,ALDO,840.55505,841.92004,0.0019205809,0.007138014,0.6,-0.023522639647126198,0.02722899615764618,191
2,2026-08-04,ESIP,129.52226,129.77988,0.0018324613,0.006596923,0.6,-0.015344667248427868,0.016173813492059708,192
2,2026-08-04,POLI,719.5025,720.64386,0.0017933846,0.0038229227,0.8,-0.015362953767180443,0.01564342901110649,193
2,2026-08-04,ALKA,1646.2281,1651.0029,0.0017336846,0.011575103,0.6,-0.03988804668188095,0.03522181138396263,194
2,2026-08-04,PNGO,3565.2612,3571.3345,0.0017057061,0.0027854443,0.8,-0.0017578959232196212,0.004215693566948175,195
2,2026-08-04,PRAY,705.2878,706.4112,0.0016752839,0.003220439,0.8,-0.005646312143653631,0.007325267419219017,196
2,2026-08-04,MTEL,458.80533,459.545,0.0016211629,0.0046901703,0.6,-0.007991289719939232,0.00949854776263237,197
2,2026-08-04,KINO,1222.5894,1224.4557,0.0016125322,0.0037140846,0.6,-0.01729132980108261,0.0190093033015728,198
2,2026-08-04,RMKE,414.60214,415.12198,0.0015987993,0.00092053413,0.6,-0.019496500492095947,0.024058077484369278,199
2,2026-08-04,INDF,6991.4775,7002.4688,0.0015681982,0.0014801025,0.8,-0.0020758388563990593,0.004938483238220215,200
2,2026-08-04,MAPI,1554.5115,1556.9543,0.0015310288,0.0019857883,0.6,-0.003084242343902588,0.005996131803840399,201
2,2026-08-04,ERTX,174.52556,174.78915,0.0014683843,0.006940007,0.6,-0.012357795611023903,0.011439942754805088,202
2,2026-08-04,NATO,661.41003,662.3658,0.0014415861,8.833408e-05,0.6,-0.007612311746925116,0.010631870478391647,203
2,2026-08-04,ADRO,2464.2605,2467.6555,0.001379919,0.0029284954,0.6,-0.006791519932448864,0.008574675768613815,204
2,2026-08-04,JATI,94.44679,94.57847,0.0013591766,0.001306057,0.6,-0.007793331053107977,0.010815548710525036,205
2,2026-08-04,IPOL,105.04961,105.18855,0.0013287782,0.0006417036,0.8,-0.0002340793434996158,0.0032360076438635588,206
2,2026-08-04,SICO,106.369095,106.498886,0.0012479902,0.0011028051,0.6,-0.004880142398178577,0.007499623112380505,207
2,2026-08-04,MREI,917.8568,918.9248,0.0011698722,0.000100016594,1.0,0.00010001659393310547,0.003309583058580756,208
2,2026-08-04,DMND,617.6283,618.28314,0.0010964036,0.0036576986,0.6,-0.007924461737275124,0.00941681768745184,209
2,2026-08-04,JRPT,1079.5583,1080.6536,0.0010126829,0.0014880896,0.8,-0.0017333030700683594,0.003398108296096325,210
2,2026-08-04,DATA,1992.8625,1994.6833,0.00097515585,0.010874987,0.6,-0.026859736070036888,0.02191338501870632,211
2,2026-08-04,BBSI,4678.1025,4682.495,0.00094823836,0.00085771084,0.8,-0.002903032349422574,0.004745387472212315,212
2,2026-08-04,DLTA,1782.4983,1784.1188,0.00090947154,0.0007584095,0.8,-0.0004590749740600586,0.0024354455526918173,213
2,2026-08-04,BATA,59.41358,59.466003,0.0008853435,0.00016021729,1.0,6.151199340820312e-05,0.0024540419690310955,214
2,2026-08-04,SMMT,1841.4043,1842.9395,0.00081964734,0.0021787882,0.6,-0.004105269908905029,0.004596805199980736,215
2,2026-08-04,SOSS,872.92053,873.6422,0.00081589224,0.00043225288,0.6,-0.002000486943870783,0.0040541645139455795,216
2,2026-08-04,STAR,276.18286,276.40222,0.0007947922,0.00091826916,1.0,0.0005478382227011025,0.000918269157409668,217
2,2026-08-04,IBFN,62.94822,62.990288,0.0006684065,0.0006684065,1.0,0.0006684064865112305,0.0006684064865112305,218
2,2026-08-04,TBMS,1166.4421,1167.1527,0.0006324649,0.0018423796,0.6,-0.003176820231601596,0.00390031305141747,219
2,2026-08-04,DPUM,99.253395,99.313354,0.0006068468,0.004260421,0.8,-0.007083678152412176,0.004761219024658203,220
2,2026-08-04,DRMA,946.629,947.1582,0.0005912304,0.004405856,0.6,-0.012713467702269554,0.012470506131649017,221
2,2026-08-04,IBST,8747.402,8751.819,0.00050497055,0.00050497055,1.0,0.0005049705505371094,0.0005049705505371094,222
2,2026-08-04,INDX,57.011086,57.0396,0.0005002022,0.0005002022,1.0,0.0005002021789550781,0.0005002021789550781,223
2,2026-08-04,DIGI,29.415836,29.429977,0.00048077106,0.00048077106,1.0,0.0004807710647583008,0.0004807710647583008,224
2,2026-08-04,KIJA,129.24583,129.2895,0.00047369004,0.0069077015,0.6,-0.014149462804198265,0.012014316394925117,225
2,2026-08-04,GOLD,257.76166,257.8414,0.00038089752,0.0051472187,0.6,-0.018696820363402367,0.01635877974331379,226
2,2026-08-04,SATU,263.06775,263.1591,0.0003422737,0.0007138252,0.6,-0.0029494999907910824,0.003561663441359997,227
2,2026-08-04,KOIN,78.93091,78.95622,0.000320673,0.000320673,1.0,0.00032067298889160156,0.00032067298889160156,228
2,2026-08-04,ATIC,469.44897,469.5214,0.00027816294,0.00013899803,0.6,-0.013435328379273415,0.013321041129529476,229
2,2026-08-04,GDST,96.488174,96.51445,0.00026167632,0.0032863617,0.6,-0.008386087603867054,0.007121753878891468,230
2,2026-08-04,SMGR,1444.152,1444.4592,0.00024297237,0.013229132,0.6,-0.030683815479278564,0.02212207205593586,231
2,2026-08-04,RGAS,242.46948,242.5942,0.0002369523,0.012374878,0.6,-0.02993873320519924,0.024678848683834076,232
2,2026-08-04,CINT,177.38985,177.42542,0.00023009776,0.002572298,0.6,-0.01412899512797594,0.013189149089157581,233
2,2026-08-04,TSPC,2859.5903,2860.2605,0.00022323131,0.00236094,0.6,-0.00836117286235094,0.007370948791503906,234
2,2026-08-04,UNSP,216.57227,216.61423,0.0001937151,0.0001937151,1.0,0.00019371509552001953,0.00019371509552001953,235
2,2026-08-04,TRIM,561.3247,561.4117,0.00013809204,0.0023534298,0.6,-0.008868932723999023,0.008577249944210052,236
2,2026-08-04,MYTX,39.500668,39.50582,0.00013041496,0.00013041496,1.0,0.0001304149627685547,0.0001304149627685547,237
2,2026-08-04,INTA,61.905994,61.91388,0.00012731552,0.00012731552,1.0,0.00012731552124023438,0.00012731552124023438,238
2,2026-08-04,FITT,357.3775,357.33337,0.000120592114,0.004246235,0.6,-0.019319593906402588,0.01935529336333275,239
2,2026-08-04,JMAS,230.72652,230.75208,0.00011074543,0.00011074543,1.0,0.00011074542999267578,0.00011074542999267578,240
2,2026-08-04,ASPI,402.49738,402.58588,7.359982e-05,0.0020285845,0.6,-0.017404627054929733,0.015271401032805443,241
2,2026-08-04,ZINC,30.275549,30.27769,7.069111e-05,7.069111e-05,1.0,7.069110870361328e-05,7.069110870361328e-05,242
2,2026-08-04,IFSH,1114.8588,1114.7502,6.372928e-05,0.0058472157,0.8,-0.0322861447930336,0.02524275705218315,243
2,2026-08-04,KRAS,219.16202,219.1766,5.3095817e-05,0.0047791004,0.6,-0.01809682697057724,0.015352819114923477,244
2,2026-08-04,AKKU,37.975758,37.977623,4.9114227e-05,4.9114227e-05,1.0,4.9114227294921875e-05,4.9114227294921875e-05,245
2,2026-08-04,MARI,22.298574,22.299496,4.1365623e-05,4.1365623e-05,1.0,4.1365623474121094e-05,4.1365623474121094e-05,246
2,2026-08-04,POLY,32.208916,32.21003,3.4570694e-05,3.4570694e-05,1.0,3.457069396972656e-05,3.457069396972656e-05,247
2,2026-08-04,EDGE,4788.7354,4788.744,1.7881393e-06,1.7881393e-06,1.0,1.7881393432617188e-06,1.7881393432617188e-06,248
3,2026-08-05,LUCY,166.21733,238.40764,2.5304625,0.25460458,0.8,-0.03653188794851303,7.394444942474365,1
3,2026-08-05,PMUI,83.79457,88.73419,0.06596714,0.00045704842,0.6,-0.013153159990906715,0.2089947611093521,2
3,2026-08-05,IRSX,325.24365,337.81033,0.042469777,0.023566246,0.8,-0.047665033489465714,0.1459996998310089,3
3,2026-08-05,BRPT,1786.191,1847.1185,0.035163116,0.03507197,0.8,0.0017301321495324373,0.0724714994430542,4
3,2026-08-05,EPAC,62.082172,64.03953,0.033435963,0.0032391548,1.0,0.0012604236835613847,0.09342151880264282,5
3,2026-08-05,HOPE,207.87068,213.35625,0.028620875,0.018512487,0.8,-0.01666361093521118,0.07851243019104004,6
3,2026-08-05,VIVA,45.773476,47.166954,0.028215218,0.035133004,0.8,-0.013263893313705921,0.0647483840584755,7
3,2026-08-05,SDRA,229.08423,233.7864,0.024479901,0.0047768354,0.6,-0.04951448366045952,0.115520179271698,8
3,2026-08-05,EMAS,6299.2427,6446.4946,0.023406316,0.019727707,1.0,0.011096954345703125,0.03955628722906113,9
3,2026-08-05,SGRO,3773.19,3862.7878,0.02283355,0.013467193,0.6,-0.012312805280089378,0.06438601016998291,10
3,2026-08-05,NANO,27.827435,28.380207,0.022789646,0.025512934,0.6,-0.05024503171443939,0.10154787451028824,11
3,2026-08-05,ADES,33685.09,34364.605,0.02140969,0.0028192997,0.6,-0.010432911105453968,0.06336087733507156,12
3,2026-08-05,SSMS,987.0342,1007.8668,0.020977806,0.021021605,1.0,0.008459091186523438,0.03489968553185463,13
3,2026-08-05,KOTA,144.04245,147.23921,0.0209185,0.026443124,0.8,-0.010136162862181664,0.04810664430260658,14
3,2026-08-05,GPSO,285.8869,291.2733,0.018934082,0.021705866,0.8,-0.009487127885222435,0.04215192794799805,15
3,2026-08-05,MLPT,1653.6836,1685.137,0.018716514,0.022285342,0.6,-0.02240307256579399,0.060928601771593094,16
3,2026-08-05,BWPT,106.419945,108.445816,0.018579375,0.01906085,0.8,-0.03149887174367905,0.06676928699016571,17
3,2026-08-05,TIFA,377.97095,385.28012,0.018289756,0.015490174,0.8,-0.0575115904211998,0.08837151527404785,18
3,2026-08-05,TNCA,168.24422,171.29309,0.018218089,0.022602558,0.8,-0.003667473793029785,0.03652944415807724,19
3,2026-08-05,IATA,76.34856,77.60977,0.017582942,0.0109426975,0.6,-0.020796477794647217,0.06354629248380661,20
3,2026-08-05,FORU,2830.9788,2879.4238,0.017466735,0.023635507,0.8,-0.007532930001616478,0.03493607044219971,21
3,2026-08-05,TFCO,720.992,732.65155,0.016240383,0.00835216,0.8,-0.002151083666831255,0.039746686816215515,22
3,2026-08-05,DWGL,372.86057,378.55588,0.0159168,0.0011284351,0.6,-0.003165805246680975,0.04365219920873642,23
3,2026-08-05,DSNG,1368.3773,1389.4796,0.015569913,0.0075529814,0.8,-0.0034888386726379395,0.038002919405698776,24
3,2026-08-05,LPPF,1530.7712,1554.1106,0.015346384,0.005330682,1.0,0.0037430047523230314,0.03208758682012558,25
3,2026-08-05,KONI,2381.7375,2417.4634,0.015023959,0.0044908524,0.8,0.00027827033773064613,0.03592231124639511,26
3,2026-08-05,RAJA,913.55896,926.6039,0.014310348,0.019199252,0.8,-0.0036603808403015137,0.030384991317987442,27
3,2026-08-05,MBSS,2880.6106,2919.4492,0.013434911,0.021359801,0.8,-0.0009258505888283253,0.022226333618164062,28
3,2026-08-05,DEWA,466.8872,473.011,0.013361084,0.015394688,0.8,0.0014567256439477205,0.023481393232941628,29
3,2026-08-05,TYRE,111.16738,112.610695,0.013168621,0.010799646,0.8,0.00040328502655029297,0.026756620034575462,30
3,2026-08-05,TAXI,13.322459,13.493685,0.012863326,0.026294947,0.6,-0.024752486497163773,0.04428276792168617,31
3,2026-08-05,AMRT,1321.927,1338.3833,0.0127776265,0.025868058,0.6,-0.012409711256623268,0.03094341605901718,32
3,2026-08-05,PLAN,38.306488,38.780815,0.012709772,0.0054643154,0.6,-0.008044516667723656,0.03778381273150444,33
3,2026-08-05,SPMA,163.20523,165.1377,0.011949182,0.009038568,1.0,0.004170703701674938,0.02255983278155327,34
3,2026-08-05,LMAX,111.85525,113.09762,0.011630821,0.017562509,0.6,-0.01569756306707859,0.03442830964922905,35
3,2026-08-05,COIN,613.00397,620.32184,0.011587227,0.010066867,0.6,-0.030813883990049362,0.05666618049144745,36
3,2026-08-05,SMIL,397.19653,401.7554,0.011523902,0.00043296814,0.8,-0.00886446237564087,0.03770434856414795,37
3,2026-08-05,YULE,3284.3638,3321.5918,0.01152128,0.009377956,0.8,0.0022476795129477978,0.022739384323358536,38
3,2026-08-05,SINI,7065.1396,7145.3057,0.011481738,0.0050011873,0.6,-0.036913931369781494,0.07125984877347946,39
3,2026-08-05,DKFT,645.5084,652.73956,0.01135658,0.0035253763,0.8,-0.0020048976875841618,0.02960975095629692,40
3,2026-08-05,ASGR,1788.7379,1808.448,0.011231053,0.015882254,0.8,-0.005784285254776478,0.023438286036252975,41
3,2026-08-05,KDTN,333.6593,322.74866,0.011162376,0.016105771,0.6,-0.2741019129753113,0.2833075523376465,42
3,2026-08-05,KKES,68.63632,69.35806,0.010585571,0.00959456,0.6,-0.02928820811212063,0.05272822082042694,43
3,2026-08-05,ASII,5104.9697,5157.539,0.010232317,0.011194825,0.8,0.003472554963082075,0.01571648009121418,44
3,2026-08-05,TBIG,1432.1844,1446.4838,0.010031653,0.008032799,1.0,0.005212354473769665,0.016978787258267403,45
3,2026-08-05,IMJS,158.45251,159.99136,0.009865785,0.011704445,0.8,-0.006330418400466442,0.024915549904108047,46
3,2026-08-05,CTBN,4101.284,4140.583,0.0097509865,0.01879716,0.6,-0.010334968566894531,0.025611042976379395,47
3,2026-08-05,UNTD,79.41658,80.180405,0.009698319,0.010230184,0.8,0.0024220705963671207,0.016258977353572845,48
3,2026-08-05,BBMD,2025.6252,2045.3773,0.009607697,0.0150209665,0.6,-0.009258520789444447,0.02577834017574787,49
3,2026-08-05,DNAR,126.30029,127.534706,0.00949415,0.009053469,0.8,-0.0072176577523350716,0.025813434273004532,50
3,2026-08-05,NFCX,1520.2036,1534.3257,0.009471977,0.010952592,0.8,-0.005189359188079834,0.02252964861690998,51
3,2026-08-05,MARK,1103.2284,1113.9602,0.009447873,0.01026845,0.6,-0.008415400981903076,0.027203582227230072,52
3,2026-08-05,CNMA,90.82829,91.697495,0.00939765,0.0018897057,0.6,-0.013777196407318115,0.04002828150987625,53
3,2026-08-05,NELY,199.09291,200.94252,0.009300768,0.01386416,0.8,-0.006298720836639404,0.02098870277404785,54
3,2026-08-05,GZCO,184.05272,185.67096,0.009016514,0.012797117,0.8,-0.03405938297510147,0.04961010813713074,55
3,2026-08-05,LRNA,185.27643,186.90848,0.0088233,0.007105112,1.0,0.005274438764899969,0.014400672167539597,56
3,2026-08-05,MORA,6104.1523,6156.3477,0.008810902,0.006888628,0.6,-0.0040471553802490234,0.02373628504574299,57
3,2026-08-05,WINR,19.286198,19.451418,0.008766329,0.0088835955,0.6,-0.02552114799618721,0.04481670632958412,58
3,2026-08-05,ADMG,225.91422,227.99785,0.008744514,0.005885005,0.6,-0.01848553493618965,0.04003443568944931,59
3,2026-08-05,NAIK,87.25214,87.97572,0.008442056,0.0074095726,0.8,-8.012051694095135e-05,0.016928410157561302,60
3,2026-08-05,AEGS,41.689857,42.03382,0.008429587,0.0067754984,0.6,-0.008183622732758522,0.02633068338036537,61
3,2026-08-05,AMFG,3319.327,3345.517,0.008333134,0.013261914,0.6,-0.030193399637937546,0.04423794522881508,62
3,2026-08-05,NICK,1221.0654,1231.9657,0.008236456,0.021146417,0.6,-0.014021468348801136,0.023346686735749245,63
3,2026-08-05,GUNA,197.639,199.21973,0.008208847,0.009297371,0.8,-0.008191203698515892,0.0232269037514925,64
3,2026-08-05,BSML,541.9359,546.37854,0.0081395265,0.008541942,0.8,-0.008947026915848255,0.02341783046722412,65
3,2026-08-05,ESTI,144.30675,145.0964,0.008020866,0.0101873875,0.6,-0.04536942392587662,0.06093427538871765,66
3,2026-08-05,BLTA,32.737667,33.008717,0.007942689,0.00067794323,0.6,-0.005611753091216087,0.026837537065148354,67
3,2026-08-05,APLN,123.338844,124.351364,0.007923638,0.007601738,0.8,-0.013580881990492344,0.026940153911709785,68
3,2026-08-05,PTRO,4567.32,4604.212,0.0077380417,0.009134531,0.6,-0.010038256645202637,0.02479679509997368,69
3,2026-08-05,RELI,486.32147,489.9599,0.007695162,0.0034663677,0.6,-0.003606557846069336,0.02384907938539982,70
3,2026-08-05,KKGI,271.60938,273.62637,0.0074390173,0.007714033,1.0,0.0034230470191687346,0.011830495670437813,71
3,2026-08-05,IKPM,181.73398,183.09164,0.007418561,0.006986022,1.0,0.0024843693245202303,0.012477564625442028,72
3,2026-08-05,HYGN,168.4177,169.63492,0.0074079395,0.0018975735,0.6,-0.008994447998702526,0.02798890881240368,73
3,2026-08-05,TALF,633.0688,637.9422,0.0073605655,0.01986456,0.6,-0.028222834691405296,0.037577126175165176,74
3,2026-08-05,JPFA,2129.0432,2144.2239,0.0072038053,0.009227872,0.8,-0.005976259708404541,0.019504617899656296,75
3,2026-08-05,IDPR,289.84,291.89166,0.0071991323,0.0062072277,0.8,-0.005691778380423784,0.02108306810259819,76
3,2026-08-05,MGRO,709.0413,714.10754,0.007059717,0.005884528,1.0,0.0020053863991051912,0.013588285073637962,77
3,2026-08-05,MAHA,143.43498,144.41507,0.0069098473,0.002091527,1.0,0.00033898354740813375,0.01821126788854599,78
3,2026-08-05,IGAR,424.36884,427.25116,0.006770742,0.001115799,0.6,-0.004230916500091553,0.021130727604031563,79
3,2026-08-05,DOID,222.7012,224.2096,0.00664258,0.010487556,0.8,-0.006063866429030895,0.017108820378780365,80
3,2026-08-05,HATM,533.97156,537.1505,0.006616795,0.00950253,0.8,-0.016309654340147972,0.02568783611059189,81
3,2026-08-05,INDY,2621.217,2636.608,0.006485009,0.003835082,0.6,-0.023571347817778587,0.0402907058596611,82
3,2026-08-05,DGWG,275.705,277.39,0.006415701,0.00594306,0.8,-0.010882687754929066,0.021958375349640846,83
3,2026-08-05,ASRM,262.23737,263.90045,0.0063847424,0.002739191,0.8,0.0005410552257671952,0.015545676462352276,84
3,2026-08-05,AKRA,1468.1189,1477.4512,0.0063695433,0.005311489,1.0,0.003605580423027277,0.009650873951613903,85
3,2026-08-05,PTBA,2307.8274,2322.3635,0.0063190223,0.006376505,1.0,0.00203096866607666,0.011380194686353207,86
3,2026-08-05,HRME,42.145714,42.41169,0.0062781572,0.01114881,0.6,-0.005680120084434748,0.015953611582517624,87
3,2026-08-05,PGLI,191.84164,192.96443,0.0062769176,0.015357971,0.6,-0.02237822860479355,0.027799654752016068,88
3,2026-08-05,HOMI,183.2239,184.35794,0.0062023522,0.0052211285,0.8,0.0011584878666326404,0.0113998893648386,89
3,2026-08-05,KDSI,451.09747,453.7956,0.0061702966,0.0034986734,0.6,-0.007417869754135609,0.020515894517302513,90
3,2026-08-05,MCOL,3806.6548,3829.7278,0.0060640574,0.0072374344,0.6,-0.001187312649562955,0.01271357573568821,91
3,2026-08-05,ADHI,158.55962,159.4689,0.005712986,0.0021890402,0.8,-0.003984642215073109,0.016538571566343307,92
3,2026-08-05,MAYA,197.35976,198.47325,0.0056153415,0.0018222332,0.6,-0.0008891105535440147,0.014561962336301804,93
3,2026-08-05,AYLS,146.97993,147.78172,0.005573511,0.015276432,0.6,-0.01614752970635891,0.02133774757385254,94
3,2026-08-05,TPMA,453.4017,455.88974,0.0055497764,0.0018028021,0.6,-0.005902779288589954,0.02023894712328911,95
3,2026-08-05,MPPA,47.57575,47.832466,0.0054090978,0.0059000254,1.0,0.0028130770660936832,0.008015298284590244,96
3,2026-08-05,JSPT,1496.0525,1504.1306,0.0053633214,0.005393505,0.8,-0.004561805631965399,0.01588287204504013,97
3,2026-08-05,MAIN,667.9655,671.2255,0.005340123,0.0016032457,0.6,-0.009198891930282116,0.02338394895195961,98
3,2026-08-05,PPGL,208.25662,209.39412,0.0052849175,0.0076498985,0.6,-0.014779996126890182,0.0240780096501112,99
3,2026-08-05,CSRA,724.69653,728.1901,0.005205548,0.0107239485,0.6,-0.022715020924806595,0.029454205185174942,100
3,2026-08-05,TARA,29.1999,29.33401,0.0051908614,0.01530242,0.6,-0.024937713518738747,0.030375003814697266,101
3,2026-08-05,RCCC,99.72172,100.2676,0.0051895855,0.0032083988,0.6,-0.007824933156371117,0.02090425416827202,102
3,2026-08-05,ITMG,24358.236,24485.088,0.00516603,0.0025479794,0.8,0.0007102728122845292,0.01187822688370943,103
3,2026-08-05,JGLE,64.73856,65.07243,0.005111468,0.0020164251,0.6,-0.004632008261978626,0.01596362516283989,104
3,2026-08-05,TKIM,6573.311,6607.6616,0.005110788,0.0059251785,0.8,-0.005890917498618364,0.015633318573236465,105
3,2026-08-05,GRIA,119.66282,120.273415,0.0050770403,0.010394812,0.8,-0.005760490894317627,0.01158764399588108,106
3,2026-08-05,ANDI,16.883259,16.95236,0.0049248934,0.011809826,0.6,-0.03001161850988865,0.03635415807366371,107
3,2026-08-05,MBMA,498.88022,501.2281,0.0048582195,0.006708145,0.6,-0.0191948302090168,0.025992559269070625,108
3,2026-08-05,DNET,9792.762,9839.7705,0.00483346,0.0034294128,0.8,0.00021240708883851767,0.010862492024898529,109
3,2026-08-05,ATIC,469.5214,471.77057,0.0048244,0.0011343956,0.6,-0.009971391409635544,0.022436711937189102,110
3,2026-08-05,ERAA,410.22534,412.1975,0.0047633173,0.004702568,0.6,-0.013084983453154564,0.021988725289702415,111
3,2026-08-05,CMNT,809.00793,812.7086,0.004573786,0.004180193,0.8,-0.0001993535552173853,0.009195780381560326,112
3,2026-08-05,JKON,65.70824,66.01001,0.0045682667,0.0036792755,0.8,-0.0014615536201745272,0.010471677407622337,113
3,2026-08-05,MEGA,1954.4586,1963.3578,0.0045382855,0.0078111887,0.8,-0.002253019716590643,0.009039854630827904,114
3,2026-08-05,IPTV,31.02677,31.168045,0.004512048,0.004812956,0.8,-0.008320903405547142,0.015426898375153542,115
3,2026-08-05,TPIA,2207.7163,2218.707,0.004430997,0.0051972866,0.6,-0.019238078966736794,0.030173655599355698,116
3,2026-08-05,AGRS,62.162758,62.43966,0.004421306,0.005765915,0.8,0.00048513419460505247,0.0074001788161695,117
3,2026-08-05,DRMA,947.1582,951.2372,0.004380548,0.0022845268,0.8,-0.0021259188652038574,0.012530755251646042,118
3,2026-08-05,BAJA,237.41159,238.54077,0.0041303756,0.0067938566,0.8,-0.024417579174041748,0.02725541591644287,119
3,2026-08-05,BAUT,28.696445,28.814163,0.0040868283,0.005278349,0.6,-0.002199113368988037,0.010297512635588646,120
3,2026-08-05,DSSA,758.5389,761.33264,0.004048777,0.014585733,0.6,-0.026476014405488968,0.028934691101312637,121
3,2026-08-05,HEXA,4510.194,4527.9106,0.003937125,0.0035487413,1.0,0.0008792400476522744,0.007329058367758989,122
3,2026-08-05,SMMT,1842.9395,1850.0339,0.003869462,0.0014328957,0.8,-0.0017840384971350431,0.010609411634504795,123
3,2026-08-05,LPGI,617.4025,619.8373,0.0038391114,0.0051784515,0.8,-0.009228801354765892,0.015667127445340157,124
3,2026-08-05,WTON,76.173325,76.46127,0.0038157105,0.006226301,0.6,-0.005641055293381214,0.012400483712553978,125
3,2026-08-05,NIKL,187.93896,188.6652,0.0037964701,0.0015032291,0.6,-0.013657903298735619,0.021297264844179153,126
3,2026-08-05,SMLE,153.0924,153.68379,0.0037795664,0.008105874,0.8,-0.008427035994827747,0.011703681200742722,127
3,2026-08-05,BUAH,494.7619,496.61978,0.003765726,0.005274892,0.6,-0.0005962371360510588,0.007302570156753063,128
3,2026-08-05,TGKA,4889.1533,4906.795,0.0036443472,0.0014392138,0.8,0.00036513805389404297,0.008556627668440342,129
3,2026-08-05,IDEA,60.52715,60.680134,0.0036248087,0.0031551123,0.6,-0.023920750245451927,0.033437151461839676,130
3,2026-08-05,IPCC,1142.7505,1146.7837,0.0035981177,0.001966834,0.6,-0.00244467263109982,0.01182536967098713,131
3,2026-08-05,INAI,177.0844,177.68764,0.0035083175,0.0018069744,0.8,-0.0029606460593640804,0.011533211916685104,132
3,2026-08-05,JIHD,415.14008,416.58008,0.0034852505,0.0027924776,0.8,-0.005395102314651012,0.013127659447491169,133
3,2026-08-05,BTPN,2201.8848,2209.3347,0.0034160495,0.0014673471,0.6,-0.0038371204864233732,0.01260223239660263,134
3,2026-08-05,ASSA,585.9481,587.8685,0.0033978582,0.00048601627,0.6,-0.014736294746398926,0.02322678454220295,135
3,2026-08-05,ADRO,2467.6555,2475.6108,0.0032187582,0.004996896,0.6,-0.008403194136917591,0.014733409509062767,136
3,2026-08-05,SGER,486.24927,487.1421,0.0031312467,0.0020564795,0.6,-0.025914454832673073,0.03703581541776657,137
3,2026-08-05,ABMM,2490.5461,2498.2644,0.0030717491,0.00517118,0.6,-0.00389878754504025,0.009141706861555576,138
3,2026-08-05,INDF,7002.4688,7023.983,0.0030544163,0.0034097433,0.8,-0.0006040453445166349,0.006312727928161621,139
3,2026-08-05,PNSE,486.59808,488.0565,0.0030444383,0.0010428429,0.8,-0.001907086232677102,0.009778259322047234,140
3,2026-08-05,ROTI,594.9971,596.6681,0.0028089047,0.0028476715,0.6,-0.0013030171394348145,0.007650827523320913,141
3,2026-08-05,TSPC,2860.2605,2867.9248,0.0026736737,0.004219651,0.8,-0.0023756742011755705,0.006430506240576506,142
3,2026-08-05,DEWI,118.61571,118.91555,0.002668631,0.0032740831,0.6,-0.01162642240524292,0.016892289742827415,143
3,2026-08-05,MERK,3830.6243,3840.3716,0.0026661395,0.0030163527,0.6,-0.008945154957473278,0.01301715336740017,144
3,2026-08-05,SAMF,275.81876,276.54175,0.0026142716,0.0014286041,0.8,-0.00046390295028686523,0.006682252511382103,145
3,2026-08-05,EPMT,2320.7192,2326.6794,0.0025904656,0.000338912,0.6,-0.001875412417575717,0.008374905213713646,146
3,2026-08-05,MAPA,652.5643,654.21576,0.0025248409,0.005168438,0.8,-0.004154193215072155,0.006983804516494274,147
3,2026-08-05,ULTJ,1455.0856,1458.9314,0.0025232912,0.0038170815,0.6,-0.01058652438223362,0.015750788152217865,148
3,2026-08-05,ARNA,490.26303,491.44644,0.0024245381,0.0019720793,0.6,-0.0013202906120568514,0.007066034711897373,149
3,2026-08-05,MTEL,459.545,460.63925,0.0023899078,0.0021772385,0.6,-0.002990818116813898,0.007742428686469793,150
3,2026-08-05,ISSP,434.35953,435.3933,0.0023892284,0.002613902,0.6,-0.012353360652923584,0.017502019181847572,151
3,2026-08-05,PNLF,223.5085,224.0057,0.0023320436,0.0010174513,0.6,-0.007500851061195135,0.014400932937860489,152
3,2026-08-05,MYOR,1667.1188,1671.0443,0.0023310662,0.0005658865,0.6,-0.009276354685425758,0.014865921810269356,153
3,2026-08-05,FAPA,7336.9053,7353.784,0.0022997498,0.0010329485,0.8,0.00018252135487273335,0.004968857858330011,154
3,2026-08-05,HELI,187.18661,187.6139,0.0022497058,0.0022345781,0.6,-0.004954707808792591,0.009707450866699219,155
3,2026-08-05,VICI,558.1746,559.3956,0.0022486926,0.007229209,0.8,-0.011102557182312012,0.011469625867903233,156
3,2026-08-05,PORT,861.4323,863.3325,0.0022299527,0.0028651953,0.6,-0.002569246105849743,0.006735085975378752,157
3,2026-08-05,DVLA,1597.4253,1600.9502,0.002218175,0.0027780533,0.6,-0.0028324127197265625,0.007331466302275658,158
3,2026-08-05,SMDR,295.50043,296.167,0.00217371,0.0024770498,0.6,-0.008271574974060059,0.012765978462994099,159
3,2026-08-05,CRSN,106.34247,106.56828,0.0021373034,0.0005106926,0.6,-0.0010026931995525956,0.006319951731711626,160
3,2026-08-05,MCOR,68.416,68.558235,0.0021105767,0.0035375357,0.6,-0.0042306422255933285,0.007829880341887474,161
3,2026-08-05,JTPE,612.21564,613.5088,0.0021035434,0.002000451,0.6,-0.004627883434295654,0.008289217948913574,162
3,2026-08-05,URBN,211.02495,211.43999,0.0020881295,0.00020337105,0.6,-0.011676907539367676,0.015337013639509678,163
3,2026-08-05,GJTL,1228.5349,1231.0977,0.0020857812,0.0020537376,1.0,0.0008619308937340975,0.003283000085502863,164
3,2026-08-05,TRST,459.47934,460.40753,0.002026856,0.006708503,0.6,-0.007417094893753529,0.00872130412608385,165
3,2026-08-05,BUDI,215.61006,216.02686,0.0019683004,0.0001039505,0.6,-0.0024940490256994963,0.008016442880034447,166
3,2026-08-05,BMSR,307.26178,307.8488,0.0019260884,0.00509274,0.6,-0.00727046700194478,0.008536291308701038,167
3,2026-08-05,MIDI,284.46432,285.0011,0.0019012808,0.002650261,0.8,-0.004634582903236151,0.00716631393879652,168
3,2026-08-05,CSAP,285.302,285.80087,0.0018716216,0.0029968023,0.6,-0.014509499073028564,0.01916510984301567,169
3,2026-08-05,NISP,1302.572,1304.9183,0.0018286705,0.0041794777,0.6,-0.007992195896804333,0.01045148354023695,170
3,2026-08-05,LPIN,423.20328,423.96777,0.0018042565,0.001595974,1.0,0.0006839513662271202,0.003148650983348489,171
3,2026-08-05,TRGU,161.89607,162.18657,0.001792419,0.0016034842,0.8,-0.0056931376457214355,0.008359218016266823,172
3,2026-08-05,BOAT,132.47786,132.61081,0.0017630935,0.0022462606,0.6,-0.03095242939889431,0.03653828799724579,173
3,2026-08-05,GGRM,19011.654,19046.104,0.0017490744,0.0013359785,0.6,-0.008781266398727894,0.013389657251536846,174
3,2026-08-05,BBTN,1221.8364,1223.9111,0.0017082691,0.0012210608,0.6,-0.009887194260954857,0.013991259038448334,175
3,2026-08-05,MLBI,6814.9,6826.3594,0.0016683101,0.0018758774,0.6,-0.00524946441873908,0.00839540921151638,176
3,2026-08-05,BBLD,589.0734,590.0325,0.001607585,0.0015428066,0.6,-0.005759501364082098,0.008949613198637962,177
3,2026-08-05,PSAT,848.80225,849.9498,0.0014465213,0.0035848618,0.6,-0.004651057533919811,0.006101107690483332,178
3,2026-08-05,CBPE,322.28647,322.78836,0.0014179349,0.013134718,0.6,-0.01968510076403618,0.014200568199157715,179
3,2026-08-05,DCII,191942.7,192200.47,0.0013527513,0.0003068447,0.6,-0.0023669004440307617,0.005278921220451593,180
3,2026-08-05,BBSI,4682.495,4688.836,0.0013524294,0.0009838343,0.8,-0.0003133058489765972,0.0033046004828065634,181
3,2026-08-05,SWID,100.9504,101.08507,0.0013482452,0.0050412416,0.6,-0.008198213763535023,0.008639669045805931,182
3,2026-08-05,BSIM,698.7335,699.68915,0.0013319015,0.0019854307,0.8,-0.0033802271354943514,0.005219053942710161,183
3,2026-08-05,DPUM,99.313354,99.438705,0.0012931824,0.0017102957,0.8,-0.004987144377082586,0.007239245809614658,184
3,2026-08-05,PGAS,1504.5222,1506.0764,0.0012183071,0.0010601282,0.6,-0.017098724842071533,0.018431948497891426,185
3,2026-08-05,BSSR,4283.3755,4288.5264,0.0011989474,0.0011318922,0.8,-0.0010630488395690918,0.0035481450613588095,186
3,2026-08-05,BDMN,4081.0874,4085.1785,0.0011440038,0.0049940348,0.6,-0.010087060742080212,0.010118817910552025,187
3,2026-08-05,TMAS,120.67955,120.81117,0.0011211515,0.00044047832,0.6,-0.003973841667175293,0.007219027727842331,188
3,2026-08-05,POWR,724.07166,724.88525,0.0011187434,0.00030350685,0.6,-0.001581084681674838,0.004500031005591154,189
3,2026-08-05,SFAN,1968.1658,1970.0817,0.00097459555,0.0024476051,0.6,-0.002978301141411066,0.004314994439482689,190
3,2026-08-05,SATU,263.1591,263.41153,0.00094730855,0.0011343956,0.6,-0.002404284430667758,0.00443918677046895,191
3,2026-08-05,CMPP,69.216125,69.28188,0.0009465575,0.0015274286,0.8,-0.000530326331499964,0.0020386932883411646,192
3,2026-08-05,NICL,460.7641,460.84302,0.0008895278,0.006567359,0.6,-0.03744165599346161,0.03376617282629013,193
3,2026-08-05,CANI,141.66911,141.79375,0.00088313816,0.00079250336,0.8,-5.818605131935328e-05,0.0019827126525342464,194
3,2026-08-05,MAPI,1556.9543,1558.3488,0.00086808205,0.00075769424,0.8,-0.001723980880342424,0.003290104679763317,195
3,2026-08-05,SIMP,598.4496,599.08777,0.0008570909,0.0007983446,0.6,-0.010461008176207542,0.012608051300048828,196
3,2026-08-05,LEAD,109.59718,109.66221,0.0008542061,0.009162664,0.6,-0.019334446638822556,0.01470637321472168,197
3,2026-08-05,DIGI,29.429977,29.453384,0.0007953644,0.0007953644,1.0,0.0007953643798828125,0.0007953643798828125,198
3,2026-08-05,BRAM,4503.315,4506.746,0.0007898927,0.00049459934,0.6,-0.004142260644584894,0.006648086942732334,199
3,2026-08-05,CENT,79.11687,79.16716,0.0007187367,0.0020991564,0.6,-0.016003048047423363,0.016589712351560593,200
3,2026-08-05,PTSN,272.62646,272.77908,0.0006966948,0.0048388243,0.6,-0.015530514530837536,0.015059445984661579,201
3,2026-08-05,LION,345.4807,345.68155,0.0006927609,0.0085606575,0.6,-0.01605846919119358,0.013693475164473057,202
3,2026-08-05,ASJT,154.57497,154.67194,0.00067539216,0.0044469833,0.6,-0.010482537560164928,0.009192680940032005,203
3,2026-08-05,KJEN,141.97798,142.13078,0.00060970784,0.005452633,0.6,-0.038094379007816315,0.0372677743434906,204
3,2026-08-05,WINS,507.8504,508.1914,0.00057199004,0.0013308525,0.6,-0.005111181642860174,0.005964898969978094,205
3,2026-08-05,CCSI,243.33784,243.45486,0.000502944,0.0042892694,0.6,-0.007970917038619518,0.0073482985608279705,206
3,2026-08-05,MDRN,24.072659,24.084627,0.00049722195,0.00049722195,1.0,0.0004972219467163086,0.0004972219467163086,207
3,2026-08-05,LSIP,1453.4417,1454.0723,0.00048516988,0.003880024,0.8,-0.011020195670425892,0.00895531103014946,208
3,2026-08-05,OKAS,100.222694,100.24579,0.000293386,0.0014030933,0.6,-0.01921532116830349,0.01972653716802597,209
3,2026-08-05,INDX,57.0396,57.056236,0.00029170513,0.00029170513,1.0,0.0002917051315307617,0.0002917051315307617,210
3,2026-08-05,TBMS,1167.1527,1167.4249,0.0002653718,0.0013716221,0.6,-0.004796612076461315,0.004301881417632103,211
3,2026-08-05,UNSP,216.61423,216.66043,0.00021326542,0.00021326542,1.0,0.00021326541900634766,0.00021326541900634766,212
3,2026-08-05,MTFN,13.093793,13.096468,0.00020432472,0.00020432472,1.0,0.00020432472229003906,0.00020432472229003906,213
3,2026-08-05,IBST,8751.819,8753.401,0.00018072128,0.00018072128,1.0,0.00018072128295898438,0.00018072128295898438,214
3,2026-08-05,BKSW,52.698204,52.70681,0.00016109944,0.0002528429,0.6,-0.0006822347640991211,0.000971674919128418,215
3,2026-08-05,SCMA,204.20612,204.21498,0.0001284957,0.0043268204,0.6,-0.011501896195113659,0.010296248830854893,216
3,2026-08-05,FUTR,288.72638,288.4173,0.00012760163,0.005175948,0.6,-0.03466973453760147,0.034487076103687286,217
3,2026-08-05,KBLI,324.0507,324.08685,0.00012440681,0.0027281046,0.6,-0.007811832241714001,0.006416773423552513,218
3,2026-08-05,AREA,284.31537,284.29007,0.00010656119,0.0033663511,0.6,-0.022024178877472878,0.022299692034721375,219
3,2026-08-05,BATA,59.466003,59.4711,8.571148e-05,3.4689903e-05,0.6,-8.225440979003906e-06,0.0002392530150245875,220
3,2026-08-05,ACRO,59.78721,59.791553,7.11441e-05,0.0021094084,0.6,-0.007847773842513561,0.006862068083137274,221
3,2026-08-05,BABP,50.161964,50.16468,5.4192544e-05,6.520748e-05,1.0,3.216266486560926e-05,6.520748138427734e-05,222
3,2026-08-05,JMAS,230.75208,230.76237,4.4584274e-05,4.4584274e-05,1.0,4.458427429199219e-05,4.458427429199219e-05,223
3,2026-08-05,BLTZ,2533.8276,2533.8867,2.336502e-05,2.336502e-05,1.0,2.3365020751953125e-05,2.3365020751953125e-05,224
3,2026-08-05,AKKU,37.977623,37.978477,2.2530556e-05,2.2530556e-05,1.0,2.2530555725097656e-05,2.2530555725097656e-05,225
3,2026-08-05,MAXI,49.98318,49.98368,1.001358e-05,1.001358e-05,1.0,1.0013580322265625e-05,1.0013580322265625e-05,226
3,2026-08-05,ZINC,30.27769,30.277958,8.702278e-06,8.702278e-06,1.0,8.702278137207031e-06,8.702278137207031e-06,227
3,2026-08-05,GOTO,50.227764,50.227905,2.861023e-06,2.861023e-06,1.0,2.86102294921875e-06,2.86102294921875e-06,228
3,2026-08-05,PTDU,70.096725,70.096924,2.861023e-06,2.861023e-06,1.0,2.86102294921875e-06,2.86102294921875e-06,229
3,2026-08-05,RAFI,35.99541,35.99547,1.5497208e-06,1.5497208e-06,1.0,1.5497207641601562e-06,1.5497207641601562e-06,230
3,2026-08-05,EDGE,4788.744,4788.747,5.9604645e-07,5.9604645e-07,1.0,5.960464477539062e-07,5.960464477539062e-07,231
4,2026-08-06,LUCY,238.40764,272.34454,0.18655473,0.05946338,0.6,-0.10931804776191711,0.5825989246368408,1
4,2026-08-06,BNBR,98.01041,104.39195,0.06601341,0.070230484,0.6,-0.06451235711574554,0.20128169655799866,2
4,2026-08-06,BULL,462.07608,479.1225,0.042007364,0.0023198128,0.6,-0.028985822573304176,0.13547761738300323,3
4,2026-08-06,VIVA,47.166954,49.25416,0.040421404,0.051335573,0.8,-0.004194128327071667,0.08074729144573212,4
4,2026-08-06,BAJA,238.54077,247.09225,0.03865539,0.008488774,0.8,-0.0014605163596570492,0.10348521173000336,5
4,2026-08-06,IATA,77.60977,79.831604,0.028970491,0.028813124,0.8,0.0007636910304427147,0.05780641734600067,6
4,2026-08-06,VKTR,761.8639,781.47235,0.025804305,0.017912984,0.6,-0.002771127037703991,0.05871143192052841,7
4,2026-08-06,SDRA,233.7864,239.8876,0.024916315,0.04327762,0.6,-0.014525676146149635,0.05413229390978813,8
4,2026-08-06,WGSH,165.86227,169.65503,0.022337366,0.01424098,0.8,-0.005086421966552734,0.05518955737352371,9
4,2026-08-06,MDIA,196.003,200.5383,0.022335673,0.016015649,0.8,-0.0022764205932617188,0.0519266314804554,10
4,2026-08-06,KLIN,117.752785,120.06179,0.01973772,0.026562333,0.8,0.0034648897126317024,0.029997633770108223,11
4,2026-08-06,INET,220.22916,224.7327,0.019463826,0.020208716,0.6,-0.021299302577972412,0.06500799208879471,12
4,2026-08-06,LOPI,59.80564,60.85035,0.018198073,0.016496658,0.8,-0.00747524481266737,0.042636677622795105,13
4,2026-08-06,INDO,175.07681,178.2313,0.018152034,0.014995098,0.8,0.0022521615028381348,0.034698486328125,14
4,2026-08-06,ENRG,1254.3708,1276.8547,0.017806709,0.021755815,0.8,-0.004651486873626709,0.03878478705883026,15
4,2026-08-06,SSMS,1007.8668,1025.8328,0.017643142,0.022828579,0.8,-0.0004035467281937599,0.0320117212831974,16
4,2026-08-06,UNIC,15315.342,15591.864,0.017546773,0.0023185015,0.6,-0.005936968140304089,0.05137040466070175,17
4,2026-08-06,RAJA,926.6039,942.334,0.016844045,0.025789857,0.6,-0.008906448259949684,0.039679691195487976,18
4,2026-08-06,CENT,79.16716,80.43001,0.01635995,0.021996617,0.8,-0.009082508273422718,0.03691244125366211,19
4,2026-08-06,PBRX,25.436768,25.812515,0.015371096,0.011294365,0.6,-0.0031480789184570312,0.03644073009490967,20
4,2026-08-06,JSPT,1504.1306,1528.398,0.01504935,0.01025486,0.8,-0.011256014928221703,0.04593295603990555,21
4,2026-08-06,DOOH,246.64786,250.35588,0.014942897,0.019936204,0.8,-0.0011892199981957674,0.028521060943603516,22
4,2026-08-06,ALKA,1655.1871,1678.1096,0.014941573,0.012541413,1.0,0.004696679301559925,0.028807397931814194,23
4,2026-08-06,PBSA,729.1278,740.0754,0.014913047,0.02664411,0.8,-0.011571276001632214,0.03207733482122421,24
4,2026-08-06,SMGR,1433.6741,1454.0125,0.014793932,0.003484249,0.8,-0.01077944040298462,0.046696729958057404,25
4,2026-08-06,NRCA,468.64706,475.19424,0.014087987,0.023124218,0.6,-0.008405494503676891,0.032297588884830475,26
4,2026-08-06,BRPT,1847.1185,1872.0186,0.0139757395,0.019241333,0.6,-0.01282345037907362,0.03697934001684189,27
4,2026-08-06,JAYA,130.80708,132.61096,0.013806367,0.016444325,0.8,0.0028923274949193,0.023140978068113327,28
4,2026-08-06,OILS,224.81926,227.8359,0.013562143,0.010179639,0.6,-0.0195806622505188,0.0550762340426445,29
4,2026-08-06,PRDA,2470.8606,2506.8022,0.013431299,0.011369467,0.6,-0.0049890754744410515,0.036783453077077866,30
4,2026-08-06,TAMA,264.4085,268.2137,0.013365304,0.0012534857,0.6,-0.016957055777311325,0.05530070513486862,31
4,2026-08-06,KOPI,207.62704,210.21953,0.012681866,0.014306068,0.6,-0.004909479524940252,0.031091997399926186,32
4,2026-08-06,PURA,32.404686,32.80107,0.012281572,0.015787601,0.6,-0.01354151964187622,0.036278583109378815,33
4,2026-08-06,HYGN,169.63492,171.6376,0.011918748,0.01494205,0.8,-0.00554734468460083,0.0288572758436203,34
4,2026-08-06,PURI,135.42343,137.06113,0.011754597,0.006197691,0.8,-0.0005924582947045565,0.02912270650267601,35
4,2026-08-06,TKIM,6607.6616,6685.793,0.011648106,0.015106559,0.8,-0.022575760260224342,0.045076459646224976,36
4,2026-08-06,LPGI,619.8373,626.94305,0.011608648,0.011801243,1.0,0.0019792080856859684,0.0211197379976511,37
4,2026-08-06,OBMD,177.78494,179.62817,0.011449659,0.02141428,0.8,-0.028680788353085518,0.04369024932384491,38
4,2026-08-06,ADMG,227.99785,230.67883,0.011057997,0.0021127462,0.8,-0.00491518946364522,0.031827520579099655,39
4,2026-08-06,DATA,1981.2533,2001.5824,0.010520208,0.019758105,0.6,-0.010372328571975231,0.02578251250088215,40
4,2026-08-06,YULE,3321.5918,3355.8828,0.010478449,0.010090232,0.8,-0.003317594528198242,0.024138735607266426,41
4,2026-08-06,BCIC,122.61137,123.87462,0.01042521,0.0061968565,0.6,-0.005174541380256414,0.028891680762171745,42
4,2026-08-06,LPCK,530.4094,535.8656,0.010347426,0.012262702,0.8,0.0035131811164319515,0.01562108937650919,43
4,2026-08-06,CSMI,72.291306,73.01475,0.010323048,0.0008331537,0.6,-0.005147385410964489,0.030525611713528633,44
4,2026-08-06,TRON,107.15952,108.2646,0.010303795,0.016750693,0.8,-0.016010630875825882,0.03222224488854408,45
4,2026-08-06,KJEN,142.13078,143.61588,0.010154152,0.0140327215,0.8,-0.00457839947193861,0.02140798605978489,46
4,2026-08-06,PPRO,15.375049,15.5290165,0.010120869,0.00036394596,0.6,-0.019055068492889404,0.04276394844055176,47
4,2026-08-06,BRNA,594.66943,600.6107,0.010045457,0.004491329,1.0,0.003113436745479703,0.020832538604736328,48
4,2026-08-06,NSSS,1186.8872,1206.1741,0.009978211,0.008120418,0.6,-0.04853237792849541,0.06685841083526611,49
4,2026-08-06,OPMS,111.54763,112.64819,0.009950924,0.01684475,0.8,-0.04056098312139511,0.05257418006658554,50
4,2026-08-06,INPC,136.82043,138.16136,0.009814834,0.011649609,1.0,0.004874157719314098,0.01363513432443142,51
4,2026-08-06,NICK,1231.9657,1243.3676,0.009787584,0.01175034,0.6,-0.011655616573989391,0.02937314473092556,52
4,2026-08-06,IFSH,1116.3931,1127.919,0.009714747,0.026512742,0.6,-0.0270874984562397,0.0369248166680336,53
4,2026-08-06,SGER,487.1421,492.09467,0.009636616,0.004707694,0.6,-0.00470347423106432,0.02641422674059868,54
4,2026-08-06,ELTY,31.100452,31.388025,0.009616447,0.0044208765,0.8,-0.005327797029167414,0.027000021189451218,55
4,2026-08-06,RONY,1282.39,1294.3086,0.009359551,0.025361538,0.6,-0.02742105722427368,0.035300493240356445,56
4,2026-08-06,RUIS,201.42728,203.2477,0.00922786,0.014263868,0.8,-0.004702198319137096,0.020438360050320625,57
4,2026-08-06,AWAN,158.46103,159.82333,0.009035039,0.011796355,0.8,-0.013083362951874733,0.02814905345439911,58
4,2026-08-06,IBOS,63.07257,63.640614,0.008929014,0.007714629,0.8,-0.0133065702393651,0.029295658692717552,59
4,2026-08-06,ZATA,61.55871,62.108807,0.0088149905,0.0013340712,0.6,-0.0055987597443163395,0.02819378301501274,60
4,2026-08-06,MBSS,2919.4492,2945.0977,0.008706403,0.0016371012,0.6,-0.007010912988334894,0.026946330443024635,61
4,2026-08-06,MBAP,1410.9878,1422.97,0.008479786,0.007853746,1.0,0.003503489540889859,0.013833570294082165,62
4,2026-08-06,BIPI,134.29967,135.2489,0.008384836,0.015166998,0.6,-0.047838710248470306,0.059833623468875885,63
4,2026-08-06,ASPI,399.87744,403.13852,0.008269501,0.008011341,0.6,-0.010359418578445911,0.027234792709350586,64
4,2026-08-06,DKFT,652.73956,657.89,0.007941401,0.016171694,0.8,-0.012865221127867699,0.022660063579678535,65
4,2026-08-06,NAIK,87.97572,88.68288,0.007922053,0.010018468,0.8,-0.0024323223624378443,0.017438624054193497,66
4,2026-08-06,MGLV,8205.964,8264.502,0.007881236,0.0037226677,0.6,-0.018062079325318336,0.0385940745472908,67
4,2026-08-06,UCID,407.84186,411.12738,0.007872308,0.013065696,0.8,-0.01106194220483303,0.02346179261803627,68
4,2026-08-06,SIPD,686.45905,691.8055,0.0078147175,0.008063078,1.0,0.004231858067214489,0.011266159825026989,69
4,2026-08-06,GOLF,158.67854,159.87679,0.007681668,0.0037282705,0.6,-0.004495680332183838,0.02294773980975151,70
4,2026-08-06,SHID,605.9142,610.43427,0.0075821998,0.0024428368,0.6,-0.001055979635566473,0.021561477333307266,71
4,2026-08-06,IPTV,31.168045,31.401785,0.0075271367,0.0027712584,1.0,0.0012484074104577303,0.016273140907287598,72
4,2026-08-06,AIMS,392.90762,395.80313,0.0075174095,0.011077762,0.8,-0.0037207603454589844,0.016304515302181244,73
4,2026-08-06,BVIC,92.58293,93.26254,0.0073562027,0.009666324,0.6,-0.002597033977508545,0.01700875721871853,74
4,2026-08-06,TAPG,1760.2965,1773.3625,0.007321632,0.0026057959,0.6,-0.004628372378647327,0.021485161036252975,75
4,2026-08-06,MORA,6156.3477,6200.4624,0.0072485683,0.0036879778,0.6,-0.004933869931846857,0.02191593497991562,76
4,2026-08-06,BUKK,981.21124,988.21875,0.007241738,0.0004886389,0.6,-0.019913196563720703,0.03578514978289604,77
4,2026-08-06,ANJT,1484.6936,1495.2426,0.0071524503,0.013643622,0.6,-0.009605097584426403,0.020647238940000534,78
4,2026-08-06,DWGL,378.55588,381.20517,0.0070984485,0.007834792,0.6,-0.01081992406398058,0.024445485323667526,79
4,2026-08-06,COCO,93.30089,94.25159,0.007084274,0.012841582,0.6,-0.09805407375097275,0.09710723906755447,80
4,2026-08-06,GRPM,220.87463,222.14114,0.0070331455,0.0058918,0.6,-0.01998833380639553,0.035379715263843536,81
4,2026-08-06,SMKL,142.34424,143.36972,0.0070201633,0.006823778,0.6,-0.006598031148314476,0.021075105294585228,82
4,2026-08-06,BAIK,773.3612,779.07544,0.0070138453,0.008690596,0.6,-0.02396303415298462,0.034738920629024506,83
4,2026-08-06,HRME,42.41169,42.700768,0.0067715524,0.005748272,0.8,-0.0130501389503479,0.02542238123714924,84
4,2026-08-06,KBAG,43.559174,43.84966,0.0067363144,0.0064907074,0.8,-0.00480605335906148,0.017984960228204727,85
4,2026-08-06,EPAC,64.03953,64.46603,0.006628251,0.008152962,1.0,0.002820515539497137,0.009528779424726963,86
4,2026-08-06,TOSK,66.95104,67.38399,0.006591952,0.0063512325,0.6,-0.003857242874801159,0.01754917949438095,87
4,2026-08-06,SOLA,97.38152,97.989944,0.006496084,0.010162234,0.6,-0.007389426231384277,0.01857151836156845,88
4,2026-08-06,PRAY,693.93524,698.3915,0.0063832165,0.014168382,0.8,-0.009005486965179443,0.015436505898833275,89
4,2026-08-06,WINR,19.451418,19.561253,0.006347907,0.014503241,0.6,-0.039130307734012604,0.04620649665594101,90
4,2026-08-06,BOGA,1656.7213,1667.3119,0.0062580826,0.017569065,0.6,-0.022146165370941162,0.027930330485105515,91
4,2026-08-06,FMII,248.5844,250.10855,0.0061779497,0.006444931,0.8,-0.003641819814220071,0.01662127859890461,92
4,2026-08-06,NIRO,141.69496,142.52644,0.006103575,0.005359769,0.8,-0.013691294007003307,0.026053354144096375,93
4,2026-08-06,GMFI,54.680305,55.01945,0.006060183,0.0069111586,0.8,-0.002961099147796631,0.013249874114990234,94
4,2026-08-06,AISA,116.06211,116.75498,0.0060171844,0.0045427084,1.0,0.0013376236893236637,0.01222989521920681,95
4,2026-08-06,ALDO,834.2747,839.1904,0.005936885,0.001383543,0.6,-0.002553618047386408,0.016924023628234863,96
4,2026-08-06,SPMA,165.1377,166.12846,0.0059364913,0.0110913515,0.6,-0.009988820180296898,0.019498324021697044,97
4,2026-08-06,GWSA,125.45891,126.193115,0.005921769,0.011413813,0.6,-0.015065479092299938,0.022846555337309837,98
4,2026-08-06,RIGS,668.95374,672.8228,0.005806851,0.0025852919,1.0,0.001274061156436801,0.01301872543990612,99
4,2026-08-06,DNET,9839.7705,9895.658,0.005646825,0.0060349703,0.8,0.0001319885195698589,0.011546682566404343,100
4,2026-08-06,PJAA,449.20923,451.67984,0.0055389404,0.0065305233,0.8,-0.002757811453193426,0.012871980667114258,101
4,2026-08-06,TUGU,1214.925,1221.6101,0.0055196285,0.0024119616,0.8,-0.0005458354717120528,0.014439748600125313,102
4,2026-08-06,PDES,376.30222,378.28387,0.0054030893,0.0055059195,0.8,-0.00824275054037571,0.018829844892024994,103
4,2026-08-06,MTWI,251.14133,252.4572,0.0053904653,0.001589179,0.6,-0.0006642580265179276,0.01551415678113699,104
4,2026-08-06,SRAJ,11562.221,11624.519,0.0053354977,0.0048906803,0.6,-0.004661440849304199,0.016935942694544792,105
4,2026-08-06,DFAM,77.604324,78.01275,0.0052657006,0.0015480518,0.6,-0.010179305449128151,0.022548245266079903,106
4,2026-08-06,INCO,5121.3833,5147.5195,0.005256057,0.009667635,0.6,-0.024922465905547142,0.03598503768444061,107
4,2026-08-06,IPAC,161.98515,162.84927,0.0052214144,0.0006799698,0.6,-0.007988691329956055,0.020365023985505104,108
4,2026-08-06,SURE,2791.634,2806.7007,0.005204475,0.0013129711,0.6,-0.011615872383117676,0.02801343984901905,109
4,2026-08-06,WIDI,25.79068,25.91708,0.0051945923,0.0028688908,0.6,-0.006573068909347057,0.01770033687353134,110
4,2026-08-06,GULA,796.07166,800.1506,0.005034828,0.01423502,0.6,-0.018362928181886673,0.02321941778063774,111
4,2026-08-06,PTIS,268.30722,269.62537,0.00493927,0.005753517,0.8,-0.006898331455886364,0.015431474894285202,112
4,2026-08-06,SCCO,2286.268,2297.2312,0.00493629,0.01008296,0.8,-0.009649586863815784,0.01563241332769394,113
4,2026-08-06,POLA,54.50136,54.776283,0.0048579336,0.0058865547,0.6,-0.009525644592940807,0.01923549175262451,114
4,2026-08-06,RSCH,322.52264,324.02896,0.004851079,0.004826784,0.6,-0.014891219325363636,0.024670004844665527,115
4,2026-08-06,BBYB,255.11113,256.1836,0.004793012,0.0058135986,0.6,-0.019253039732575417,0.029169749468564987,116
4,2026-08-06,BCIP,63.855755,64.151505,0.004751253,0.0033320189,0.6,-0.009649467654526234,0.02069706842303276,117
4,2026-08-06,BINO,106.63458,107.123,0.0046262383,0.010705352,0.6,-0.0062427520751953125,0.012322282418608665,118
4,2026-08-06,KBLM,302.70547,304.08057,0.0046057343,0.0017596483,0.6,-0.009907710365951061,0.0208768118172884,119
4,2026-08-06,BOLT,795.87317,799.50195,0.004568541,0.0040249825,0.8,0.00021430256310850382,0.008902644738554955,120
4,2026-08-06,CARS,91.09821,91.521324,0.004551089,0.007768631,0.8,-0.00645071268081665,0.012239575386047363,121
4,2026-08-06,INTD,244.44551,245.54147,0.0045220493,0.001960516,0.6,-0.010575175285339355,0.020771358162164688,122
4,2026-08-06,LFLO,470.20288,472.5546,0.0044461368,0.010187507,0.6,-0.0071787238121032715,0.012193465605378151,123
4,2026-08-06,DILD,116.86018,117.37942,0.00442791,0.00083625317,0.6,-0.005220222286880016,0.015396570786833763,124
4,2026-08-06,CMRY,4644.7134,4664.5654,0.004270601,0.0044796467,1.0,0.0029630898497998714,0.005462932400405407,125
4,2026-08-06,UNTD,80.180405,80.51506,0.0041684387,0.003246069,0.6,-0.0017470598686486483,0.010868954472243786,126
4,2026-08-06,HMSP,729.09973,732.1058,0.004139745,0.0029443502,0.8,-0.0021951317321509123,0.01127169094979763,127
4,2026-08-06,TFCO,732.65155,735.71277,0.004101217,0.007943034,0.6,-0.004944562911987305,0.011317276395857334,128
4,2026-08-06,MAYA,198.47325,199.27934,0.0040212036,0.0072419643,0.6,-0.005284094717353582,0.011246180161833763,129
4,2026-08-06,BELL,113.215866,113.64967,0.00398823,0.00087726116,0.6,-0.0052679539658129215,0.015178202651441097,130
4,2026-08-06,AYAM,413.9331,415.4811,0.003941643,0.006237626,0.6,-0.013781273737549782,0.02199091762304306,131
4,2026-08-06,ELSA,708.1349,710.62396,0.0039177774,0.004878044,0.8,-0.013417207635939121,0.01952221244573593,132
4,2026-08-06,KMDS,535.86523,537.9184,0.0038923384,0.0070039034,0.6,-0.010290968231856823,0.01664588414132595,133
4,2026-08-06,BBRI,2923.9285,2935.3748,0.0038537146,0.001001358,0.8,-0.004332577809691429,0.013541864231228828,134
4,2026-08-06,BINA,4277.5757,4293.2744,0.0038395524,0.0023226738,0.6,-0.004848897457122803,0.013071560300886631,135
4,2026-08-06,PRIM,99.86224,100.23871,0.0038133622,0.001167655,1.0,0.0004027605173178017,0.0090698953717947,136
4,2026-08-06,CASH,232.37027,233.25647,0.003799963,0.006085634,0.6,-0.016263175755739212,0.02115027792751789,137
4,2026-08-06,MIDI,285.0011,286.04767,0.0036670566,0.00088846684,0.8,-0.0007270693895407021,0.00967495422810316,138
4,2026-08-06,LSIP,1454.0723,1459.2169,0.0036566139,0.006145239,0.6,-0.008650541305541992,0.01479644700884819,139
4,2026-08-06,GGRP,296.47345,297.53082,0.0036267876,0.0014455318,0.6,-0.004820811562240124,0.014057944528758526,140
4,2026-08-06,TRIS,167.8353,168.44476,0.0036127686,0.005829811,0.8,-0.001304185250774026,0.006702112965285778,141
4,2026-08-06,SKRN,404.62454,406.0709,0.0034727813,0.003946662,0.6,-0.012265300378203392,0.01845366880297661,142
4,2026-08-06,MNCN,206.89828,207.61295,0.0034348846,0.0055583715,0.6,-0.0031909942626953125,0.008960985578596592,143
4,2026-08-06,GJTL,1231.0977,1235.3229,0.0034276962,0.0040365458,0.8,-0.0028866766951978207,0.009093164466321468,144
4,2026-08-06,IPCM,305.942,306.98224,0.0034161329,0.00028944016,0.6,-0.002703750040382147,0.012228654697537422,145
4,2026-08-06,PANI,6141.052,6161.397,0.003414464,0.0029035807,0.6,-0.010528755374252796,0.020173929631710052,146
4,2026-08-06,IKAN,83.82218,84.11653,0.0034105182,0.007482767,0.6,-0.013037800788879395,0.016751479357481003,147
4,2026-08-06,ADRO,2475.6108,2483.9033,0.003390324,0.0018773079,0.6,-0.009887981228530407,0.017473530024290085,148
4,2026-08-06,CBPE,322.78836,323.928,0.0033635856,0.007923007,0.6,-0.006761574652045965,0.010278034023940563,149
4,2026-08-06,PBID,524.9064,526.59326,0.0032586933,0.005271077,0.8,-0.0038010955322533846,0.009065651334822178,150
4,2026-08-06,SRTG,1771.0404,1776.7682,0.0032449365,0.00783205,0.6,-0.02005225419998169,0.02445077709853649,151
4,2026-08-06,CLEO,385.17654,386.3852,0.0032064081,0.0003374815,0.6,-0.0066353678703308105,0.01461784727871418,152
4,2026-08-06,SGRO,3862.7878,3877.925,0.0031395196,0.010046124,0.6,-0.020912980660796165,0.022427033632993698,153
4,2026-08-06,PZZA,191.13503,191.7245,0.0030973316,0.008712649,0.6,-0.010356294922530651,0.013831829652190208,154
4,2026-08-06,GHON,1632.209,1637.1849,0.0030584573,0.003077507,0.6,-0.001746404217556119,0.008117269724607468,155
4,2026-08-06,BTPS,982.6932,985.6802,0.0030299902,0.0039241314,0.8,-0.003395724343135953,0.008702587336301804,156
4,2026-08-06,PEGE,89.789246,90.03466,0.0029828786,0.020587206,0.6,-0.03797700256109238,0.033993981778621674,157
4,2026-08-06,CFIN,343.53973,344.5378,0.002964592,0.0024273396,0.6,-0.005788695998489857,0.013374589383602142,158
4,2026-08-06,SKLT,199.88893,200.45876,0.002952051,0.005961418,0.6,-0.011348199099302292,0.01506256964057684,159
4,2026-08-06,ASII,5157.539,5172.6396,0.0029302358,0.0038628578,0.8,-0.009409021586179733,0.014016508124768734,160
4,2026-08-06,IFII,203.4579,204.04575,0.002917409,0.004773617,0.6,-0.0016529797576367855,0.006512141320854425,161
4,2026-08-06,ARNA,491.44644,492.84918,0.0028793453,0.0015904903,0.6,-0.0015971541870385408,0.00809321366250515,162
4,2026-08-06,HEXA,4527.9106,4540.211,0.0027234196,0.0025458336,0.6,-0.0025175095070153475,0.008409237489104271,163
4,2026-08-06,VRNA,75.925705,76.12766,0.0027051568,0.00030767918,0.6,-0.0047082542441785336,0.011855553835630417,164
4,2026-08-06,PSSI,320.81708,321.64642,0.0025286793,0.008165598,0.6,-0.014016831293702126,0.016212129965424538,165
4,2026-08-06,GTSI,145.86029,146.2438,0.0025005578,0.006570816,0.6,-0.029893791303038597,0.03435952216386795,166
4,2026-08-06,KBLI,324.08685,324.87656,0.0024475218,0.0012509823,0.8,-0.0005959629779681563,0.0067407358437776566,167
4,2026-08-06,DVLA,1600.9502,1604.758,0.0023979426,0.0015505552,0.6,-0.003255224321037531,0.008424187079071999,168
4,2026-08-06,NICE,247.92435,248.48154,0.0023887157,0.009825468,0.6,-0.02268376387655735,0.02333693392574787,169
4,2026-08-06,BMAS,487.2398,488.40387,0.0023875833,0.001562357,0.6,-0.0031428574584424496,0.008271908387541771,170
4,2026-08-06,TLDN,514.82745,515.95404,0.0022080422,0.0067682266,0.6,-0.008760178461670876,0.010828828439116478,171
4,2026-08-06,JATI,94.30583,94.512665,0.00217278,0.00097489357,0.8,-0.0020081759430468082,0.006575894542038441,172
4,2026-08-06,STTP,9706.049,9727.013,0.002148378,0.00013959408,0.6,-0.0017975450027734041,0.007705711759626865,173
4,2026-08-06,TBLA,616.17377,617.4457,0.0020715594,0.0016297102,0.6,-0.0021242499351501465,0.0072598690167069435,174
4,2026-08-06,CLPI,1580.7302,1583.9926,0.0020659803,0.0027366877,0.8,-2.1064304746687412e-05,0.0035379885230213404,175
4,2026-08-06,IRRA,376.78693,377.54282,0.0020063878,0.0033951998,0.8,-0.0009495735284872353,0.0041457414627075195,176
4,2026-08-06,AKPI,503.2994,504.27988,0.0019700408,0.0009356737,0.6,-0.008783828467130661,0.01229093037545681,177
4,2026-08-06,NCKL,876.6836,878.22266,0.0018988966,0.004816532,0.6,-0.008726084604859352,0.011176751926541328,178
4,2026-08-06,MPMX,1006.4674,1008.3286,0.0018709541,0.0025980473,0.8,-0.0025360703002661467,0.005627941805869341,179
4,2026-08-06,TALF,637.9422,639.5003,0.0018541217,0.0040682554,0.8,-0.02475358173251152,0.02317638322710991,180
4,2026-08-06,GDYR,1088.4929,1090.4373,0.0018232465,0.0006607771,0.6,-0.010396754369139671,0.013259791769087315,181
4,2026-08-06,NATO,661.5176,662.7396,0.0018125654,0.0025544167,0.6,-0.002921449951827526,0.006521152798086405,182
4,2026-08-06,VTNY,61.33366,61.431763,0.0017812848,0.009266257,0.6,-0.029467200860381126,0.030950140208005905,183
4,2026-08-06,OLIV,50.1662,50.254044,0.0017621994,0.0018541813,0.6,-0.003950178623199463,0.008238814771175385,184
4,2026-08-06,GLVA,303.19745,303.71823,0.0017278672,0.0006182194,0.6,-0.003846192266792059,0.007632278837263584,185
4,2026-08-06,BBMD,2045.3773,2049.1426,0.0016882658,0.003159523,0.6,-0.01283869706094265,0.017367884516716003,186
4,2026-08-06,AMAG,385.14352,385.77582,0.0016682625,0.00033593178,0.6,-0.0009754061466082931,0.005761336535215378,187
4,2026-08-06,CAKK,131.653,131.8646,0.0016626358,0.003070712,0.6,-0.012511027045547962,0.014826583676040173,188
4,2026-08-06,FWCT,91.11986,91.29784,0.0016350269,0.0004246235,0.6,-0.013195764273405075,0.016917679458856583,189
4,2026-08-06,TBMS,1167.4249,1169.2977,0.001618135,0.0005021095,0.8,-0.0023765205405652523,0.00592083903029561,190
4,2026-08-06,ACES,359.49646,360.07208,0.001587224,0.0041788816,0.8,-0.00793459452688694,0.008658098988234997,191
4,2026-08-06,PADI,65.47062,65.53278,0.0015235662,0.009355426,0.8,-0.019625520333647728,0.01625649817287922,192
4,2026-08-06,POLI,717.0902,718.14026,0.0014459968,0.0029445887,0.6,-0.006542813964188099,0.009462999179959297,193
4,2026-08-06,MASB,3389.2266,3394.0398,0.0014224291,0.0009877682,0.8,0.00010008813114836812,0.0029159067198634148,194
4,2026-08-06,PSKT,220.01999,220.30606,0.0014135003,0.00051903725,0.6,-0.00418169517070055,0.008514665067195892,195
4,2026-08-06,JRPT,1078.6051,1080.1191,0.0014020562,0.0021344423,0.6,-0.0005527377361431718,0.003014635993167758,196
4,2026-08-06,BAUT,28.814163,28.854975,0.0013881683,0.0022755861,0.6,-0.00921252928674221,0.011760495603084564,197
4,2026-08-06,IPOL,104.7193,104.86345,0.0013850213,0.0037008524,0.8,-0.006208920385688543,0.006714581977576017,198
4,2026-08-06,KICI,190.59116,190.8363,0.0013698578,0.0005260706,0.6,-0.006578803062438965,0.009647296741604805,199
4,2026-08-06,HUMI,135.6124,135.92664,0.001337409,0.0026785135,0.6,-0.03998279571533203,0.038654204457998276,200
4,2026-08-06,SPTO,598.9837,599.77795,0.0013113737,0.0014004707,0.6,-0.006522762589156628,0.009348058141767979,201
4,2026-08-06,DPUM,99.438705,99.56429,0.0012738586,0.0006260872,0.6,-0.0012122511398047209,0.004262137226760387,202
4,2026-08-06,RLCO,5409.554,5417.0195,0.0012284399,0.00065016747,0.6,-0.01877434179186821,0.021369382739067078,203
4,2026-08-06,BBSI,4688.836,4694.31,0.0011683464,0.0009444952,1.0,0.0002872228797059506,0.002309751231223345,204
4,2026-08-06,YUPI,1301.2527,1302.6969,0.0011472702,0.0004903078,0.6,-0.004357790574431419,0.006500863935798407,205
4,2026-08-06,BJTM,515.41785,515.9762,0.0010881543,0.00039696693,0.6,-0.0006205200916156173,0.0032906292472034693,206
4,2026-08-06,MARK,1113.9602,1114.8281,0.0010722041,0.0023741722,0.8,-0.01190716028213501,0.012492655776441097,207
4,2026-08-06,BELI,254.61856,254.87497,0.0009716988,0.0017164946,0.6,-0.0025862096808850765,0.004016399383544922,208
4,2026-08-06,LABS,149.86812,150.00804,0.00096076727,0.0027068853,0.6,-0.006121587939560413,0.007247685454785824,209
4,2026-08-06,TRIM,558.504,559.0712,0.0009571671,0.0058625937,0.6,-0.010645019821822643,0.008775281719863415,210
4,2026-08-06,LAPD,60.022198,60.046917,0.0008748174,0.013107657,0.6,-0.033794473856687546,0.025957034900784492,211
4,2026-08-06,BJBR,790.2908,790.9347,0.000833118,0.00030386448,0.6,-0.003893053624778986,0.005589342210441828,212
4,2026-08-06,ISEA,77.83082,77.902695,0.00080717803,0.0011029243,0.6,-0.009902643971145153,0.01159190945327282,213
4,2026-08-06,BYAN,12040.5205,12049.192,0.00079517363,4.7326088e-05,0.6,-0.00808728951960802,0.010674213990569115,214
4,2026-08-06,CANI,141.79375,141.89558,0.000719142,0.00072431564,1.0,0.0002652168332133442,0.0011840581428259611,215
4,2026-08-06,JGLE,65.07243,65.12069,0.00069298747,0.002578497,0.6,-0.018624436110258102,0.02073483355343342,216
4,2026-08-06,SFAN,1970.0817,1971.3949,0.00067139865,0.0008690357,0.6,-0.0023120164405554533,0.003457355545833707,217
4,2026-08-06,TCID,2739.1484,2740.7427,0.0006138563,0.0009906292,0.6,-0.00929257832467556,0.009982800111174583,218
4,2026-08-06,MDIY,912.88684,913.39026,0.0005437732,0.0019202232,0.6,-0.004789543338119984,0.005000591278076172,219
4,2026-08-06,BUAH,496.61978,496.90387,0.00052850245,0.0003144741,0.8,-0.0067175389267504215,0.006982231047004461,220
4,2026-08-06,MKPI,21682.004,21693.46,0.0005219579,0.0005815029,0.6,-0.0022441386245191097,0.003045249031856656,221
4,2026-08-06,AMRT,1338.3833,1338.7708,0.000516057,0.0067158937,0.6,-0.024668704718351364,0.021808670833706856,222
4,2026-08-06,MTFN,13.096468,13.10318,0.00051248074,0.00051248074,1.0,0.0005124807357788086,0.0005124807357788086,223
4,2026-08-06,MDRN,24.084627,24.096807,0.0005056858,0.0005056858,1.0,0.0005056858062744141,0.0005056858062744141,224
4,2026-08-06,MDLA,210.10478,210.19531,0.00042543412,0.00057947636,0.6,-0.005067670252174139,0.00579302292317152,225
4,2026-08-06,WAPO,119.27486,119.3177,0.00038114787,0.0036557913,0.6,-0.011990487575531006,0.010401533916592598,226
4,2026-08-06,CARE,420.28278,420.38354,0.00030862092,0.00061655045,0.6,-0.010535168461501598,0.01024081651121378,227
4,2026-08-06,CMPP,69.28188,69.30226,0.00029007197,0.0006197691,0.6,-0.0018496632110327482,0.002011537551879883,228
4,2026-08-06,DIGI,29.453384,29.461813,0.0002862215,0.0002862215,1.0,0.0002862215042114258,0.0002862215042114258,229
4,2026-08-06,ABBA,29.402119,29.410038,0.00026929379,0.00026929379,1.0,0.00026929378509521484,0.00026929378509521484,230
4,2026-08-06,INDX,57.056236,57.07093,0.00025737286,0.00025737286,1.0,0.0002573728561401367,0.0002573728561401367,231
4,2026-08-06,MAHA,144.41507,144.44742,0.00022214651,0.0032455921,0.8,-0.00595136871561408,0.0036519288551062346,232
4,2026-08-06,AGII,3093.4307,3093.89,0.00018758774,0.0030061007,0.6,-0.01843181811273098,0.016512557864189148,233
4,2026-08-06,BABP,50.16468,50.17341,0.00017409325,1.1205673e-05,1.0,1.1205673217773438e-05,0.0004998682998120785,234
4,2026-08-06,MAXI,49.98368,49.992218,0.00017082691,0.00017082691,1.0,0.00017082691192626953,0.00017082691192626953,235
4,2026-08-06,IBST,8753.401,8754.841,0.00016438961,0.00016438961,1.0,0.00016438961029052734,0.00016438961029052734,236
4,2026-08-06,DLTA,1779.9607,1780.2393,0.00016285181,0.00016796589,0.6,-0.0025690197944641113,0.0026649951469153166,237
4,2026-08-06,PNIN,720.669,720.8024,0.00014841557,7.1287155e-05,0.6,-0.003027105238288641,0.0034955735318362713,238
4,2026-08-06,ARKA,22.432035,22.435242,0.00014293194,0.00014293194,1.0,0.00014293193817138672,0.00014293193817138672,239
4,2026-08-06,MGRO,714.10754,714.12354,0.00010598898,0.00032937527,0.6,-0.004963696002960205,0.005599617026746273,240
4,2026-08-06,BLTZ,2533.8867,2534.088,7.939339e-05,7.939339e-05,1.0,7.939338684082031e-05,7.939338684082031e-05,241
4,2026-08-06,FOOD,175.39948,175.41264,7.510185e-05,7.510185e-05,1.0,7.510185241699219e-05,7.510185241699219e-05,242
4,2026-08-06,PSGO,196.25955,196.27385,7.2729585e-05,0.00020885468,0.6,-0.0030780197121202946,0.002963423728942871,243
4,2026-08-06,INCF,48.993923,48.996246,4.7397614e-05,2.503395e-05,0.6,-5.898475501453504e-05,0.00018553732661530375,244
4,2026-08-06,GOTO,50.227905,50.23018,4.529953e-05,4.529953e-05,1.0,4.5299530029296875e-05,4.5299530029296875e-05,245
4,2026-08-06,TAYS,50.454857,50.45709,4.4226646e-05,4.4226646e-05,1.0,4.4226646423339844e-05,4.4226646423339844e-05,246
4,2026-08-06,ATLA,49.934593,49.936398,3.6144258e-05,3.170967e-05,1.0,3.170967102050781e-05,4.5013424823991954e-05,247
4,2026-08-06,MKAP,1169.1595,1169.1802,1.7642975e-05,1.7642975e-05,1.0,1.7642974853515625e-05,1.7642974853515625e-05,248
4,2026-08-06,MSTI,1340.4231,1340.4651,1.5735626e-05,0.00032413006,0.6,-0.005410039331763983,0.00538706686347723,249
4,2026-08-06,ACRO,59.791553,59.790504,1.244545e-05,0.0026534796,0.6,-0.014662301167845726,0.012927340343594551,250
4,2026-08-06,RAFI,35.99547,35.995636,4.6491623e-06,4.6491623e-06,1.0,4.649162292480469e-06,4.649162292480469e-06,251
4,2026-08-06,PTDU,70.096924,70.09718,3.695488e-06,3.695488e-06,1.0,3.6954879760742188e-06,3.6954879760742188e-06,252
4,2026-08-06,EDGE,4788.747,4788.7505,7.1525574e-07,7.1525574e-07,1.0,7.152557373046875e-07,7.152557373046875e-07,253
5,2026-08-07,ECII,146.40869,155.81592,0.07557668,0.0031951666,0.6,-0.042735397815704346,0.26405513286590576,1
5,2026-08-07,BNBR,104.39195,111.40061,0.0724255,0.0826273,0.8,0.0012450572103261948,0.1407790631055832,2
5,2026-08-07,TCPI,4210.061,4320.6533,0.045813717,0.054739952,0.8,-0.12668409943580627,0.20951193571090698,3
5,2026-08-07,GZCO,183.80537,190.2504,0.03459642,0.026560426,1.0,0.010555791668593884,0.06126279756426811,4
5,2026-08-07,MCAS,249.73125,257.6778,0.03407519,0.008072734,0.8,-0.015234708786010742,0.0961027592420578,5
5,2026-08-07,PBSA,740.0754,762.2423,0.030057777,0.035215855,0.8,0.0003536827862262726,0.0537836067378521,6
5,2026-08-07,SHIP,2073.5718,2146.9324,0.029858923,0.00706017,0.8,0.0006705999840050936,0.07629115134477615,7
5,2026-08-07,MSIE,100.62418,103.15497,0.025433088,0.02856791,1.0,0.0060332296416163445,0.04358065128326416,8
5,2026-08-07,TKIM,6685.793,6855.3687,0.023834432,0.02603662,0.6,-0.011039923876523972,0.06088971346616745,9
5,2026-08-07,LPPS,79.29184,81.07246,0.023432875,0.011438727,0.8,-0.0020822761580348015,0.06225542351603508,10
5,2026-08-07,MIRA,22.707905,23.209064,0.023360144,0.007977843,0.6,-0.004220259375870228,0.06010250747203827,11
5,2026-08-07,SSMS,1025.8328,1049.3551,0.021942485,0.010336876,0.6,-0.01032398920506239,0.06493221968412399,12
5,2026-08-07,BULL,479.1225,484.638,0.01894902,0.030629039,0.6,-0.07661782205104828,0.11218908429145813,13
5,2026-08-07,SMIL,400.83554,408.29575,0.018854927,0.013756514,1.0,0.007197904400527477,0.03299152851104736,14
5,2026-08-07,ADMG,230.67883,234.806,0.018324351,0.015989423,1.0,0.005853056907653809,0.03478827327489853,15
5,2026-08-07,UDNG,967.8218,984.46857,0.017108226,0.022377014,0.6,-0.03770036622881889,0.06495058536529541,16
5,2026-08-07,HOPE,205.92197,209.10953,0.016153645,0.0050082207,1.0,0.0019289255142211914,0.040683239698410034,17
5,2026-08-07,MDKI,180.23222,183.05588,0.015717626,0.009191155,0.8,-0.01114044152200222,0.04413158819079399,18
5,2026-08-07,POLU,11910.576,12091.271,0.015570318,0.024795413,0.8,-0.0036686062812805176,0.02627096138894558,19
5,2026-08-07,HADE,17.750555,18.005817,0.015018141,0.0017491579,0.8,-0.0010971903102472425,0.039546918123960495,20
5,2026-08-07,CTBN,4061.936,4121.5664,0.014709497,0.020095944,0.8,0.004176735877990723,0.021218061447143555,21
5,2026-08-07,BEST,110.13551,111.58262,0.013613606,0.011377335,0.6,-0.004917001351714134,0.03626496344804764,22
5,2026-08-07,LIVE,207.30249,210.15298,0.013557148,0.014372468,0.6,-0.0056247711181640625,0.03356468677520752,23
5,2026-08-07,MEJA,93.82245,95.0896,0.01337471,0.011410713,0.8,0.0016656160587444901,0.02716236002743244,24
5,2026-08-07,NSSS,1206.1741,1227.0242,0.013370514,0.015365839,0.6,-0.029242943972349167,0.06180946156382561,25
5,2026-08-07,AKSI,220.16711,222.91402,0.01300633,0.0010765791,0.6,-0.0025680542457848787,0.03987357020378113,26
5,2026-08-07,MTMH,897.3539,908.6688,0.012619948,0.017260075,1.0,0.004817485809326172,0.01815822161734104,27
5,2026-08-07,BTEK,9.847837,9.972356,0.012108648,0.01918137,0.6,-0.02737872675061226,0.05015253648161888,28
5,2026-08-07,MLPT,1674.7086,1694.3899,0.011787832,0.006272793,0.6,-0.009111213497817516,0.03540003299713135,29
5,2026-08-07,IKAI,19.80497,20.036533,0.0113713145,0.012575984,0.6,-0.006755030248314142,0.0304550863802433,30
5,2026-08-07,NEST,672.605,680.49786,0.011251604,0.01445663,0.6,-0.01042560301721096,0.03093860112130642,31
5,2026-08-07,DSSA,750.2484,758.5541,0.011246527,0.0072277784,0.6,-0.015811001881957054,0.03941214084625244,32
5,2026-08-07,RANC,495.36792,500.77948,0.011107743,0.0054700375,0.8,0.00021418332471512258,0.02569420263171196,33
5,2026-08-07,ASBI,417.29974,421.80743,0.010956025,0.009160638,0.8,-0.004591703414916992,0.027579855173826218,34
5,2026-08-07,SSTM,397.90186,402.65143,0.010952115,0.006882906,0.6,-0.01883828639984131,0.04632217437028885,35
5,2026-08-07,SMLE,152.11456,153.72104,0.010872304,0.003950119,0.6,-0.009623825550079346,0.03423032909631729,36
5,2026-08-07,ACST,83.92301,84.82324,0.010755599,0.011386275,0.8,0.0020855069160461426,0.01993722841143608,37
5,2026-08-07,FILM,927.6395,929.7902,0.010572779,0.028899789,0.8,-0.11034060269594193,0.10550620406866074,38
5,2026-08-07,TAPG,1773.3625,1792.2281,0.010498261,0.0082012415,0.8,0.0012215138413012028,0.021117733791470528,39
5,2026-08-07,ALKA,1678.1096,1696.24,0.010471153,0.005829215,1.0,0.002711129141971469,0.02292170375585556,40
5,2026-08-07,FISH,596.63715,602.65076,0.010034919,0.000780344,0.6,-0.0036433457862585783,0.029372476041316986,41
5,2026-08-07,GRPM,222.14114,224.39542,0.010010314,0.0026910305,0.6,-0.013742291368544102,0.04189392924308777,42
5,2026-08-07,INDR,2118.0437,2139.3215,0.009908771,0.0064156055,0.8,-0.012990713119506836,0.035822246223688126,43
5,2026-08-07,KLAS,76.7525,77.494125,0.009649468,0.023370266,0.6,-0.017709672451019287,0.02925429306924343,44
5,2026-08-07,PGLI,190.57634,192.4281,0.009603595,0.0029637814,1.0,0.0016462088096886873,0.021833419799804688,45
5,2026-08-07,SRTG,1776.7682,1793.2627,0.009453046,0.0031174421,0.8,-0.002471005776897073,0.024154948070645332,46
5,2026-08-07,RBMS,64.40105,64.9923,0.0094155315,0.015415788,0.8,-0.007174634840339422,0.022211670875549316,47
5,2026-08-07,BABY,183.92145,185.62772,0.0093612075,0.013998389,0.8,-0.003192603588104248,0.01954648457467556,48
5,2026-08-07,JIHD,413.404,417.16806,0.009107423,0.008814931,0.8,-0.003095769789069891,0.021692918613553047,49
5,2026-08-07,URBN,210.8899,212.8012,0.009105742,0.010418057,0.8,-0.00023523566778749228,0.017908858135342598,50
5,2026-08-07,WOOD,232.92102,235.0052,0.009091973,0.0047266483,0.6,-0.017589068040251732,0.03918323293328285,51
5,2026-08-07,KUAS,89.52619,90.340614,0.009063626,0.010844231,1.0,0.004706216044723988,0.012552333064377308,52
5,2026-08-07,AMRT,1338.7708,1350.4792,0.008759951,0.0067043304,0.8,-0.007436633110046387,0.02583465538918972,53
5,2026-08-07,BSML,548.2354,552.92737,0.008562255,0.011541605,0.8,-0.0013437746092677116,0.016693495213985443,54
5,2026-08-07,HRUM,815.97504,822.73987,0.008339262,0.009795308,0.8,-0.0007606507278978825,0.015531348995864391,55
5,2026-08-07,NICK,1243.3676,1255.0605,0.008248603,0.014298081,0.6,-0.010966802015900612,0.02544395811855793,56
5,2026-08-07,MANG,39.162464,39.482773,0.00818125,0.013787031,0.8,-0.002027666661888361,0.015375375747680664,57
5,2026-08-07,KDSI,453.42578,457.0873,0.008161426,0.006135583,0.8,0.0009153366554528475,0.01717212051153183,58
5,2026-08-07,MITI,149.13297,150.31963,0.008106041,0.006812811,0.6,-0.0034241557586938143,0.020276999101042747,59
5,2026-08-07,DOOH,250.35588,252.27695,0.0081016775,0.0047683716,0.6,-0.03482995182275772,0.054473087191581726,60
5,2026-08-07,IATA,79.831604,80.31868,0.007907415,0.023542404,0.6,-0.0474795326590538,0.0555708147585392,61
5,2026-08-07,PPRO,15.5290165,15.657061,0.007900333,0.00031268597,0.6,-0.01389386598020792,0.03499443084001541,62
5,2026-08-07,PGEO,1038.5422,1046.6713,0.007836747,0.008734465,0.6,-0.008857548236846924,0.02608771063387394,63
5,2026-08-07,INAI,176.1471,177.504,0.007814777,0.010131955,0.8,0.00010224583093076944,0.01455829106271267,64
5,2026-08-07,BEEF,400.37823,403.63995,0.007722199,0.014949679,0.8,-0.015481458976864815,0.023845933377742767,65
5,2026-08-07,VTNY,61.431763,61.899487,0.0076170326,0.013568759,0.6,-0.015359675511717796,0.0271222572773695,66
5,2026-08-07,OILS,227.8359,229.52583,0.007369137,0.008544445,0.8,-0.005369949154555798,0.017864512279629707,67
5,2026-08-07,VOKS,200.71341,202.1773,0.00728904,0.008344412,0.8,0.0017224194016307592,0.011921309866011143,68
5,2026-08-07,MHKI,129.37485,130.30496,0.0071766376,0.00269866,0.8,-1.2588483514264226e-05,0.019298860803246498,69
5,2026-08-07,PLAN,38.440533,38.705666,0.007018256,0.0015301704,0.8,-0.0007970094447955489,0.018115209415555,70
5,2026-08-07,KAQI,98.742386,99.674675,0.0069144606,0.010744691,0.8,-0.027079736813902855,0.0370846726000309,71
5,2026-08-07,ZATA,62.108807,62.546974,0.006756997,0.0053470135,0.8,-0.007220101077109575,0.022329995408654213,72
5,2026-08-07,DWGL,381.20517,383.80356,0.006642437,0.015124321,0.6,-0.01486579142510891,0.024286961182951927,73
5,2026-08-07,PTPS,145.2352,146.19855,0.0066304924,0.008444428,0.8,-0.004259895998984575,0.015468835830688477,74
5,2026-08-07,TAMA,268.2137,269.55045,0.0064882278,0.0062203407,0.8,-0.01700751855969429,0.028728865087032318,75
5,2026-08-07,SULI,87.44575,87.99105,0.0063769342,0.007406831,0.6,-0.006271409802138805,0.019762609153985977,76
5,2026-08-07,JTPE,607.9346,611.7583,0.0063024997,0.00046801567,0.6,-0.015442895703017712,0.033824652433395386,77
5,2026-08-07,EXCL,2401.4832,2415.9292,0.0060649277,0.0073165894,0.8,-0.0013223050627857447,0.01241390686482191,78
5,2026-08-07,BOAT,132.34152,133.30038,0.0060592173,0.008348227,0.6,-0.035294998437166214,0.04559626430273056,79
5,2026-08-07,SCNP,155.1473,156.08133,0.0059940936,0.0041075945,0.8,-0.0011058449745178223,0.013906002044677734,80
5,2026-08-07,AMFG,3343.4812,3363.105,0.005925417,0.00464952,0.6,-0.009164487943053246,0.022033214569091797,81
5,2026-08-07,KMDS,537.9184,541.0477,0.005912745,0.0074836016,0.6,-0.007255327422171831,0.017713140696287155,82
5,2026-08-07,SAMF,276.0151,277.64224,0.0059008,0.0071641207,0.8,-9.480712469667196e-05,0.011001181788742542,83
5,2026-08-07,ACES,360.07208,362.25952,0.0058926465,0.003192544,0.6,-0.006485200021415949,0.01981961727142334,84
5,2026-08-07,MERI,99.78952,100.37096,0.005848706,0.0058356524,0.8,-0.0031633733306080103,0.014441871084272861,85
5,2026-08-07,CINT,175.68404,176.7207,0.005846894,0.004454136,0.8,-0.0018571733962744474,0.01562647707760334,86
5,2026-08-07,RSCH,324.02896,325.92053,0.0058029415,0.01399529,0.6,-0.020371973514556885,0.0275859571993351,87
5,2026-08-07,DIVA,120.46716,121.17161,0.005722749,0.008394957,0.6,-0.004296219442039728,0.01500463392585516,88
5,2026-08-07,TRUS,408.50488,410.70264,0.005671072,0.004547477,0.6,-0.007327091880142689,0.02100040763616562,89
5,2026-08-07,GRPH,58.81595,59.14585,0.0056474684,0.002097249,1.0,0.0011821746593341231,0.011891389265656471,90
5,2026-08-07,TRIM,559.0712,562.10986,0.0055931928,0.005962372,0.6,-0.003616106463596225,0.015832088887691498,91
5,2026-08-07,AHAP,91.078896,91.595985,0.005585718,0.007839918,0.6,-0.006716251373291016,0.017389845103025436,92
5,2026-08-07,INCI,652.38586,656.02405,0.005556488,0.008007646,0.8,-0.0037305117584764957,0.01252653542906046,93
5,2026-08-07,AREA,283.43076,284.96838,0.0055178283,0.0076699257,0.8,-0.011292492970824242,0.018816566094756126,94
5,2026-08-07,LUCK,108.29498,108.88783,0.005408585,0.005854726,0.6,-0.012322974391281605,0.02374572679400444,95
5,2026-08-07,SMKL,143.36972,144.10623,0.005305731,0.0026317835,0.6,-0.007274424657225609,0.02024364285171032,96
5,2026-08-07,PPGL,208.32141,209.43188,0.0052404404,0.004097581,0.6,-0.01209789514541626,0.02271289750933647,97
5,2026-08-07,PSDN,115.633385,116.20012,0.00520488,0.0066400766,0.6,-0.00651363143697381,0.01776406541466713,98
5,2026-08-07,BBMD,2049.1426,2060.1516,0.0051074983,0.004449606,0.8,-0.003842997597530484,0.01409068051725626,99
5,2026-08-07,PNLF,223.93791,225.05037,0.0050871493,0.0013283491,0.6,-0.005133998580276966,0.017993878573179245,100
5,2026-08-07,ARII,273.85492,275.2248,0.0050112964,0.0032838583,1.0,0.002098775003105402,0.009357928298413754,101
5,2026-08-07,AADI,9164.531,9206.891,0.0049171327,0.0069634914,0.8,-0.00986336451023817,0.016797827556729317,102
5,2026-08-07,AUTO,2715.4766,2728.7495,0.004896009,0.005085945,0.8,-0.0016331076622009277,0.01145467720925808,103
5,2026-08-07,VERN,190.4487,191.35597,0.0048153996,0.006472945,0.6,-0.005992877297103405,0.014848255552351475,104
5,2026-08-07,LTLS,828.22296,832.0884,0.004807019,0.00036275387,0.6,-0.007668018341064453,0.019467376172542572,105
5,2026-08-07,PKPK,3959.107,3978.2969,0.0046818135,0.009029269,0.8,-0.027381764724850655,0.03275696933269501,106
5,2026-08-07,HOMI,184.32008,185.21678,0.0046305535,0.001406908,0.8,-0.01237264834344387,0.02359277941286564,107
5,2026-08-07,MMLP,292.43365,293.74,0.004475832,0.0096488,0.6,-0.007627236656844616,0.013625334948301315,108
5,2026-08-07,ZYRX,120.01286,120.50779,0.004370189,0.0076551437,0.8,-0.0062313079833984375,0.011760210618376732,109
5,2026-08-07,BIPI,135.2489,135.85355,0.0042993785,0.0038964748,0.6,-0.028216158971190453,0.03936588391661644,110
5,2026-08-07,CTRA,570.5221,572.92175,0.004263067,0.009790063,0.6,-0.0095816133543849,0.014979361556470394,111
5,2026-08-07,DSNG,1388.1293,1394.4944,0.0042487145,0.009856939,0.6,-0.019767403602600098,0.024553678929805756,112
5,2026-08-07,ASPR,144.8077,145.35327,0.004230523,0.007550001,0.6,-0.02566044218838215,0.030498120933771133,113
5,2026-08-07,KLBF,700.283,703.2721,0.0042090537,0.005035281,0.8,-0.018671905621886253,0.026264498010277748,114
5,2026-08-07,CLAY,2442.7842,2452.5574,0.0041665793,0.0045974255,0.6,-0.00478674191981554,0.01304779015481472,115
5,2026-08-07,SURI,70.97584,71.26722,0.0041564703,0.0073970556,0.6,-0.0035903332754969597,0.010309576988220215,116
5,2026-08-07,AMMS,254.90727,255.65237,0.004109991,0.002884388,0.6,-0.023003768175840378,0.03449525684118271,117
5,2026-08-07,NISP,1296.8373,1302.0872,0.004055953,0.0061695576,0.6,-0.003935754299163818,0.010988855734467506,118
5,2026-08-07,LPPF,1556.561,1562.8221,0.0040339706,0.0050649643,0.6,-0.0037679909728467464,0.011232518590986729,119
5,2026-08-07,MMIX,712.96484,715.2965,0.0039778827,0.012571812,0.6,-0.020482754334807396,0.02149033546447754,120
5,2026-08-07,AISA,116.75498,117.195175,0.003936303,0.0019751787,0.6,-0.004117035772651434,0.014714381657540798,121
5,2026-08-07,TPIA,2249.9526,2254.5752,0.0038938522,0.001412034,0.6,-0.024289797991514206,0.03413912653923035,122
5,2026-08-07,BTPN,2208.4814,2217.0203,0.0038816333,0.0032616854,0.6,-0.006270015146583319,0.013926934450864792,123
5,2026-08-07,BREN,3356.395,3370.0728,0.0038805604,0.0007171631,0.6,-0.00290353293530643,0.013499687425792217,124
5,2026-08-07,MSJA,397.60773,399.15756,0.0038407682,0.0061872005,0.8,-0.004994070623070002,0.010029458440840244,125
5,2026-08-07,TSPC,2872.684,2883.0952,0.0036875964,0.0029881,0.6,-0.006665647029876709,0.01471562311053276,126
5,2026-08-07,GUNA,198.32285,199.02531,0.0036466718,0.00028705597,0.6,-0.007973695173859596,0.016517113894224167,127
5,2026-08-07,RSGK,971.7472,975.19666,0.0036070705,0.00088608265,0.8,-0.002329885959625244,0.010979007929563522,128
5,2026-08-07,ASLC,62.137867,62.361824,0.003589773,0.0030792952,0.6,-0.0035130144096910954,0.01196513045579195,129
5,2026-08-07,KBLM,304.08057,305.16614,0.0035688877,0.005007148,0.8,-0.0024004457518458366,0.008060955442488194,130
5,2026-08-07,KKGI,272.88724,273.83423,0.003482306,0.0009816885,0.6,-0.0048160674050450325,0.01400446705520153,131
5,2026-08-07,ADRO,2483.9033,2492.3826,0.0033600568,0.0036342144,0.6,-0.005303597543388605,0.01232759840786457,132
5,2026-08-07,GSMF,87.58942,87.89846,0.0033192039,0.009697199,0.8,-0.026028001680970192,0.026615284383296967,133
5,2026-08-07,YOII,81.55205,81.81889,0.003290689,0.0015912056,0.6,-0.007490074262022972,0.014732575044035912,134
5,2026-08-07,KINO,1226.9153,1230.9338,0.0031656027,0.0038700104,0.8,-0.005431437399238348,0.011058568023145199,135
5,2026-08-07,SURE,2806.7007,2815.0303,0.0031516314,0.002133727,0.8,-0.004289841745048761,0.01121888030320406,136
5,2026-08-07,DEWI,118.593796,118.96692,0.003145957,0.0045297146,0.8,-0.005462169647216797,0.00962915364652872,137
5,2026-08-07,BJTM,515.9762,517.58264,0.0031029582,0.004832387,0.8,-0.0040204646065831184,0.008672666735947132,138
5,2026-08-07,PNSE,487.67157,489.14273,0.003048408,0.0013808012,0.8,-0.0013438581954687834,0.009072946384549141,139
5,2026-08-07,IMAS,851.82666,854.4206,0.0030277967,0.0036754608,0.8,0.0002546787145547569,0.005280041601508856,140
5,2026-08-07,PRDA,2506.8022,2515.101,0.0030151368,0.006017685,0.6,-0.00732498150318861,0.011092686094343662,141
5,2026-08-07,BLES,199.99382,200.5689,0.002856958,0.0001642704,0.6,-0.009956156834959984,0.017570018768310547,142
5,2026-08-07,DEPO,239.88937,240.57039,0.0028492808,0.0042698383,0.8,-0.005035364534705877,0.00944976694881916,143
5,2026-08-07,AMOR,344.2294,345.17972,0.002780366,0.0031467676,0.8,-0.006103205494582653,0.01163322851061821,144
5,2026-08-07,PNIN,720.8024,722.7651,0.0027012706,0.0034719706,0.6,-0.0025449274107813835,0.007429003715515137,145
5,2026-08-07,MIKA,1769.2465,1774.136,0.0026770593,0.005038142,0.6,-0.007625913247466087,0.011757420375943184,146
5,2026-08-07,TRST,461.17114,462.38785,0.0026360513,0.0036393404,0.6,-0.0026576637756079435,0.0072071789763867855,147
5,2026-08-07,NASI,126.22964,126.56809,0.0025960444,0.003664732,0.6,-0.011592602357268333,0.01590411551296711,148
5,2026-08-07,AGRS,62.11028,62.268425,0.00259552,0.0006825924,0.6,-0.005177652928978205,0.012032984755933285,149
5,2026-08-07,EMAS,6357.151,6374.1055,0.0025627494,0.004238844,0.6,-0.009475171566009521,0.015128467231988907,150
5,2026-08-07,SPTO,599.77795,601.271,0.0025173188,0.003399253,0.8,-0.0005348443519324064,0.0049977777525782585,151
5,2026-08-07,DPUM,99.56429,99.80794,0.0024487972,0.001871705,1.0,0.0012628554832190275,0.0040091038681566715,152
5,2026-08-07,FAPA,7345.962,7363.849,0.0024355291,0.00010037422,0.8,3.4213080652989447e-06,0.006257486063987017,153
5,2026-08-07,BMTR,113.86784,114.14964,0.0023639798,0.0047097206,0.6,-0.01028661709278822,0.014775203540921211,154
5,2026-08-07,MNCN,207.61295,208.11972,0.002360487,0.0006272793,0.6,-0.006510567851364613,0.01185538712888956,155
5,2026-08-07,WIDI,25.91708,25.978527,0.00227772,0.007803321,0.8,-0.014741647057235241,0.01412210427224636,156
5,2026-08-07,SMSM,1802.2188,1806.0918,0.0022007346,0.0031288862,0.6,-0.0076143741607666016,0.010573172010481358,157
5,2026-08-07,BFIN,905.0231,906.98663,0.0021735549,0.0024453402,0.6,-0.008313906379044056,0.013208269141614437,158
5,2026-08-07,TGKA,4892.923,4903.2256,0.0021279217,0.005021453,0.6,-0.005131185054779053,0.007513308431953192,159
5,2026-08-07,CARE,420.38354,421.23193,0.002039635,0.0014369488,0.8,-0.00460053700953722,0.00906133558601141,160
5,2026-08-07,NATO,662.7396,664.05725,0.002011466,0.002032876,0.6,-0.0010573745239526033,0.005355119239538908,161
5,2026-08-07,BIRD,1619.6807,1622.842,0.001951778,0.003193736,0.6,-0.0017404675018042326,0.005206083878874779,162
5,2026-08-07,APLI,241.72061,242.12741,0.0019103527,0.00068461895,0.6,-0.02127859555184841,0.026057574898004532,163
5,2026-08-07,AMAR,219.33005,219.74055,0.0019101382,0.0031489134,0.6,-0.0037172555457800627,0.006910085212439299,164
5,2026-08-07,CLEO,386.3852,387.11444,0.0018713713,1.3947487e-05,0.6,-0.006941271014511585,0.0126753319054842,165
5,2026-08-07,DRMA,950.6454,952.37665,0.0018494606,0.003078699,0.8,-0.0021255731116980314,0.005090808495879173,166
5,2026-08-07,CMPP,69.30226,69.42726,0.0017997026,0.0018620491,0.6,-0.0011160254944115877,0.005194925703108311,167
5,2026-08-07,BAYU,1089.5287,1091.4291,0.0017524362,0.0020592213,0.8,-0.0007846951484680176,0.003944230265915394,168
5,2026-08-07,SPMA,166.12846,166.39572,0.0016899586,0.0056955814,0.8,-0.007301044650375843,0.006801509764045477,169
5,2026-08-07,YUPI,1302.6969,1304.82,0.0016464472,0.00043034554,0.8,-0.001397633575834334,0.005650424398481846,170
5,2026-08-07,RDTX,13507.604,13529.83,0.0016457557,0.0010285378,0.8,-0.00010073184967041016,0.004063081461936235,171
5,2026-08-07,SMDM,548.9272,549.91644,0.0016267061,0.004355788,0.6,-0.01037906389683485,0.011759686283767223,172
5,2026-08-07,BNII,190.13742,190.43964,0.0016085267,0.00057947636,0.6,-0.002156162168830633,0.006507586687803268,173
5,2026-08-07,AKPI,504.27988,505.09845,0.0016059757,0.0015093088,0.6,-0.002097952412441373,0.005394315347075462,174
5,2026-08-07,ICON,105.45168,105.61162,0.0015650153,0.00024104118,0.6,-0.014594029635190964,0.017023373395204544,175
5,2026-08-07,MIDI,286.04767,286.45135,0.0014464498,0.00050520897,0.6,-0.0035763978958129883,0.007516144774854183,176
5,2026-08-07,TOSK,67.38399,67.47658,0.0014299273,0.0074603558,0.6,-0.01028597354888916,0.009396171197295189,177
5,2026-08-07,MARK,1114.8281,1116.5317,0.0013708472,0.0040020943,0.6,-0.0042091249488294125,0.005086302757263184,178
5,2026-08-07,TOTO,241.4031,241.72275,0.0013359428,0.000101447105,0.6,-0.0016798973083496094,0.00486645707860589,179
5,2026-08-07,TRGU,161.71326,161.92935,0.0013300419,0.002194643,0.6,-0.005934000015258789,0.007754110731184483,180
5,2026-08-07,SILO,2075.9417,2078.6616,0.0012910843,0.0020370483,0.6,-0.0032404898665845394,0.0058509586378932,181
5,2026-08-07,BELI,254.87497,255.16992,0.001266253,0.0024348497,0.6,-0.012260174378752708,0.012845562770962715,182
5,2026-08-07,PANS,1531.5398,1533.428,0.0012422919,0.0016208887,0.8,-0.00285073509439826,0.004840230569243431,183
5,2026-08-07,ISAT,1875.7506,1877.9368,0.0012066842,0.0026189089,0.6,-0.016198718920350075,0.020593639463186264,184
5,2026-08-07,MKPI,21693.46,21718.902,0.0012019395,0.0024118423,0.8,-0.002991795539855957,0.00422823429107666,185
5,2026-08-07,BBCA,6172.5723,6178.3916,0.0011204124,0.004615426,0.6,-0.01512612123042345,0.01606736145913601,186
5,2026-08-07,CHEM,63.01014,63.067463,0.0011166811,0.0025371313,0.6,-0.01043853722512722,0.012877200730144978,187
5,2026-08-07,BSIM,696.97394,697.53894,0.001020968,0.008477926,0.6,-0.021438682451844215,0.020863555371761322,188
5,2026-08-07,HOKI,52.842297,52.891876,0.0010003925,0.008575201,0.6,-0.0144065972417593,0.011330913752317429,189
5,2026-08-07,LPIN,423.7994,424.2032,0.0009664178,0.0022197962,0.6,-0.004121684934943914,0.005188321694731712,190
5,2026-08-07,IGAR,426.58954,427.00464,0.00095887185,0.0016349554,0.6,-0.004658067133277655,0.0067801945842802525,191
5,2026-08-07,DLTA,1780.2393,1781.9294,0.00095729827,0.0009737015,0.6,-0.0021139502059668303,0.003701376961544156,192
5,2026-08-07,LFLO,472.5546,472.44873,0.00091913936,0.0023810863,0.6,-0.017163444310426712,0.018494293093681335,193
5,2026-08-07,TBMS,1169.2977,1170.3528,0.0009014249,0.0012111664,0.6,-0.0017347335815429688,0.0033794399350881577,194
5,2026-08-07,SDPC,179.11015,179.24658,0.00079990627,0.0010527372,0.6,-0.0068687559105455875,0.00922400876879692,195
5,2026-08-07,AMAG,385.77582,386.06427,0.00074982643,0.00047457218,0.6,-0.0011646866332739592,0.0031888242810964584,196
5,2026-08-07,BSBK,51.651672,51.685974,0.00069513323,0.00029492378,0.6,-0.005227518267929554,0.007747887168079615,197
5,2026-08-07,MPMX,1008.3286,1009.02325,0.000687027,0.0014061928,0.6,-0.003760099411010742,0.005023717414587736,198
5,2026-08-07,MORA,6200.4624,6204.688,0.0006610394,0.0028119087,0.6,-0.0040787337347865105,0.004259562585502863,199
5,2026-08-07,DMND,617.6683,617.94385,0.0005100727,0.005743146,0.6,-0.009583711624145508,0.00781998597085476,200
5,2026-08-07,DGIK,126.60758,126.627075,0.00049899815,0.0034416914,0.6,-0.0166936032474041,0.015593672171235085,201
5,2026-08-07,MAYA,199.27934,199.37874,0.00046848058,0.0022410154,0.8,-0.0036014914512634277,0.003050684928894043,202
5,2026-08-07,DUTI,4282.531,4284.5034,0.00045670272,2.3007393e-05,0.6,-0.00012656449689529836,0.0012592315906658769,203
5,2026-08-07,UNTR,23840.562,23846.21,0.00042374135,0.008810163,0.6,-0.019293557852506638,0.016006922349333763,204
5,2026-08-07,MKAP,1169.1802,1169.6493,0.00040125847,0.00040125847,1.0,0.0004012584686279297,0.0004012584686279297,205
5,2026-08-07,BRAM,4494.36,4495.6943,0.00030645131,0.00015711784,0.6,-0.0032968162558972836,0.004215192515403032,206
5,2026-08-07,ATLA,49.936398,49.951393,0.00030031204,0.00030052662,1.0,0.0002998829004354775,0.00030052661895751953,207
5,2026-08-07,ALDO,839.1904,839.4943,0.00029975176,8.845329e-05,0.6,-0.011119222268462181,0.01204364188015461,208
5,2026-08-07,PTPW,1120.7009,1121.044,0.00029400588,0.00055766106,0.8,-0.0014348148833960295,0.0018318889196962118,209
5,2026-08-07,INTD,245.54147,245.5886,0.00029133557,0.006507039,0.6,-0.011481046676635742,0.009025287814438343,210
5,2026-08-07,CANI,141.89558,141.93504,0.00027998685,8.702278e-05,0.6,-0.00030478238477371633,0.0010668991599231958,211
5,2026-08-07,MTFN,13.10318,13.106649,0.00026476383,0.00026476383,1.0,0.00026476383209228516,0.00026476383209228516,212
5,2026-08-07,MAXI,49.992218,50.00501,0.00025582314,0.00025582314,1.0,0.00025582313537597656,0.00025582313537597656,213
5,2026-08-07,PNGO,3560.1008,3560.7273,0.00019568205,0.00032889843,0.6,-0.004014921374619007,0.0042802332900464535,214
5,2026-08-07,DIGI,29.461813,29.466282,0.00015163422,0.00015163422,1.0,0.00015163421630859375,0.00015163421630859375,215
5,2026-08-07,POWR,723.3793,723.45844,0.00011563301,0.0010559559,0.6,-0.0028919100295752287,0.002594208577647805,216
5,2026-08-07,WEGE,50.465054,50.470303,0.00010404587,0.00014483929,0.8,-1.034736487781629e-05,0.00018334388732910156,217
5,2026-08-07,GOTO,50.23018,50.23508,9.763241e-05,9.763241e-05,1.0,9.763240814208984e-05,9.763240814208984e-05,218
5,2026-08-07,TRJA,111.734604,111.74031,9.55224e-05,0.001085639,0.6,-0.009391474537551403,0.008956359699368477,219
5,2026-08-07,IBST,8754.841,8755.531,7.891655e-05,7.891655e-05,1.0,7.891654968261719e-05,7.891654968261719e-05,220
5,2026-08-07,ABBA,29.410038,29.41225,7.522106e-05,7.522106e-05,1.0,7.522106170654297e-05,7.522106170654297e-05,221
5,2026-08-07,BCAP,49.828053,49.83147,6.854534e-05,6.854534e-05,1.0,6.854534149169922e-05,6.854534149169922e-05,222
5,2026-08-07,BATA,59.479652,59.4835,6.4730644e-05,5.8412552e-05,0.6,-8.165836334228516e-05,0.00024545189808122814,223
5,2026-08-07,TMAS,120.45003,120.45746,6.1738494e-05,0.000669837,0.6,-0.003702354384586215,0.0033824678976088762,224
5,2026-08-07,PNBS,49.928158,49.930344,4.361868e-05,9.88245e-05,0.8,-6.56962365610525e-05,9.882450103759766e-05,225
5,2026-08-07,BHAT,1742.4574,1742.5328,4.3272972e-05,4.3272972e-05,1.0,4.3272972106933594e-05,4.3272972106933594e-05,226
5,2026-08-07,TAYS,50.45709,50.459,3.7908554e-05,3.7908554e-05,1.0,3.790855407714844e-05,3.790855407714844e-05,227
5,2026-08-07,ZINC,30.277945,30.279032,3.5881996e-05,3.5881996e-05,1.0,3.5881996154785156e-05,3.5881996154785156e-05,228
5,2026-08-07,BATR,90.76532,90.751205,3.232956e-05,0.005385995,0.6,-0.014168202877044678,0.011457585729658604,229
5,2026-08-07,MYTX,39.46807,39.469025,2.4199486e-05,2.4199486e-05,1.0,2.4199485778808594e-05,2.4199485778808594e-05,230
5,2026-08-07,FOOD,175.41264,175.41531,1.5258789e-05,1.5258789e-05,1.0,1.52587890625e-05,1.52587890625e-05,231
5,2026-08-07,INTA,61.903027,61.903553,8.34465e-06,8.34465e-06,1.0,8.344650268554688e-06,8.344650268554688e-06,232
5,2026-08-07,ENRG,1276.8547,1276.9138,3.6358833e-06,0.0028301477,0.6,-0.008358096703886986,0.007241940125823021,233
5,2026-08-07,BIKE,506.352,506.3536,3.2186508e-06,3.2186508e-06,1.0,3.2186508178710938e-06,3.2186508178710938e-06,234
5,2026-08-07,RAFI,35.995636,35.995747,3.0994415e-06,3.0994415e-06,1.0,3.0994415283203125e-06,3.0994415283203125e-06,235
5,2026-08-07,EDGE,4788.7505,4788.7524,3.5762787e-07,3.5762787e-07,1.0,3.5762786865234375e-07,3.5762786865234375e-07,236
