ticker,last_close,expected_close_20d,expected_return_20d,median_return_20d,probability_up,downside_p10,expected_peak_return_20d,forecast_dispersion,predicted_up,rank
HOPE,204.0,271.55072,0.33113096648571544,0.2260757147097121,1.0,0.045087373022939664,0.3943612640979243,0.4232602021559787,True,1
NANO,30.0,38.34306,0.27810203552246093,0.37707150777180987,0.6,-0.11732223510742183,0.36347963968912755,0.3689985517226115,True,2
MGNA,123.0,148.30438,0.20572668556275406,0.1215721068343496,0.8,-0.07602650712176066,0.5532385725315994,0.32674811858971026,True,3
MCAS,260.0,309.8011,0.19154265183668873,-0.19394724919245798,0.2,-0.3442959477351262,0.32045551006610584,1.0247341285323643,False,4
WGSH,156.0,184.43466,0.18227345393254205,0.18426386515299487,1.0,0.1564765147673778,0.24321431869115587,0.025227098705627626,True,5
CTTH,127.0,148.20099,0.1669369554895115,-0.09454628050796632,0.2,-0.15910616897222563,0.2951723233921321,0.6453804475271474,False,6
KKES,67.0,77.18587,0.15202777919484606,0.16869126504926535,0.8,0.03217279234928874,0.18572362643569265,0.12072600373933425,True,7
AMMN,3980.0,4448.1943,0.11763675555511939,0.10797775498586692,0.8,-0.008608042654679647,0.14766292399497494,0.13619088859076728,True,8
BRPT,1790.0,1969.9752,0.10054482912884077,0.053812685492318435,0.8,-0.07179377891497907,0.15700459911836587,0.24007807869495248,True,9
VKTR,720.0,786.658,0.09258060031467016,0.16982277764214415,0.6,-0.1418918863932292,0.16911554972330733,0.21322836669585524,True,10
GULA,855.0,932.95654,0.09117724323830409,0.06204855400219289,1.0,0.03148773014894015,0.1337713444581506,0.06780154133053673,True,11
RSCH,310.0,338.04785,0.0904769602129536,0.09834811302923385,1.0,0.04555028115549389,0.13707308861517134,0.046038639387595566,True,12
IKAI,20.0,21.786257,0.08931280136108395,0.08878698348999015,0.8,-0.02829162597656256,0.12482831954956053,0.11790444120278329,True,13
BKDP,169.0,182.92952,0.08242315709943608,0.08115292159763321,1.0,0.04438698672683992,0.08659967727209694,0.045221751661656075,True,14
MARK,1085.0,1168.4058,0.07687166978686637,0.07435229604694693,1.0,0.04432162658410146,0.09066422001008063,0.03444054832709634,True,15
MMIX,730.0,781.28986,0.07026004320954622,0.050466375481592385,0.8,-0.007743421580693497,0.0901628384524829,0.0954912963937701,True,16
DOOH,236.0,252.3375,0.06922673370878571,0.08039590867899227,0.6,-0.03370622537903869,0.17406923972954189,0.10349127890170598,True,17
UNSP,206.0,218.57083,0.06102342327821604,0.061101080144493336,1.0,0.06086810954566144,0.06102342327821604,0.00017364603191564882,True,18
TAMA,230.0,242.98909,0.056474317467730996,-0.09785614013671873,0.4,-0.1285425335427989,0.15230476711107338,0.3020876587653667,False,19
MBSS,2790.0,2934.1482,0.05166601912522404,0.01652700772849469,0.8,-0.03288848986335122,0.08357318618391574,0.1013167650631319,True,20
DAAZ,1550.0,1626.3027,0.04922758631552422,0.051109658518145196,1.0,0.045289913054435485,0.0497227350050403,0.0036945963511868483,True,21
GGRM,19075.0,19996.904,0.048330520969855774,0.03256215186762779,1.0,0.027992054390563494,0.06363941677588465,0.029254014178756484,True,22
SAGE,32.0,33.41215,0.04412974119186401,0.0030974149703979492,0.6,-0.06511359214782715,0.10524840354919433,0.119836182979158,True,23
BSML,515.0,536.9879,0.04269495695540049,0.04226311248483006,1.0,0.016748378716626225,0.05765013463288833,0.02734597663432454,True,24
INDO,174.0,181.30386,0.041976227157417424,0.04792478714866211,1.0,0.00596439756196121,0.06040028539197193,0.03373847390671319,True,25
GPRA,104.0,108.355545,0.04188016744760368,-0.030411353478064895,0.4,-0.07097084338848411,0.09229137714092547,0.13522256621679754,False,26
RAJA,880.0,916.8079,0.04182715676047586,-0.004974642666903395,0.4,-0.031014667857776977,0.08226622147993605,0.10072939842519843,False,27
AYAM,414.0,431.295,0.04177536526739887,0.048213645455917886,0.6,-0.01645325001887077,0.07215058699898098,0.05985960083730071,True,28
BLUE,2520.0,2620.0898,0.039718230716765904,0.058555966331845344,0.8,-0.06385257781498022,0.0868377007378472,0.10675748587284684,True,29
SMIL,400.0,415.14346,0.03785868835449215,0.03182479858398435,0.8,0.009972076416015607,0.08338119506835939,0.030226382470928896,True,30
HOMI,177.0,183.6574,0.03761244951668432,0.053424641237420634,0.8,-0.043625033103813556,0.07383667681850281,0.08458048740168703,True,31
BOAT,144.0,149.1447,0.0357270770602756,-0.09167448679606116,0.2,-0.1128505918714735,0.21964711083306207,0.27540896601662074,False,32
SOUL,37.0,38.240128,0.03351694055505696,0.03263174520956502,1.0,0.03239286268079602,0.03460287145666174,0.0018972085701268,True,33
ARKA,22.0,22.723766,0.03289846940474073,0.03289846940474073,1.0,0.03289846940474073,0.03289846940474073,0.0,True,34
ARGO,1165.0,1203.1425,0.03274032658261805,0.02638971549758584,0.6,-0.09288272448363735,0.07364905361453859,0.12824856800606288,True,35
VISI,840.0,867.04504,0.03219640822637646,0.059773036411830294,0.8,-0.0239114379882813,0.05270270937965029,0.05184476097997864,True,36
URBN,208.0,214.44572,0.03098907470703125,0.028165963979867703,1.0,0.02027115455040569,0.044373747018667406,0.012457432935911686,True,37
DEWA,450.0,463.19696,0.029326565212673607,0.03983581542968739,0.8,-0.17102530924479167,0.10878323025173611,0.20873129032776944,True,38
SIPD,680.0,699.5187,0.02870390050551468,0.03972446217256431,0.8,-0.008936031565946733,0.04453588149126837,0.0343517133578868,True,39
SPRE,85.0,87.38774,0.028091125488281233,0.07247099034926463,0.6,-0.05994968189912682,0.08157495835248159,0.07814468597805577,True,40
BBMD,1955.0,2008.0834,0.027152633471866982,0.02805188269261505,0.8,0.0073400285725703455,0.03082937879635548,0.020421598391990013,True,41
AMFG,3200.0,3286.8237,0.027132492065429715,0.019549484252929794,0.8,-0.004245285034179691,0.03898266601562499,0.03314940696046842,True,42
TYRE,113.0,115.96544,0.026242902637582954,-0.009044343391350962,0.4,-0.02490589513187915,0.04822183794679893,0.07581097383859892,False,43
BTPN,2150.0,2205.7969,0.02595208030523257,0.032450604106104564,1.0,0.01257980559593026,0.031177825218023304,0.011912005573284121,True,44
CMRY,4690.0,4811.411,0.025887151852345424,0.02371922474680166,0.6,-0.014641337120202592,0.03977655666977618,0.04064480429360592,True,45
BDMN,4150.0,4248.512,0.023737857680722917,0.02144778332078312,0.6,-0.052403002635542185,0.05552602597891565,0.08082661745089878,True,46
PBID,535.0,547.46826,0.02330518490800233,0.0029150846962617827,0.8,-0.00567613262996498,0.04203595027745326,0.04356957088310964,True,47
POLY,32.0,32.732384,0.022886991500854492,0.022886991500854492,1.0,0.022886991500854492,0.022886991500854492,0.0,True,48
CBUT,825.0,843.6758,0.022637310606060602,-0.005939127604166705,0.4,-0.019116018584280338,0.035407019412878826,0.06304479498978885,False,49
BAIK,780.0,797.1539,0.021992140549879812,-0.008032070062099383,0.4,-0.052095055213341325,0.06274052546574516,0.08190253632595365,False,50
KOIN,78.0,79.586426,0.02033879206730771,0.020396795028295278,1.0,0.020222786145332572,0.02033879206730771,0.00012969856366447204,True,51
GMFI,55.0,56.07168,0.019485126842152,-0.007598044655539815,0.4,-0.012658358487215905,0.032806410356001424,0.04149688072578028,False,52
SRTG,1735.0,1767.207,0.018563102260446662,0.018050364733429358,0.8,0.0027601117840417634,0.043678376035662846,0.01702289428933239,True,53
BHAT,1770.0,1801.5176,0.0178065413135593,0.0178065413135593,1.0,0.0178065413135593,0.018320822850458995,0.0,True,54
SOSS,870.0,884.97235,0.017209655060165252,-0.012178548177083304,0.4,-0.012324681775323264,0.02697716022359915,0.0457796460784147,False,55
PRAY,720.0,732.23755,0.016996578640407954,0.004718017578124956,0.6,-0.0027828470865885135,0.03201217651367187,0.02366445684231283,True,56
TRIS,165.0,167.74854,0.016657770330255707,0.006281534830729241,0.6,-0.002796871300899606,0.03295852198745264,0.023757404421330328,True,57
TAYS,50.0,50.805275,0.016105499267578205,0.016105499267578205,1.0,0.016105499267578205,0.016105499267578205,0.0,True,58
FOOD,176.0,178.81815,0.01601220911199399,0.017675399780273438,1.0,0.012842559814453213,0.017511159723455273,0.0028871368948476034,True,59
INTA,61.0,61.968666,0.015879721719710548,0.01613429335297134,1.0,0.015365025254546572,0.016039063500576267,0.0005744273450572448,True,60
JMAS,228.0,231.56155,0.015620850680167164,0.015620850680167164,1.0,0.015620850680167164,0.01819797984340732,0.0,True,61
JAYA,130.0,132.02725,0.015594212458683865,0.04169933612530041,0.6,-0.0276027268629808,0.032074350210336534,0.039093748764009416,True,62
SOHO,1195.0,1213.5544,0.015526751274843088,0.05206406086558579,0.8,-0.05884745194822176,0.043150680733525085,0.0826703493599624,True,63
ABDA,3420.0,3472.0762,0.015226965117872826,0.01525579084429829,1.0,0.015115345737390307,0.01582885028326029,0.00011692066444132985,True,64
ALDO,830.0,842.5664,0.015140263201242465,0.024880871140813277,0.8,-0.010008706701807223,0.032070650767131025,0.023637559980607004,True,65
TFCO,720.0,730.31396,0.014324951171875,0.009195793999565938,0.6,-0.004646860758463522,0.047285647922092,0.025003754547891457,True,66
WINS,510.0,517.13354,0.013987342984068674,0.011254882812500089,0.8,-0.0036319508272058872,0.02661367378982842,0.01821024475712798,True,67
PTPW,1120.0,1135.0969,0.01347941807338171,0.008860560825892927,1.0,0.0054870387486049225,0.02092843191964282,0.009490489431855303,True,68
COAL,21.0,21.279995,0.013333075387137261,-0.002391179402669308,0.4,-0.016834803989955405,0.07388309297107516,0.04652960296757401,False,69
ADES,37250.0,37735.38,0.013030306208053654,0.00041715604026837383,0.6,-0.030971308724832246,0.026672021812080504,0.06081882142727862,True,70
MMLP,288.0,291.7444,0.013001293606228282,0.010873264736599442,0.8,-0.0052183787027995305,0.01806481679280598,0.018091374970694168,True,71
BREN,3250.0,3291.349,0.0127228215144231,0.0382904146634615,0.6,-0.03254089543269232,0.06507273137019234,0.04017251731179943,True,72
BAPI,20.0,20.250341,0.012517118453979448,-0.031099224090576194,0.4,-0.2508622455596924,0.2091383171081543,0.30227147357676065,False,73
DEWI,119.0,120.43052,0.012021207408744749,-0.006063829950925692,0.4,-0.008729630157727163,0.0205950696929162,0.029994310387904115,False,74
WEGE,50.0,50.55686,0.011137237548828116,0.011119232177734473,1.0,0.011099487304687506,0.011169906616210933,6.00166455368159e-05,True,75
IPAC,162.0,163.7938,0.011072869948398933,0.0176029911747686,0.6,-0.016676763840663588,0.030167567877121916,0.02588372178463556,True,76
UNIQ,109.0,110.16221,0.010662449827981701,0.002033828595362719,0.6,-0.03933255256862811,0.029572877096473604,0.060253476790665686,True,77
ROTI,585.0,590.81525,0.009940613314636759,0.024336020966880367,0.6,-0.03768181173210472,0.03168386084401709,0.04326107687356678,True,78
IBFN,63.0,63.59081,0.009377930656312072,0.009340437631758514,1.0,0.00925016857328873,0.009799327547588055,0.00018455059327941628,True,79
BATA,59.0,59.54717,0.009274046299821315,0.009274046299821315,1.0,0.009274046299821315,0.00964303744041306,0.0,True,80
DUTI,4290.0,4328.221,0.008909300335081527,0.01138082295308851,1.0,0.00460240930944047,0.010560396634615365,0.003817371695227527,True,81
PGEO,1020.0,1029.0168,0.008840020871629873,0.013186705346200922,0.8,-0.017380694221047776,0.027078247070312544,0.02496545936447262,True,82
TEBE,1095.0,1104.2314,0.008430499072488606,-0.06135978524543384,0.4,-0.0679701323487443,0.07107441941352743,0.12873545714994877,False,83
ASGR,1850.0,1865.4584,0.008355891047297304,-0.008488175675675724,0.4,-0.044971336570945965,0.03154414326435813,0.07183996865636122,False,84
KKGI,272.0,274.27103,0.008349340102251902,-0.01095165925867414,0.4,-0.030252725937787182,0.03000741846421189,0.046463834245248886,False,85
HEXA,4470.0,4507.0522,0.008289136779921668,0.012821479131711389,0.8,-0.006565951831655491,0.019137763038310985,0.013815971685358,True,86
SMMT,1835.0,1850.0593,0.008206717259877361,0.007797798343835094,0.6,-0.015336368571185276,0.035546422641348795,0.022764917994979022,True,87
BMHS,185.0,186.42339,0.0076940258129222895,0.009853631096917281,0.8,-0.0036341156830658854,0.014549840978673956,0.010891041717034845,True,88
SMSM,1780.0,1792.8796,0.007235820641678337,0.013742785507373512,0.6,-0.007273442986306211,0.018596945773349693,0.01329950793092453,True,89
IKPM,183.0,184.31888,0.007206951203893386,0.008141189325051146,1.0,0.004275612752945657,0.02285636526639343,0.0028236047869204307,True,90
WAPO,122.0,122.86814,0.0071158987576844576,0.004762430660060213,0.8,-0.0020273052278111823,0.018049246365906813,0.009513361491611678,True,91
PMJS,107.0,107.73004,0.00682277501186479,0.00045562458929615524,0.6,-0.008584480642158266,0.01967436888507592,0.01717076745556703,True,92
CHEK,129.0,129.81514,0.006318889292635665,0.005333124205123552,0.8,-0.02187847758448398,0.022313459529433154,0.03333903176077248,True,93
AKRA,1455.0,1463.7318,0.006001295371563575,0.0075202024269760415,0.8,-0.015798566365979337,0.036185734804553296,0.021685778104521426,True,94
TRST,462.0,464.74603,0.005943793755073012,0.00038199816947370735,0.6,-0.004888876382406648,0.02038839761312903,0.01416620950573066,True,95
VERN,200.0,201.18782,0.00593910217285154,0.02923660278320317,0.8,-0.048081604003906285,0.04171789550781253,0.05843882174275272,True,96
IFII,206.0,207.14182,0.005542821791565578,0.000493466275409693,0.6,-0.007627794580552183,0.018171351164290073,0.015534315449876877,True,97
PNIN,720.0,723.8696,0.005374518500434022,0.0007793850368924549,0.6,-0.011376393636067749,0.011873338487413187,0.018687807684338663,True,98
ARNA,490.0,492.56357,0.00523174675143494,0.006306800063775597,0.6,-0.016067915935905598,0.010950317382812536,0.02044887652795021,True,99
CFIN,340.0,341.77133,0.005209799373851132,0.0032937442555147634,0.8,0.00022249109604781663,0.01554244097541364,0.006807556314216481,True,100
RANC,500.0,502.50604,0.00501209716796871,0.014979248046874893,0.8,-0.019572900390625002,0.03390970458984377,0.02326027750757626,True,101
MDIA,175.0,175.85599,0.004891287667410693,-0.01313921247209826,0.4,-0.064101806640625,0.043318812779017835,0.07201158339934599,False,102
JTPE,615.0,617.9652,0.004821439913617875,0.01184667571773379,0.8,-0.010283699345782504,0.021930814913617834,0.01562327881721814,True,103
SPMA,162.0,162.74295,0.004586094985773559,0.01858831334997113,0.6,-0.03368620695891204,0.022308782883632295,0.034898931524519346,True,104
HDIT,50.0,50.22692,0.004538436889648478,0.01727424621582041,0.6,-0.018590576171874984,0.01409727478027345,0.02058296737929589,True,105
MERK,3940.0,3957.4155,0.004420221783788092,0.0032256925166560535,0.8,-0.018344206059644638,0.015304060417988596,0.022921544598557365,True,106
FAPA,7350.0,7380.682,0.004174412733843535,-5.4541347789149874e-05,0.4,-0.009822504783163266,0.010738839285714263,0.014684254881404252,False,107
POWR,720.0,722.7619,0.0038360087076822814,0.004700893825954955,0.6,-0.004627990722656272,0.00858723958333334,0.00831999217334077,True,108
UFOE,135.0,135.51596,0.0038219988787615566,0.0026667842158565325,1.0,0.0013345902054398007,0.014074729636863426,0.0029981984178309076,True,109
IRRA,374.0,375.29053,0.003450624190549845,0.005212549219794527,0.8,-0.0035938120143298447,0.012628696054060829,0.007090972907430857,True,110
BDKR,156.0,156.52419,0.0033601418519630943,-0.00823534451998198,0.2,-0.017169013390174313,0.026228841145833303,0.03424140314888733,False,111
DMND,605.0,606.9794,0.0032716659672004543,0.003230020822572399,0.6,-0.0076735819666838845,0.009693250419679788,0.010691961598965665,True,112
JKON,66.0,66.20808,0.0031526507753314005,-0.006280378861860836,0.4,-0.016564548376834763,0.023253539114287403,0.021987600956038748,False,113
BBSI,4690.0,4703.807,0.0029439299040511457,0.0048152443696694025,0.8,-0.0011700634661513387,0.00420519472947758,0.00415596076396239,True,114
CLEO,386.0,387.1136,0.0028848914902445343,0.003706937009188893,0.6,-0.0035392800761010037,0.01167860278193813,0.0069309985107189834,True,115
MDIY,915.0,917.58594,0.0028261745432035966,-0.0013653864626024248,0.4,-0.006558977971311464,0.012594934682377046,0.013824837272012556,False,116
ATLA,50.0,50.132847,0.0026569366455078567,0.0026808166503906605,1.0,0.0026091766357422496,0.0027388458251952573,5.339731422097583e-05,True,117
BEEF,398.0,399.03107,0.002590666344417425,-0.002881074071529488,0.4,-0.1967328555619896,0.11760298379102543,0.19611019699261212,False,118
MDLN,50.0,50.120533,0.0024106445312499945,0.0025265502929687766,1.0,0.0018589782714842685,0.002595825195312473,0.000586951598638888,True,119
BLTZ,2540.0,2545.7837,0.002277043860728245,0.002277043860728245,1.0,0.002277043860728245,0.0029458353838582862,0.0,True,120
PSGO,196.0,196.44466,0.0022686705297353615,0.000981622812699312,0.6,-0.004508380500637732,0.01043859987842799,0.007222810245430216,True,121
ACST,82.0,82.15239,0.0018583716415777607,-0.0030675748499428,0.2,-0.024619702595036208,0.018832825451362424,0.03453097346281803,False,122
NEST,695.0,696.2212,0.0017570923729765876,-0.020068886297212263,0.4,-0.0623612262533723,0.04739366709757196,0.07007840812604907,False,123
HRME,42.0,42.07328,0.0017447880336215916,-0.00846154349190853,0.4,-0.031153088524228087,0.03310029166085378,0.03953142741221788,False,124
GOOD,286.0,286.4909,0.0017164323713396046,0.003722824416794168,0.8,-0.013234171834025353,0.021901846932364542,0.016125618966960277,True,125
DVLA,1595.0,1597.0022,0.001255265478056411,-0.0020148106876959337,0.4,-0.004029361162813494,0.0048465511118730206,0.006972425984382477,False,126
HMSP,730.0,730.62634,0.0008580205211900837,-0.012627421339897249,0.4,-0.03532731565710621,0.021308192422945193,0.04660465019968246,False,127
OMED,216.0,216.16086,0.0007447843198423066,-0.026118878965024628,0.4,-0.07351701524522572,0.041479167231807,0.09569916938442233,False,128
EAST,90.0,90.05365,0.0005960930718315937,-0.008784654405381898,0.4,-0.019000159369574686,0.010658433702256965,0.02496541969388573,False,129
DPUM,97.0,97.048935,0.0005044681509745353,0.03988081155364043,0.8,-0.0886355999818782,0.022857603092783486,0.0929672658661894,True,130
RIGS,665.0,665.3148,0.0004734492481202945,0.0022972164297463404,0.8,-0.008953517827772605,0.017318142769031965,0.009853654323743017,True,131
MAPB,1155.0,1155.4424,0.0003830576975108357,0.013080547382305241,0.6,-0.06516664975649351,0.04297703598484852,0.061032074213178016,True,132
MKAP,1165.0,1165.1213,0.0001042155646459042,-0.0006062650885193532,0.4,-0.0025246445815450434,0.0015738792583154249,0.002822690328929586,False,133
STAA,1095.0,1095.011,9.999732448662257e-06,0.008086851633847036,0.6,-0.0578162791630993,0.036243712542808205,0.05448281918300489,True,134
ARTI,2.0,2.0000002,1.1920928955078125e-07,1.1920928955078125e-07,1.0,1.1920928955078125e-07,1.1920928955078125e-07,0.0,True,135
MKNT,1.0,1.0000001,1.1920928955078125e-07,1.1920928955078125e-07,1.0,1.1920928955078125e-07,1.1920928955078125e-07,0.0,True,136
SBAT,1.0,1.0000001,1.1920928955078125e-07,1.1920928955078125e-07,1.0,1.1920928955078125e-07,1.1920928955078125e-07,0.0,True,137
TOPS,1.0,1.0000001,1.1920928955078125e-07,1.1920928955078125e-07,1.0,1.1920928955078125e-07,1.1920928955078125e-07,0.0,True,138
ALMI,74.0,74.0,0.0,0.0,0.0,0.0,0.0,0.0,False,139
ALTO,18.0,18.0,0.0,0.0,0.0,0.0,0.0,0.0,False,140
BEBS,5.0,5.0,0.0,0.0,0.0,0.0,0.0,0.0,False,141
BIKA,55.0,55.0,0.0,0.0,0.0,0.0,0.0,0.0,False,142
BIMA,82.0,82.0,0.0,0.0,0.0,0.0,0.0,0.0,False,143
BOSS,50.0,50.0,0.0,0.0,0.0,0.0,0.0,0.0,False,144
CNTX,142.0,142.0,0.0,0.0,0.0,0.0,0.0,0.0,False,145
DEAL,6.0,6.0,0.0,0.0,0.0,0.0,0.0,0.0,False,146
DPNS,310.0,310.0,0.0,0.0,0.0,0.0,0.0,0.0,False,147
ETWA,70.0,70.0,0.0,0.0,0.0,0.0,0.0,0.0,False,148
FASW,5312.4970703125,5312.497,0.0,0.0,0.0,0.0,0.0,0.0,False,149
FIMP,69.0,69.0,0.0,0.0,0.0,0.0,0.0,0.0,False,150
GLOB,155.0,155.0,0.0,0.0,0.0,0.0,0.0,0.0,False,151
HITS,116.0,116.0,0.0,0.0,0.0,0.0,0.0,0.0,False,152
INAF,126.0,126.0,0.0,0.0,0.0,0.0,0.0,0.0,False,153
INRU,590.0,590.0,0.0,0.0,0.0,0.0,0.0,0.0,False,154
IPPE,14.0,14.0,0.0,0.0,0.0,0.0,0.0,0.0,False,155
KAYU,18.0,18.0,0.0,0.0,0.0,0.0,0.0,0.0,False,156
KIAS,21.0,21.0,0.0,0.0,0.0,0.0,0.0,0.0,False,157
LMSH,256.0,256.0,0.0,0.0,0.0,0.0,0.0,0.0,False,158
MENN,53.0,53.0,0.0,0.0,0.0,0.0,0.0,0.0,False,159
META,238.0,238.0,0.0,0.0,0.0,0.0,0.0,0.0,False,160
MFMI,1300.0,1300.0,0.0,0.0,0.0,0.0,0.0,0.0,False,161
MTPS,81.0,81.0,0.0,0.0,0.0,0.0,0.0,0.0,False,162
MTSM,500.0,500.0,0.0,0.0,0.0,0.0,0.0,0.0,False,163
PLIN,2510.0,2510.0,0.0,0.0,0.0,0.0,0.0,0.0,False,164
PMMP,50.0,50.0,0.0,0.0,0.0,0.0,0.0,0.0,False,165
POLL,112.0,112.0,0.0,0.0,0.0,0.0,0.0,0.0,False,166
PTMR,374.0,374.0,0.0,0.0,0.0,0.0,0.0,0.0,False,167
SMCB,775.0,775.0,0.0,0.0,0.0,0.0,0.0,0.0,False,168
SUPR,43850.0,43850.0,0.0,0.0,0.0,0.0,0.0,0.0,False,169
SWAT,16.0,16.0,0.0,0.0,0.0,0.0,0.0,0.0,False,170
TELE,9.0,9.0,0.0,0.0,0.0,0.0,0.0,0.0,False,171
TGRA,27.0,27.0,0.0,0.0,0.0,0.0,0.0,0.0,False,172
TGUK,137.0,137.0,0.0,0.0,0.0,0.0,0.0,0.0,False,173
TOYS,8.0,8.0,0.0,0.0,0.0,0.0,0.0,0.0,False,174
WICO,123.0,123.0,0.0,0.0,0.0,0.0,0.0,0.0,False,175
WIKA,204.0,204.0,0.0,0.0,0.0,0.0,0.0,0.0,False,176
ZBRA,50.0,50.0,0.0,0.0,0.0,0.0,0.0,0.0,False,177
DADA,50.0,49.999996,-7.629394527253197e-08,-7.629394527253197e-08,0.0,-7.629394527253197e-08,0.0,0.0,False,178
SBMA,107.0,106.996925,-2.8692227657711732e-05,0.008360461653950102,0.6,-0.0263213683511609,0.013985150773948596,0.023946436632603613,False,179
KBLI,324.0,323.9811,-5.828480661653757e-05,-0.0025750619393808405,0.4,-0.004368760850694464,0.004361169132185516,0.006018880823448584,False,180
ADCP,50.0,49.9894,-0.00021202087402338865,-0.00021202087402338865,0.0,-0.00021202087402338865,-0.00021202087402338865,0.0,False,181
AMAR,212.0,211.91183,-0.0004158020019530806,0.0021467388800855414,0.6,-0.009526997692180083,0.008547527385207854,0.008358098134373807,False,182
ARII,274.0,273.87506,-0.00045595934791284873,0.0037760490918681278,0.6,-0.011012346031021858,0.012341085837705278,0.009598187471467609,False,183
EDGE,4790.0,4787.4478,-0.0005328279945198133,-0.0005328279945198133,0.0,-0.0005328279945198133,-0.0004949071959812201,0.0,False,184
SAFE,372.0,371.76492,-0.0006319435693884268,-0.0016184160786290036,0.2,-0.010054475517683103,0.010631602297547027,0.011827703000851333,False,185
ADRO,2510.0,2508.1714,-0.000728511734312809,0.01302465917579676,0.6,-0.027114919229332714,0.02098827346862553,0.02388640659951694,False,186
PTDU,70.0,69.94703,-0.0007567269461495885,-0.0007567269461495885,0.0,-0.0007567269461495885,-0.0007211957659040147,0.0,False,187
CCSI,248.0,247.76993,-0.0009276974585748609,-0.0031534625637915648,0.4,-0.006870528190366687,0.010506722234910493,0.006408441926583093,False,188
BOLA,162.0,161.82742,-0.0010653460467303423,-0.00829032615379055,0.4,-0.025130114143277416,0.010636167173032418,0.02533968493272638,False,189
DIGI,29.0,28.968155,-0.0010980671849744271,-0.0067522114720838244,0.2,-0.006936093034415403,0.002587193456189385,0.011899782071232984,False,190
BMAS,482.0,481.3832,-0.0012796742292855434,0.004422009733207943,0.6,-0.023563077934550015,0.008908942131580644,0.020666604444275656,False,191
PJAA,452.0,451.413,-0.0012986849894565556,0.0026805506343334784,0.6,-0.01573710483787334,0.0066384374567892476,0.013847947599047372,False,192
MAXI,50.0,49.932964,-0.0013407135009765314,-0.0013407135009765314,0.0,-0.0013407135009765314,-0.001193008422851527,0.0,False,193
SMAR,5700.0,5690.009,-0.0017528097587719005,-0.01156275699013154,0.4,-0.03390393708881576,0.017948430646929837,0.03493089070430843,False,194
JRPT,1080.0,1078.0393,-0.001815388997395817,-0.0017202871817129095,0.4,-0.005228972258391207,0.0013349971064814613,0.003373322001297187,False,195
BRAM,4480.0,4471.864,-0.0018161228724888456,0.0008371625627789925,0.6,-0.016248670305524526,0.008002166748046814,0.014953673057365136,False,196
MRAT,438.0,437.15985,-0.0019181482323772814,0.0018303579391409919,0.6,-0.016802030937856725,0.009511827442744059,0.014368792000160417,False,197
CARE,420.0,419.1919,-0.0019240170433407755,-0.003415134974888434,0.2,-0.007862301781064018,0.006339794340587845,0.007254975285046044,False,198
BIKE,510.0,509.00684,-0.0019473805147058876,-0.0019473805147058876,0.0,-0.0019473805147058876,-0.0010128844018075789,0.0,False,199
CMPP,69.0,68.86296,-0.0019860087961390605,-0.0020359426304914496,0.0,-0.002434882564821117,-0.001700514641360984,0.0004583977509782157,False,200
BINA,4200.0,4191.5107,-0.0020211937313988184,-0.014190731956845282,0.4,-0.038407912481398764,0.02677413504464281,0.042307274636399717,False,201
RAFI,36.0,35.92623,-0.002049128214518192,-0.002049128214518192,0.0,-0.002049128214518192,-0.0020437240600585938,0.0,False,202
UDNG,1095.0,1092.7201,-0.0020821182041951937,-0.004995852953767144,0.4,-0.12364526478667237,0.09669099154537668,0.12507179528422444,False,203
ELIT,171.0,170.63234,-0.00215006153485926,0.0019029762312683385,0.8,-0.03087343807108915,0.019338096930966754,0.031227574647342937,False,204
BCAP,50.0,49.89124,-0.002175247192382823,-0.002169036865234397,0.0,-0.002184829711914049,-0.0014530487060546494,8.55608619506234e-06,False,205
MASB,3390.0,3382.088,-0.0023339411642699258,0.00020481886061940457,0.6,-0.008884082895464584,0.004604909891224196,0.006007719087991523,False,206
PNBS,50.0,49.874798,-0.002504013061523436,-0.0032692718505858975,0.2,-0.0050792694091796875,-0.0008504028320312828,0.0028475142482660555,False,207
CMNP,1340.0,1336.2623,-0.00278932486007466,0.0017144502098880299,0.6,-0.015054111765391774,0.006706998454990653,0.012291167243666506,False,208
ATIC,474.0,472.63004,-0.0028902464275118557,-0.006629139059203593,0.4,-0.03529124843420357,0.018598261965981022,0.0324975458979595,False,209
DLTA,1780.0,1774.4519,-0.0031169076983848408,-0.0036470906118328816,0.2,-0.012413398656952257,0.0016523931267556247,0.011323047475196286,False,210
SFAN,1965.0,1958.8239,-0.0031431148616412274,-0.002123091603053462,0.0,-0.006762161060750604,0.0025970226025763487,0.003298122870102833,False,211
MPPA,47.0,46.83648,-0.0034791013027759333,-0.016947563658369358,0.4,-0.08172769749418221,0.046627223238031944,0.0950611834842425,False,212
KLAS,75.0,74.73244,-0.0035674641927083695,0.006852010091145777,0.6,-0.02742513020833337,0.020712239583333347,0.02126787548864193,False,213
MLBI,6525.0,6500.757,-0.0037154573754789146,-0.013544585129310338,0.4,-0.020344782686781592,0.0040977460488506035,0.02002778834656408,False,214
CMNT,820.0,816.9369,-0.0037355450886052076,-0.011759167182736285,0.2,-0.022275167325647893,0.02417343511814023,0.028927743257266762,False,215
YULE,3370.0,3357.3315,-0.0037591425955118664,-0.004699888144473308,0.0,-0.007042826757232956,0.0057858720094585035,0.003538198928521893,False,216
BMBL,32.0,31.879328,-0.003771054744720459,0.006969094276428223,0.8,-0.02985199689865112,0.042276549339294436,0.027799212542904288,False,217
CANI,135.0,134.47867,-0.0038617847583911845,-0.003800794813368036,0.0,-0.003953269675925908,-0.0038617847583911845,8.351392167544637e-05,False,218
KAQI,93.0,92.6349,-0.003925823908980153,0.014367134340347754,0.6,-0.08347133513419858,0.09865939232610892,0.07350926192660227,False,219
MAHA,142.0,141.40315,-0.004203194631657104,-0.00938146886691238,0.2,-0.03559235048965668,0.013945952939315576,0.03752732094257483,False,220
RLCO,5550.0,5525.2773,-0.004454550253378398,0.0036256862331081052,0.6,-0.06633766188063066,0.04920138302364867,0.05954769197171069,False,221
GOLF,158.0,157.29501,-0.004461863071103611,-0.016712333582624583,0.4,-0.03605806374851657,0.024700908419452182,0.036505581800066404,False,222
GHON,1640.0,1632.5583,-0.004537636361471043,-0.010015720274390238,0.4,-0.014144450862233237,0.005392590034298772,0.011137767860631474,False,223
TNCA,164.0,163.24507,-0.004603204494569369,-0.05515717297065548,0.2,-0.06826348653653772,0.0677928087187976,0.12025003829230187,False,224
ALII,725.0,721.55597,-0.004750387257543065,0.006292766702586272,0.6,-0.02812843480603444,0.019261045258620692,0.02182582542869146,False,225
AUTO,2760.0,2746.7383,-0.004805005944293494,-0.012404643625452905,0.4,-0.029733479817708373,0.021566020578577906,0.026404629905842306,False,226
MPMX,990.0,985.1743,-0.004874464863478511,-0.017171470565025215,0.2,-0.02046735667219064,0.010016202059659095,0.024596514669822066,False,227
GDYR,1095.0,1089.3258,-0.005181890339611872,-0.005073665810502281,0.2,-0.009836414633276247,0.003867700306792199,0.004733973368794325,False,228
BSDE,580.0,576.9298,-0.0052934107287176515,-0.03244755185883619,0.4,-0.051602867389547405,0.030368084085398726,0.05456574271753819,False,229
ABBA,30.0,29.83952,-0.0053492863972981475,-0.0053492863972981475,0.0,-0.0053492863972981475,-0.0053492863972981475,0.0,False,230
RDTX,13800.0,13725.471,-0.005400744451992767,-0.0012855242300724434,0.0,-0.0137414373867754,-0.0003333474864130492,0.009120860996361153,False,231
MLIA,230.0,228.75513,-0.0054125445822011285,0.0032073974609374556,0.6,-0.020737755816915747,0.003043385381283947,0.013843931257113298,False,232
AKKU,38.0,37.785625,-0.005641455399362694,-0.005639527973375857,0.0,-0.005645310251336366,-0.005490152459395525,4.309855528165521e-06,False,233
CAKK,138.0,137.18346,-0.005916982457257691,-0.07675773510034534,0.2,-0.08417724388233128,0.029671644127887208,0.1352884720844909,False,234
CSAP,288.0,286.2785,-0.005977376302083348,-0.00736829969618058,0.0,-0.008928659227159307,0.011741638183593705,0.0033372885524174025,False,235
MPRO,10175.0,10113.395,-0.006054572328009855,-0.013850967444717477,0.4,-0.062358760749385754,0.051577625921375936,0.059616671278526046,False,236
ISSP,430.0,427.36407,-0.00613014398619185,-0.028435214730196168,0.4,-0.032472690316133736,0.016284463571947638,0.034691656014039014,False,237
MTEL,454.0,451.1923,-0.006184353597363734,0.007293096197859228,0.6,-0.030621176564220788,0.015102880536722152,0.02184454021989366,False,238
GEMA,80.0,79.50023,-0.006247100830078134,-0.012074756622314498,0.4,-0.014575157165527352,0.01461359024047848,0.010164265063448363,False,239
AXIO,111.0,110.25167,-0.006741690420889635,-0.006652007231841228,0.4,-0.02174853075731984,0.007372208328934438,0.015188320261633734,False,240
SPTO,600.0,595.8297,-0.006950500488281231,-0.014092508951822902,0.4,-0.029403808593750025,0.015758097330729127,0.027219221845534415,False,241
DAYA,990.0,983.02167,-0.007048796066130092,0.0013467191445706295,0.6,-0.022172567964804313,7.181186868683298e-05,0.013841414835789559,False,242
SURE,2760.0,2740.1587,-0.007188862233922078,-0.011711054262907639,0.2,-0.018293209352355077,0.01358989328577902,0.01522385934850403,False,243
ZINC,30.0,29.784214,-0.007192929585774777,-0.007192929585774777,0.0,-0.007192929585774777,-0.007192929585774777,0.0,False,244
LPPF,1590.0,1578.5327,-0.007212129029088077,-0.007331742580581779,0.2,-0.015902521865173002,0.00846704255110069,0.009310820978257972,False,245
CHIP,915.0,908.2008,-0.007430826822916648,-0.012015721055327888,0.4,-0.03991286981301225,0.025333125213456275,0.035124374254886785,False,246
PPRI,148.0,146.8994,-0.007436473949535482,-0.01703148919182851,0.4,-0.03783330144108956,0.021226109685124638,0.032188959137081155,False,247
UNIC,12775.0,12678.888,-0.007523468077299422,-0.002522092098825812,0.2,-0.01893757644324856,-0.002129097358121346,0.010910151706757892,False,248
ASHA,56.0,55.577484,-0.007544898986816384,0.007059369768415147,0.6,-0.07115592956542968,0.038722433362688324,0.05899491890975289,False,249
CBPE,302.0,299.68433,-0.00766775371223094,-0.017171493429221862,0.4,-0.02288446489548841,0.011288310676221025,0.017968794306093477,False,250
AMMS,280.0,277.82767,-0.007758331298828147,-0.01073434012276786,0.4,-0.02069612775530132,0.03479548863002231,0.013331311267655037,False,251
SUPA,610.0,605.1944,-0.007878057761270508,-0.020233154296875,0.2,-0.05600982165727462,0.040818051197489755,0.0647252122922638,False,252
TCID,2760.0,2738.0996,-0.007934924139492771,-0.011855857959692018,0.2,-0.01379341457201091,0.0027519425101901972,0.009285756234486141,False,253
BIRD,1605.0,1592.0455,-0.00807133469626169,-0.0065819856162383505,0.2,-0.015339941102024923,0.004722303348909618,0.006896260092340746,False,254
SATU,262.0,259.86172,-0.008161413760585634,-0.0041351318359375,0.4,-0.03128700547545917,0.01026839627564402,0.022818497728379444,False,255
PNGO,3570.0,3540.1262,-0.008368005405287126,-0.008806637889530844,0.2,-0.015669519761029437,-0.00024523481267506585,0.007528881417409685,False,256
MTLA,515.0,510.65762,-0.008431834989381048,-0.004669604255157722,0.0,-0.017530375360285167,0.002671562120752413,0.008678948016796145,False,257
BPFI,270.0,267.71945,-0.008446429217303254,-0.016897017867476882,0.4,-0.021068612557870358,0.0026546223958333393,0.015611649746252442,False,258
UNTD,80.0,79.29506,-0.008811779022216793,-0.006961727142334007,0.4,-0.08562784194946288,0.026839370727539058,0.07837332810447642,False,259
RELI,490.0,485.65363,-0.008870189433195152,-0.00780789122289538,0.0,-0.013463084941007675,0.0036418432118941356,0.004215813329858223,False,260
NISP,1260.0,1248.7092,-0.00896096850198418,0.005011664496527679,0.6,-0.038428703187003976,0.006488734654017869,0.026619644901914905,False,261
KDSI,452.0,447.92642,-0.009012340444379152,-0.011067213210384397,0.4,-0.019465812750622247,0.007274539913751377,0.01065488731549769,False,262
FMII,252.0,249.70232,-0.009117744082496304,-0.004365345788380437,0.4,-0.030298517620752752,0.004536147344680064,0.019898375036599306,False,263
ASBI,414.0,410.15103,-0.00929705486205461,-0.006695880982034996,0.4,-0.02367071621659873,0.015058508241810075,0.013468815859160464,False,264
PTSP,890.0,881.6942,-0.009332316537921348,-0.005125787284936845,0.4,-0.024942174332865163,0.013289863500702248,0.014356141734453804,False,265
BABP,50.0,49.525043,-0.00949911499023437,-0.009495239257812482,0.0,-0.009506805419921882,-0.008284530639648402,8.496830349258534e-06,False,266
IDPR,294.0,291.18967,-0.009558915118781885,-0.014986414487670019,0.4,-0.02661579158030398,0.004372442336309512,0.018789554014438287,False,267
BATR,90.0,89.136696,-0.009592285156250014,-0.0011808607313368302,0.4,-0.02603388468424479,0.011889495849609365,0.014764530316835191,False,268
PZZA,185.0,183.20389,-0.0097086643528294,6.763355151928607e-06,0.6,-0.028820965741131778,0.005410832585515157,0.01739835830228098,False,269
AMIN,240.0,237.6446,-0.009814135233561182,-0.0147857666015625,0.2,-0.025238533020019504,0.009952252705891928,0.018164103804776833,False,270
BOGA,1500.0,1485.2721,-0.009818603515624979,-0.009003743489583327,0.0,-0.013717073567708326,0.005031689453125021,0.0038002139407891967,False,271
NAYZ,55.0,54.457787,-0.009858412309126407,0.0012451171875000888,0.6,-0.04945667613636362,0.04212739424272014,0.0360124433590734,False,272
MREI,920.0,910.8939,-0.009897845724354593,-0.009897845724354593,0.0,-0.009897845724354593,-0.009897845724354593,0.0,False,273
SCCO,2270.0,2247.3494,-0.009978231690528628,-0.007024689392896466,0.4,-0.025872496214207064,0.005592067903359021,0.014719975560608231,False,274
LPIN,424.0,419.7669,-0.009983681732753524,-0.011415661505933095,0.0,-0.012756491607090203,0.0007031134839327712,0.0032295247769746492,False,275
NRCA,474.0,469.18912,-0.010149541283458597,-0.028141070015822778,0.2,-0.05319813917457803,0.033569078405195144,0.05631895033450088,False,276
CHEM,64.0,63.349243,-0.010168051719665528,0.011456489562988281,0.8,-0.058546471595764156,0.013949060440063476,0.05074812643602861,False,277
AMAG,382.0,378.07373,-0.01027822444576243,-0.008289037574648273,0.0,-0.01796245475089986,0.0031327971613220205,0.007796738725341687,False,278
CPRO,50.0,49.478355,-0.010432846069335922,0.005052185058593839,0.6,-0.03651272583007816,0.006055282592773459,0.02377365536746437,False,279
MGRO,685.0,677.83545,-0.010459233861770079,-0.007622177235401484,0.2,-0.026625299384124123,0.0014292918852645941,0.016955738889346587,False,280
CITA,3270.0,3235.6516,-0.010504124259365444,-0.023186191943807333,0.2,-0.02410598241590216,0.006691707879396036,0.027159147585310153,False,281
HELI,181.0,179.06796,-0.010674290103806983,-0.017049294150336625,0.2,-0.026525103321391595,0.023347565877503397,0.019118452792137062,False,282
BNII,188.0,185.97786,-0.010756050272190777,-0.013659538106715385,0.2,-0.015256548942403558,0.003007166436377995,0.00802215895004638,False,283
ADMF,8400.0,8308.898,-0.010845400855654774,-0.012097749255952417,0.2,-0.023331077938988098,0.0068312872023809975,0.012778342811722977,False,284
BSSR,4300.0,4252.0903,-0.01114182867005815,-0.01869503997093025,0.2,-0.023364666606104655,0.0027210664970930055,0.015581945787616017,False,285
PUDP,302.0,298.54443,-0.011442232447744205,0.0035247802734375,0.6,-0.03542514826288288,0.0003235671693915698,0.02142702410602755,False,286
OKAS,100.0,98.84376,-0.011562438964843769,-0.00670623779296875,0.2,-0.032823394775390646,0.020696823120117225,0.020611166373758715,False,287
SMMA,20200.0,19965.818,-0.011593169863861386,-0.022452912283415838,0.2,-0.02937003016707922,0.016347366181930667,0.023627133875176946,False,288
VRNA,76.0,75.1125,-0.011677571346885273,-0.02144532454641246,0.4,-0.04610910917583264,0.013026789615028811,0.03975070632940195,False,289
LUCK,108.0,106.73679,-0.011696313928674784,-0.01542041919849535,0.2,-0.04030145715784143,0.016546644987883385,0.03094529081899615,False,290
EPMT,2280.0,2252.8003,-0.01192965323464914,-0.005604847690515391,0.0,-0.026467734888980264,0.007944228858278479,0.013047922792761854,False,291
DNET,9875.0,9755.721,-0.012078856803797455,-0.008978935917721476,0.2,-0.025983148734177175,0.005241475474683566,0.014052394261507974,False,292
PRDA,2360.0,2331.4902,-0.012080388473252102,-0.006328414658368642,0.2,-0.03533312781382416,0.004080479508739421,0.02432102861005239,False,293
MAYA,197.0,194.608,-0.012142061340022181,-0.01638894637829158,0.4,-0.03239967617286643,0.0011028618981995919,0.020748471796870522,False,294
BNGA,1640.0,1620.0219,-0.012181813309832302,-0.017930714677019788,0.0,-0.02057980421112804,0.000803535275342937,0.010216645899181745,False,295
WMUU,52.0,51.366405,-0.012184553879957937,-0.0015832460843600016,0.0,-0.033321586022010206,-0.002404022216796875,0.022459376742351135,False,296
PART,103.0,101.741516,-0.012218275347959651,-0.022922775120411076,0.4,-0.04655635796704338,0.009491129754816452,0.03779953442879534,False,297
TSPC,2860.0,2824.835,-0.012295451130900336,-0.008247002021416039,0.4,-0.06950046779392485,0.03770424155922205,0.05537799841062435,False,298
CLPI,1545.0,1525.947,-0.012332056533171553,-0.009961016509910992,0.2,-0.03762532552083338,0.007738056861852738,0.026843132314134904,False,299
BUAH,500.0,493.63705,-0.01272587890625001,-0.007935241699218776,0.2,-0.028790844726562525,0.008578625488281255,0.014734509464393192,False,300
KMTR,232.0,229.02637,-0.012817330195985988,-0.011811420835297737,0.2,-0.02500092078899514,0.009013432469861238,0.012938547656083467,False,301
HYGN,172.0,169.76471,-0.012995857416197354,-0.0159303532090298,0.4,-0.03415357013081395,0.019258206389671174,0.021339191754291154,False,302
CRAB,208.0,205.2564,-0.01319041618934047,-0.01319041618934047,0.0,-0.01319041618934047,-0.013106859647310731,0.0,False,303
MDKI,181.0,178.58842,-0.013323586816945787,-0.02274267713009326,0.2,-0.02761426051018645,0.009967074736705817,0.018934034371981653,False,304
GOTO,50.0,49.333046,-0.013339111328124976,-0.013340225219726554,0.0,-0.013348144531249972,-0.013301940917968724,9.291055234173763e-06,False,305
MAPA,635.0,626.5033,-0.013380636380413358,-0.023164043276328705,0.2,-0.026489353930856274,0.019862108606053176,0.016856194841854657,False,306
PORT,860.0,848.4579,-0.013421048896257259,0.002171999909156952,0.6,-0.05100066428960752,0.011900450240733985,0.03500415655752279,False,307
SSMS,995.0,981.5409,-0.013526678804177105,-0.03710851621388189,0.4,-0.10817388946686554,0.054696750353329146,0.10092960035327529,False,308
SMRA,326.0,321.5454,-0.013664386023773022,-0.04010599522502878,0.4,-0.0741710826663152,0.02315997726346817,0.06781988465233416,False,309
ASRM,262.0,258.3925,-0.013769135220360208,-0.013149348834088692,0.2,-0.02782765162810117,0.00355790698801286,0.015282799365013366,False,310
ASSA,595.0,586.77325,-0.013826463202468497,0.004881684118960061,0.6,-0.06961524258140757,0.029364413734243745,0.050486902086472656,False,311
TBIG,1415.0,1395.3383,-0.01389519034341873,-0.03606258971952292,0.2,-0.03968908734540637,0.017883326661881638,0.04506243134991631,False,312
MUTU,109.0,107.48143,-0.013931792372957275,-0.013621339010536082,0.0,-0.02176422679096186,-0.003165512784905422,0.0076323720625821895,False,313
LTLS,810.0,798.62976,-0.014037362557870381,-0.00776502821180558,0.0,-0.027035364221643522,-0.0015921736352237704,0.011804317207911436,False,314
MEJA,94.0,92.676315,-0.014081752046625673,-0.01784913083340256,0.4,-0.06796391263921212,0.03231592381254158,0.057547711363157804,False,315
KARW,212.0,208.97734,-0.014257754919663967,-0.014257754919663967,0.0,-0.014257754919663967,-0.013694691208173682,0.0,False,316
TRIM,550.0,542.15594,-0.014261851917613621,-0.015469526811079493,0.0,-0.026935036399147738,0.012008544921874975,0.012531210219565266,False,317
WINE,152.0,149.83125,-0.014268072027909117,-0.02307901884380137,0.4,-0.04243816576505961,0.015741549040141845,0.030307282347832847,False,318
BTON,354.0,348.92242,-0.014343485859154303,-0.011332883673199179,0.0,-0.026726639742231616,0.006886265641551925,0.012776436212806915,False,319
PURI,135.0,133.06259,-0.014351151077835644,-0.0163116455078125,0.0,-0.01945988407841437,0.005152339228877323,0.005528126747541609,False,320
REAL,50.0,49.27582,-0.014483581542968738,-0.014544448852539027,0.0,-0.014589874267578119,-0.00812640380859373,0.00018190653721864258,False,321
BRNA,595.0,586.382,-0.014484001608455865,-0.02401820591517856,0.2,-0.02613582835477941,0.0055726226037289715,0.015130095466127785,False,322
BUDI,208.0,204.95695,-0.014629994905911926,-0.013672535236065153,0.0,-0.019153976440429665,-0.0028213354257436763,0.0043892753265450685,False,323
VINS,139.0,136.9541,-0.014718737705148355,-0.003505350016861475,0.2,-0.04017182494238982,0.013445364314017527,0.02735221984246393,False,324
NATO,670.0,659.99036,-0.014939748280083954,-0.011345342379897372,0.0,-0.028840204495102627,-0.006246283232276139,0.012772669561442076,False,325
TOTO,244.0,240.32138,-0.015076308953957484,-0.020378800689196952,0.2,-0.03044880100938139,0.00400778348328632,0.016762487443520595,False,326
RGAS,242.0,238.3469,-0.015095456966683907,-0.009709507965844577,0.2,-0.03683209379842458,0.007136333875419743,0.020354650923153906,False,327
ERAL,304.0,299.3358,-0.015342812789113891,-0.019613667538291524,0.4,-0.06023521423339839,0.018335181788394328,0.04997551377851224,False,328
INCF,50.0,49.220802,-0.01558395385742184,-0.01558395385742184,0.0,-0.01558395385742184,-0.01558395385742184,0.0,False,329
SILO,2060.0,2027.6848,-0.01568704253261528,-0.004152286862864063,0.2,-0.0386639582069175,0.0009996254930218606,0.020780792366561277,False,330
BKSW,53.0,52.167194,-0.015713299445386242,-0.02148782982016506,0.2,-0.02708138519862917,-0.0004442898732311074,0.013130976992484574,False,331
GTBO,170.0,167.32057,-0.01576134176815258,-0.01576134176815258,0.0,-0.01576134176815258,-0.01576134176815258,0.0,False,332
TGKA,4810.0,4734.008,-0.015798832185550893,-0.01658613240644491,0.2,-0.028316982848232808,0.001237128053534331,0.012815288386829009,False,333
SDPC,181.0,178.13937,-0.015804547894725497,-0.020949895869302515,0.2,-0.031151365838656762,0.012206828923515146,0.021282529135850922,False,334
AMAN,254.0,249.94963,-0.015946323665108286,-0.019969910148560532,0.2,-0.024593659648745114,0.016779141163262824,0.011256666846253961,False,335
TALF,570.0,560.89685,-0.01597039473684212,-0.03467803419682014,0.2,-0.035646180270010944,0.02313939144736843,0.028403971816588214,False,336
LPGI,630.0,619.6388,-0.01644637819320436,-0.013609289744543673,0.4,-0.04826516772073412,0.006255212208581362,0.03070908194632001,False,337
AIMS,392.0,385.36884,-0.016916267239317627,-0.0008482641103316757,0.4,-0.07124367538763554,0.03266699654715401,0.0508045140933355,False,338
IKBI,570.0,560.22327,-0.017152185272752196,-0.017895400733278555,0.0,-0.024534505208333356,-0.0013645319353070783,0.008903208149198382,False,339
AKPI,492.0,483.53354,-0.017208229623189776,-0.013325202755811727,0.0,-0.028846331340510643,-0.0027748045882558304,0.011396359877592526,False,340
INDF,6950.0,6829.5405,-0.017332326326438864,-0.02008775011241004,0.2,-0.03274921312949641,0.004351759217625917,0.017034881856094128,False,341
SMLE,158.0,155.25436,-0.017377442951443833,-0.005161333687697778,0.2,-0.08305548172962818,0.04966347609894184,0.06700040686069147,False,342
BVIC,93.0,91.37616,-0.01746068154611897,-0.02269498763545863,0.2,-0.0290257279590894,-0.0018491519394741474,0.014592805930671391,False,343
VAST,113.0,111.02102,-0.017513133361276245,-0.0028248339627696684,0.2,-0.04216912193635922,0.005645549402827754,0.02221578015553023,False,344
BPTR,76.0,74.6665,-0.01754606146561468,-0.04143604479337992,0.4,-0.051504235518606056,0.01789502595600332,0.04192472894528963,False,345
BFIN,920.0,903.66815,-0.017751982315726944,-0.012241396696671236,0.2,-0.03981365701426633,0.007341308593749996,0.022302289340446382,False,346
MKPI,21750.0,21353.668,-0.01822214439655172,-0.013699443247126464,0.0,-0.03131293103448276,0.0015776760057470973,0.012216297629373514,False,347
PEHA,258.0,253.19412,-0.018627432889716557,-0.028667538665061776,0.2,-0.037473397661549133,0.0033390133879905417,0.023651669042546106,False,348
CAMP,170.0,166.82535,-0.018674442066865794,-0.015192817239200407,0.0,-0.03441585765165438,-0.007442501292509185,0.014808071420429118,False,349
MPXL,154.0,151.11978,-0.018702757203733756,-0.02736683634968551,0.2,-0.047348616959212664,0.007952583610237407,0.04249043441701266,False,350
BNBA,740.0,725.90515,-0.01904707625105575,-0.02604411357157943,0.2,-0.054733804238809115,0.015622954497466247,0.03868418708123846,False,351
SIDO,364.0,357.0285,-0.01915251344114872,-0.016850901174021327,0.2,-0.03979804070441275,0.011571192479395576,0.020272790329293588,False,352
BCIP,63.0,61.787983,-0.019238390241350434,-0.023467835925874203,0.0,-0.03622814360119044,0.011097935267857162,0.017701888770259307,False,353
BSBK,52.0,50.994373,-0.019338959913987396,-0.02588609548715448,0.4,-0.03652672400841346,0.003098928011380675,0.01879586769725684,False,354
EXCL,2460.0,2412.0767,-0.019480992759146387,-0.024222025057164642,0.2,-0.06295626508511183,0.023893249015497962,0.04925979769851219,False,355
IGAR,424.0,415.72055,-0.0195269602649617,-0.027846354358601166,0.2,-0.03873463756633255,0.004539374585421552,0.027406063548102624,False,356
SNLK,222.0,217.66484,-0.0195277446025127,-0.033765225797086185,0.2,-0.041999363254856405,0.017154205597198803,0.030017815824085928,False,357
APLI,248.0,243.12881,-0.01964191313712831,-0.019059458086567505,0.4,-0.05312997141192037,0.009054688484437978,0.03281086234773459,False,358
DYAN,81.0,79.40587,-0.019680560076678223,-0.022527529869550533,0.0,-0.025000772358458677,0.007584767282744953,0.00781793877280243,False,359
DILD,117.0,114.69419,-0.019707743326822902,-0.015904548840645072,0.2,-0.036001482580462076,0.006884830833500244,0.016448537532138093,False,360
WIDI,26.0,25.486872,-0.019735747117262625,-0.037576602055476305,0.4,-0.10631438035231369,0.026195702185997583,0.09217481154181036,False,361
VICO,141.0,138.16737,-0.02008957017398052,-0.015182819772273981,0.0,-0.031089252444869264,-0.000754844719636516,0.011880929287237487,False,362
BJBR,775.0,759.2362,-0.020340363533266136,-0.029260017641129066,0.2,-0.038962764616935465,0.003915873865927422,0.02144575140599823,False,363
DCII,191350.0,187448.66,-0.020388587666579583,-0.009808841782074751,0.0,-0.0367686503788869,-0.002077508492291624,0.014925333821015543,False,364
MNCN,204.0,199.8203,-0.020488739013671896,-0.012445038440180745,0.2,-0.05335445030062809,0.008750197466682019,0.032020098817499405,False,365
TBMS,1160.0,1136.1414,-0.020567753232758633,-0.024325035358297442,0.4,-0.05341476966594831,0.013192833209859912,0.03299887248308872,False,366
SAMF,274.0,268.36176,-0.020577468315180168,-0.008275164304858529,0.0,-0.052062409115533725,0.0074864742529653135,0.03093985023711015,False,367
PSAT,845.0,827.4655,-0.020750840768306224,-0.03170924440643497,0.2,-0.049131942839312104,0.005058131471893534,0.033009738177689804,False,368
BESS,865.0,846.9705,-0.020843287120664723,-0.021028340069544793,0.0,-0.02151231710621382,-0.0003092683119581219,0.000810597563275368,False,369
KOCI,97.0,94.971695,-0.020910314186332137,-0.0212070425761115,0.0,-0.024343903531733213,0.018270543678519637,0.0036169694581303217,False,370
KBLM,298.0,291.74893,-0.020976800086514237,-0.021095531898856934,0.2,-0.03591748948065223,0.008159028123689138,0.016277186756702523,False,371
AMRT,1335.0,1306.7107,-0.021190437002574926,0.003270204236891283,0.6,-0.06317669929190076,0.01567488881086141,0.0372012574124527,False,372
MICE,520.0,508.9589,-0.021232957106370208,-0.020309624305138274,0.0,-0.030699216402493977,-0.004851473294771647,0.009856585831769373,False,373
LPCK,520.0,508.9481,-0.02125366210937498,-0.005340810922475958,0.2,-0.05778266319861777,0.00141500619741588,0.03711447577834932,False,374
MIKA,1730.0,1693.0007,-0.021386859871748553,-0.012788946780166177,0.0,-0.04727581399024565,0.010643275266437869,0.02576263765880599,False,375
GGRP,296.0,289.66333,-0.021407689274968344,-0.018677170212204386,0.0,-0.032174620757231875,-0.0042454899968327854,0.010798024418065804,False,376
IPCM,302.0,295.51703,-0.0214667718142074,-0.02951383274912045,0.4,-0.04477876574787876,0.011549246074348086,0.02563030003528664,False,377
RALS,380.0,371.7826,-0.021624771921258203,-0.035322490491365155,0.2,-0.04147011204769733,-0.00025935122841285184,0.024978767531311133,False,378
IDEA,60.0,58.69638,-0.0217269770304362,-0.03266232808430991,0.2,-0.0339011637369792,-0.001607958475748661,0.024954618965625213,False,379
KEJU,550.0,538.01624,-0.02178859641335229,-0.0209244051846591,0.0,-0.03068741122159091,-0.002951526988636366,0.008540794987116221,False,380
PANS,1570.0,1535.6215,-0.021897174810907603,-0.0233123196158439,0.2,-0.04565561865545378,0.007388379528264366,0.024898999005620235,False,381
CASA,1840.0,1799.694,-0.021905477772588312,-0.018717823857846483,0.0,-0.041188911769701055,-0.01178793202275814,0.018595279957277236,False,382
MARI,23.0,22.493866,-0.022005827530570676,-0.02144398896590527,0.0,-0.02312950465990149,-0.02147692804751191,0.0012563092229727609,False,383
PTIS,266.0,260.03027,-0.02244263842589871,-0.015825773540296018,0.4,-0.06251728947001294,0.012733815128641912,0.04053870467569745,False,384
BELI,254.0,248.25961,-0.022599924643208657,-0.02225632554902801,0.0,-0.03526808370755412,0.0038491436815636824,0.012478750833947075,False,385
MEGA,1990.0,1945.0201,-0.02260294391881281,-0.016317795029836657,0.0,-0.043735290220634424,0.008564244562657053,0.019699032242884287,False,386
PANR,414.0,404.63834,-0.02261272927989131,-0.017884037920818274,0.0,-0.03444308221052235,0.004040999113073651,0.01220819170595752,False,387
EKAD,170.0,166.13818,-0.022716549144071684,-0.019285314223345562,0.0,-0.03376565372242648,-0.00765379064223346,0.010292378502627922,False,388
GOLD,266.0,259.88928,-0.022972600262864185,-0.019172611093162595,0.0,-0.031152320804452516,-0.008294402387805455,0.008014749116939134,False,389
PRIM,104.0,101.59009,-0.023172261164738563,-0.05344016735370338,0.4,-0.09332875471848705,0.033682177616999674,0.08464858299427684,False,390
DEPO,244.0,238.3365,-0.023211057068871655,-0.01684238871590038,0.0,-0.043653144211065545,-0.003886476110239534,0.01906940210277393,False,391
BBCA,6450.0,6300.199,-0.023224942466085263,-0.04035443919573645,0.2,-0.057717417635658894,0.009600351259689943,0.051686825504420546,False,392
DOSS,160.0,156.27344,-0.023291034698486302,-0.058750152587890625,0.2,-0.08694410324096676,0.1041251945495606,0.1041229912163846,False,393
ASDM,515.0,502.89716,-0.023500680275333762,-0.022349770555218473,0.2,-0.04335933944554009,0.000567129190685689,0.019400925099555925,False,394
LABS,151.0,147.40012,-0.02384035224156662,-0.0217447849298944,0.0,-0.035538002670995425,-0.006432539579884123,0.011966952601123702,False,395
SHID,615.0,600.2242,-0.024025739964430894,-0.019370871443089466,0.0,-0.04159136020071139,0.004211525025406471,0.0168641227380466,False,396
MKTR,121.0,118.09233,-0.0240302472075155,-0.01655452507586519,0.0,-0.04593962361989927,0.000670957959387919,0.02206639947339587,False,397
GWSA,125.0,121.984985,-0.024120092773437497,-0.009241943359375004,0.2,-0.06171822509765625,0.029880224609375006,0.03526407631620236,False,398
TOSK,68.0,66.35969,-0.024122249378877546,-0.01789900835822611,0.2,-0.05369041667265051,3.4332275390625e-05,0.02835235810410898,False,399
DOID,214.0,208.77866,-0.024398732408184864,-0.01866492155556365,0.2,-0.055157627569180745,0.0035480534918954864,0.02956913930618303,False,400
HDFA,90.0,87.80227,-0.02441923353407118,-0.01612938774956596,0.0,-0.038799099392361105,0.007634718153211773,0.012966198735486089,False,401
NZIA,138.0,134.61934,-0.024497587784476905,-0.024260258329087403,0.0,-0.026091910099637673,0.005599820786628218,0.0015484188110483066,False,402
TMAS,122.0,119.00735,-0.024529966760854262,-0.023880755315061508,0.2,-0.0642510711169634,0.004896883104668293,0.041181223659016185,False,403
IMAS,845.0,824.2601,-0.0245442804641272,-0.027301494891826872,0.2,-0.038007899177145,0.0011271784855769295,0.01613374105890974,False,404
CNMA,90.0,87.7785,-0.02468327840169269,-0.023923831515841987,0.0,-0.03847415500217011,0.004026268853081594,0.013665938297143118,False,405
PNSE,494.0,481.78214,-0.024732532578441303,-0.024594696909792546,0.0,-0.025288211961506813,-0.014082849170514921,0.0005331820269988642,False,406
IMJS,153.0,149.21138,-0.024762242136437917,-0.04064741944955064,0.2,-0.09322414024203433,0.018106557808670386,0.09172545051246545,False,407
WIIM,1710.0,1667.4219,-0.024899474026864033,-0.01609943233735378,0.2,-0.12406699732730261,0.03407079507035822,0.10593247885071004,False,408
UCID,372.0,362.715,-0.024959687263734855,-0.027154573830225126,0.0,-0.03959695139238908,0.0033603299048639013,0.015034916142391412,False,409
AWAN,157.0,153.05151,-0.02514955557076033,-0.03465105773537025,0.2,-0.05416625199044585,0.0051771613442973315,0.032282267795459896,False,410
WOMF,250.0,243.67984,-0.025280664062500003,-0.004363464355468749,0.0,-0.06471514892578126,0.005499377441406295,0.037947065992633755,False,411
GRIA,119.0,115.96069,-0.0255403919380252,-0.01550273734982277,0.0,-0.04974690926175156,0.0008512096244748024,0.024009331927876316,False,412
KOTA,151.0,147.13512,-0.025595214035337332,-0.10224510344448468,0.4,-0.24865746908629965,0.11968897131105134,0.23747288688436852,False,413
INPS,660.0,643.0978,-0.025609445282907206,-0.0056801535866477515,0.4,-0.11146924567945075,0.03706441243489587,0.07928037724133465,False,414
YOII,84.0,81.84331,-0.025674874441964302,-0.031006585984002966,0.2,-0.041018440609886575,-0.0006660279773530453,0.019074881757198927,False,415
NFCX,1575.0,1534.3538,-0.025807183159722236,-0.02252030629960322,0.0,-0.045740916418650815,0.007835162450396903,0.02114273435176714,False,416
FITT,350.0,340.958,-0.02583428083147319,0.0029687499999999645,0.6,-0.09324870954241068,0.009907052176339314,0.060425540434413165,False,417
KMDS,545.0,530.8066,-0.026042950831422006,-0.02497692983084865,0.0,-0.03941876612672015,-0.0014350093176605406,0.014520768304596109,False,418
MERI,100.0,97.39146,-0.026085479736328153,-0.023197937011718794,0.2,-0.06543760681152347,0.00985896301269531,0.037885183486767136,False,419
CARS,91.0,88.61163,-0.026245804671402827,-0.000489203484503764,0.4,-0.07268410148201412,0.011213030133928558,0.04288812857792348,False,420
LMPI,142.0,138.25702,-0.02635904231541595,-0.0448149560203015,0.2,-0.05319334218199827,-0.003501763142330505,0.03637293999750142,False,421
ULTJ,1385.0,1348.3246,-0.026480426444043314,-0.030158770729918793,0.0,-0.04084550217170577,-0.001338630979241895,0.015920475907308346,False,422
MDLA,212.0,206.3776,-0.026520840626842568,-0.022046790932709337,0.0,-0.037694175288362296,-0.007856045129164203,0.011039002885988847,False,423
KEEN,840.0,817.4291,-0.026870131719680068,-0.026527259463355657,0.2,-0.05965372721354165,0.011672334216889891,0.033914846098083144,False,424
IBST,8475.0,8245.606,-0.027067086098820026,-0.027067086098820026,0.0,-0.027067086098820026,-0.022915283923303886,0.0,False,425
MSTI,1330.0,1293.9993,-0.027068238222509367,-0.027983012952302655,0.4,-0.06953394839638156,0.011349326685855287,0.042392958110223734,False,426
CEKA,2230.0,2169.3838,-0.02718213547505608,-0.03183210569646866,0.0,-0.03382348304372198,-0.002516728559417025,0.008285164182454273,False,427
OLIV,51.0,49.613495,-0.027186360078699456,-0.032134860169653834,0.2,-0.056830312691482844,-0.0007823420505897793,0.035416110087064245,False,428
BBLD,580.0,564.212,-0.02722073259024784,-0.0398251237540409,0.4,-0.05761552481815733,0.006190732758620632,0.033068975979203614,False,429
STTP,9850.0,9578.698,-0.027543286008883273,-0.02662386976522846,0.0,-0.04226790529822337,0.0033062143083756102,0.015071230318658986,False,430
ASPI,396.0,385.0805,-0.027574496799045178,-0.08286185216422037,0.4,-0.11327963164358427,0.05970799609868214,0.10631931311036558,False,431
INPP,700.0,680.664,-0.02762283761160711,-0.026241716657366077,0.2,-0.05539927455357139,-0.002349714006696435,0.02842346319697764,False,432
HGII,122.0,118.62185,-0.027689699266777668,-0.026154064741291005,0.0,-0.04583884067222721,-0.005425662681704679,0.018457451703803834,False,433
PCAR,41.0,39.855297,-0.027919527379477893,-0.03196967520364902,0.0,-0.04797927112114138,0.011938420737661982,0.02085201823915013,False,434
AGII,2890.0,2809.2656,-0.027935736105103824,-0.022525394004109023,0.0,-0.05187913940852078,0.020430278844074334,0.022057275493382017,False,435
CBRE,685.0,665.5705,-0.028364239992016427,-0.04839375071281937,0.2,-0.06824769402942518,0.026401545392335746,0.05280930832566408,False,436
NAIK,86.0,83.54802,-0.02851134899050689,-0.003661577091660595,0.4,-0.08392397858375726,0.011023960557094804,0.05395396532555926,False,437
PNBN,895.0,869.1722,-0.028857871966655034,-0.03287510365747204,0.0,-0.05074217386085893,0.0051588414368016755,0.022198720272222472,False,438
SUNI,720.0,699.2123,-0.02887179904513888,-0.025040944417317745,0.0,-0.057542690700954836,0.004651997884114567,0.0270620325337389,False,439
MBAP,1415.0,1374.1311,-0.02888266411771201,-0.03474612825750878,0.2,-0.05088511760159009,0.00898306371466433,0.0297523974677752,False,440
ESSA,635.0,616.60626,-0.028966554656742118,-0.021197557824803148,0.2,-0.14885849840059057,0.0378210353100394,0.12887652499361552,False,441
TIRT,590.0,572.8894,-0.029001009666313582,-0.029001009666313582,0.0,-0.029001009666313582,-0.025628558659957612,0.0,False,442
SMKL,150.0,145.64932,-0.029004557291666667,-0.019501749674479152,0.0,-0.06236539713541667,1.2064615885387654e-05,0.03177227188366964,False,443
DGIK,128.0,124.277565,-0.02908146381378174,-0.029141724109649658,0.4,-0.07623673677444458,0.01518707275390625,0.04571298481275322,False,444
MSIE,103.0,99.99791,-0.029146524077480307,-0.056400706467119255,0.2,-0.06419098492964956,0.1609909502047937,0.06714293493298548,False,445
RBMS,64.0,62.12967,-0.029223930835723878,-0.018960297107696533,0.2,-0.07314748764038086,0.017068195343017577,0.04175559535430381,False,446
LRNA,185.0,179.58417,-0.029274753879856407,-0.01749886177681592,0.0,-0.0547341506545608,0.00112045700485639,0.027517054984876197,False,447
BAYU,1150.0,1116.3236,-0.02928384001358695,-0.036348611582880386,0.2,-0.056718474014945654,-0.008445312500000001,0.02858680452194296,False,448
PMUI,83.0,80.55916,-0.02940773102174321,-0.03268689994352414,0.0,-0.0337093123470444,0.005607292451054224,0.00542576703336364,False,449
TRGU,164.0,159.14218,-0.02962084514338794,-0.02870996986947405,0.0,-0.04764597822980181,0.001686021758288847,0.019408427812991295,False,450
YUPI,1300.0,1261.357,-0.02972534179687498,-0.023353177584134577,0.0,-0.04788258713942308,0.0035520770733173056,0.016423562592376595,False,451
BLOG,356.0,345.40314,-0.02976645137486831,-0.022158933489510146,0.0,-0.04811641393082862,-0.0014105121741133874,0.016440344767968292,False,452
SAPX,216.0,209.5552,-0.0298370361328125,-0.03435883698640041,0.0,-0.05724793893319593,0.0012962765163845758,0.027723362877306368,False,453
MANG,39.0,37.834923,-0.029873794164413048,-0.03889074081029642,0.4,-0.08950611994816711,0.024149733323317314,0.06061491853395692,False,454
DKHH,62.0,60.123497,-0.030266164964245234,-0.0169678964922505,0.4,-0.08470099664503532,0.001137542724609375,0.05654171467201478,False,455
GIAA,53.0,51.386147,-0.030450122761276545,-0.03830143190779778,0.2,-0.06564515311762972,0.009409807313163343,0.04671956775138657,False,456
KICI,194.0,188.05588,-0.030639821475314123,-0.02575211672438793,0.0,-0.05612640380859375,-0.006958699963756443,0.02406483986012117,False,457
JAWA,122.0,118.26145,-0.03064383835089011,-0.037746429443359375,0.4,-0.07045715832319414,-0.0003584439637231096,0.04029326986771204,False,458
MSJA,410.0,397.30112,-0.0309728408441311,-0.03029301340987045,0.0,-0.048307822622903986,0.00670922256097557,0.016936025759078443,False,459
SSIA,1610.0,1559.8416,-0.03115428474378885,-0.01581515673524847,0.4,-0.09630360478940218,0.017150696938082334,0.05973871812384443,False,460
DRMA,940.0,910.65466,-0.03121846949800533,-0.028290963680186132,0.0,-0.0376677038314495,-0.0019666696102061064,0.0057933957974232045,False,461
LION,346.0,335.17188,-0.03129519423997471,-0.03373700621500175,0.0,-0.03867880760589777,-0.004387810326725061,0.009509188520920272,False,462
JATI,96.0,92.95813,-0.031686162948608376,-0.04194585482279456,0.0,-0.05555065472920735,-0.0026368459065755356,0.026081693274691953,False,463
BJTM,520.0,503.42194,-0.031880927452674276,-0.02948309091421275,0.0,-0.04359055739182691,-0.006026505690354567,0.011525807165632462,False,464
INTD,252.0,243.96191,-0.03189717852880085,-0.027111114017547178,0.2,-0.05681320674835686,0.001321035718161001,0.024479711781059156,False,465
INTP,4600.0,4452.968,-0.03196344259510868,-0.039670516304347814,0.4,-0.08368094004755433,0.00858196756114129,0.05295475356985228,False,466
LIFE,5850.0,5661.7817,-0.03217406183226499,-0.026520850026709453,0.0,-0.05153121661324791,-0.012486962473290597,0.019434165299188975,False,467
IPCC,1135.0,1098.4371,-0.032214022060848,-0.01786152171668498,0.0,-0.06606290439151981,0.014799395993942732,0.03049958393738617,False,468
SURI,71.0,68.71086,-0.032241455937775096,-0.054477423009738124,0.2,-0.05772864113391285,0.005994791380116627,0.04126861093618708,False,469
IBOS,63.0,60.953705,-0.0324808998713418,-0.033760494656033035,0.2,-0.08913227868458581,0.03453746977306547,0.0651498261938876,False,470
BALI,1245.0,1204.4851,-0.032542003953313234,-0.022099138742469826,0.0,-0.05376043235441765,-0.00736426173443776,0.019396805601003927,False,471
GJTL,1225.0,1185.1056,-0.03256690449617348,-0.025331234056122476,0.0,-0.054110271843112234,0.008372130102040787,0.021400358675523635,False,472
ZYRX,122.0,118.01273,-0.03268253764168159,-0.03499284337778563,0.0,-0.04394286108798664,-0.0032704087554431107,0.012636944694535305,False,473
TARA,30.0,29.018805,-0.03270646413167315,-0.06237182617187498,0.2,-0.07367734273274737,0.03143679300944009,0.06005448712253464,False,474
AALI,6875.0,6650.0444,-0.032720809659090896,-0.03135319602272724,0.0,-0.04757920454545454,-0.01612372159090909,0.014213658705587707,False,475
SWID,102.0,98.66208,-0.032724717084099256,-0.031603869269875906,0.0,-0.04300704656862744,0.010457760679955564,0.010807588390199276,False,476
CYBR,545.0,527.09357,-0.032855840560493135,-0.0031368710579128267,0.2,-0.08849945348337158,0.020120726419151323,0.049428629481664696,False,477
VOKS,202.0,195.3525,-0.032908494401686236,-0.0258579065303991,0.0,-0.04895157011428679,-0.008581104845103637,0.014813319935991024,False,478
BSWD,1125.0,1087.95,-0.03293328993055553,-0.029745876736111065,0.2,-0.05653580729166663,0.002179144965277757,0.02498535123893237,False,479
CLAY,2350.0,2272.4956,-0.03298055186170212,-0.01881337267287231,0.2,-0.07500349069148934,0.002813954454787271,0.03823334738827743,False,480
INOV,138.0,133.43083,-0.03310991370159644,-0.034170288970505,0.2,-0.0778468256411345,-0.0031763270281362833,0.045945287552434114,False,481
WSBP,14.0,13.536206,-0.033128111703055255,-0.02791936056954525,0.0,-0.046113777160644506,-0.025319984980991906,0.011794980815788154,False,482
MLPL,94.0,90.85869,-0.03341822522751827,-0.046661863935754666,0.4,-0.10186352019614357,0.016682141892453473,0.07266128745356866,False,483
ITMG,24800.0,23967.3,-0.03357653414818549,-0.04152926537298385,0.2,-0.05978929876512098,0.003925623739919315,0.029016794871661086,False,484
HAIS,181.0,174.89888,-0.033707862137430954,-0.02858198808701662,0.0,-0.05443214711563362,-0.0030799654965901315,0.020428441194603006,False,485
CASS,1890.0,1826.0072,-0.033858597366898155,-0.035107228112599254,0.0,-0.039512054604828054,-0.002990257626488102,0.005809791635144505,False,486
MYOH,1045.0,1009.6045,-0.03387125261662678,-0.032317501962470074,0.0,-0.04384920987215905,0.008691639877392321,0.010231065845535762,False,487
SMDM,550.0,531.3231,-0.033957996715198856,-0.03145407936789768,0.0,-0.06328401322798297,0.024866610440340907,0.027828681545431652,False,488
HBAT,222.0,214.41235,-0.03417864275408222,-0.03230931737401466,0.2,-0.07124251632003095,0.03075261846318973,0.03709260090217751,False,489
KAEF,448.0,432.68146,-0.03419317517961775,-0.048488616943359375,0.0,-0.05225091661725725,-0.0013826097760881728,0.022805516585400774,False,490
JGLE,64.0,61.803547,-0.03431954383850098,-0.04632258415222168,0.2,-0.10541266202926636,0.013691556453704835,0.08011813433424554,False,491
ITMA,1360.0,1313.1084,-0.03447911879595589,-0.028443818933823528,0.0,-0.05880022834329046,-0.01268411075367648,0.023505642440734054,False,492
SOFA,212.0,204.67348,-0.034559069939379426,-0.06458066544442809,0.4,-0.08527724068119838,0.025492484614534218,0.06034714263213829,False,493
WTON,76.0,73.360504,-0.034730188470137736,-0.02970354180586965,0.0,-0.0676099476061369,0.005660569040398822,0.031025892875349362,False,494
DART,127.0,122.57068,-0.03487652155358023,-0.018869955708661457,0.0,-0.07034609336552658,0.010609592227485254,0.03168059367664717,False,495
NINE,74.0,71.405075,-0.035066594304265196,-0.033493454391891886,0.0,-0.03995311840160469,-0.004918567554370789,0.0052742153436374254,False,496
ANJT,1445.0,1394.3286,-0.03506672050713666,-0.01744448123918685,0.0,-0.0743328794063581,0.004998293549956756,0.040592261519947354,False,497
ISAT,1925.0,1857.3884,-0.035122831270292185,-0.04922185724431816,0.2,-0.07896552861201293,0.006668919947240237,0.050922551521007935,False,498
DGNS,234.0,225.77237,-0.03516082763671875,-0.039955204368656516,0.0,-0.06897298698751335,0.000915827302851202,0.033895239203924586,False,499
BOLT,795.0,767.04425,-0.03516448014937108,-0.047927338222287785,0.0,-0.05152578677771229,-0.008356150501179261,0.02053292474070722,False,500
PWON,266.0,256.6231,-0.03525153138583768,-0.04725968210320719,0.2,-0.06602499825613843,0.017787044209645185,0.04087838806285584,False,501
TBLA,650.0,626.9517,-0.035458890474759586,-0.030352689302884595,0.0,-0.06351893028846152,0.004390531099759643,0.025997906748680858,False,502
INDX,60.0,57.86717,-0.03554719289143882,-0.03554719289143882,0.0,-0.03554719289143882,-0.03554719289143882,0.0,False,503
MCOR,69.0,66.54484,-0.03558206972868545,-0.02798970540364587,0.0,-0.06564374177352239,0.001139146003170266,0.029067362048604325,False,504
ADMG,224.0,216.01424,-0.03565074375697543,-0.04002802712576725,0.2,-0.06065427235194616,0.011100537436349001,0.027919142789834504,False,505
LFLO,486.0,468.53467,-0.0359368595076196,-0.021194144040959317,0.0,-0.06838095080214765,-0.007905145339023912,0.03570219701999526,False,506
ELPI,745.0,718.01843,-0.036216901740771815,-0.0789720368865352,0.4,-0.2161221784553272,0.1377139753303272,0.2095552572507939,False,507
AMOR,340.0,327.67166,-0.036259819479549635,-0.02809196920955881,0.0,-0.05812701056985296,-0.005313379624310643,0.020203238608988084,False,508
PSSI,332.0,319.9427,-0.036317186470491314,-0.035466941006212394,0.2,-0.09716848350432979,-0.001834051293062866,0.069268400084952,False,509
DMAS,142.0,136.79454,-0.03665812317754182,-0.032916754064425624,0.0,-0.051321454115316925,-0.007953890948228404,0.014378215777328281,False,510
SRAJ,11600.0,11174.367,-0.03669250067349137,-0.04364097858297411,0.0,-0.047144564924568956,-0.020673255657327583,0.012510189124950362,False,511
PDES,414.0,398.75357,-0.03682712425932215,-0.03697661616376058,0.2,-0.0677451755689538,-0.007912986865942018,0.034772848516967166,False,512
OASA,322.0,310.06842,-0.037054576044497266,-0.07788341830235834,0.4,-0.14956473593386066,0.06132941394118787,0.13804692591111026,False,513
MCOL,3700.0,3562.6,-0.03713509554476353,-0.04037254539695945,0.0,-0.05898013883023652,-0.004323321368243227,0.02305278265110698,False,514
MYOR,1720.0,1655.8942,-0.03727086266805959,-0.035710960210755816,0.2,-0.07983066292696221,0.01572038517441863,0.05016391463831485,False,515
RAAM,206.0,198.30179,-0.03736995956272755,-0.04994127588364683,0.2,-0.06574720364172482,0.014157193378337363,0.03222928785318313,False,516
BEER,75.0,72.19664,-0.03737813313802085,-0.006442972819010406,0.0,-0.09874143473307295,-0.005880269368489577,0.06732359099336768,False,517
SICO,111.0,106.82222,-0.037637700261296425,-0.04513756004539693,0.0,-0.0597839767868454,-0.004202229267842017,0.023545167417093445,False,518
ITIC,216.0,207.79993,-0.037963287918655955,-0.03223701759620945,0.0,-0.0521999500415943,-0.0039562366626880955,0.012998963758688262,False,519
POLU,12125.0,11664.567,-0.03797382409793815,-0.007859375000000002,0.2,-0.09610586340206181,0.01722335695876289,0.05262762274610319,False,520
PGUN,7475.0,7188.7305,-0.03829688806438127,-0.041033065948996694,0.2,-0.074675924958194,0.007342247596153828,0.0373486160461185,False,521
FOLK,204.0,196.17151,-0.03837492699716607,-0.034193450329350505,0.2,-0.11472489600088082,0.028586189419615503,0.08195541116962474,False,522
RICY,79.0,75.94223,-0.03870594652393196,-0.03503108929984178,0.0,-0.048864649519135696,-0.009846844250642816,0.010881929832150083,False,523
PBRX,26.0,24.991833,-0.03877562009371242,-0.0401022250835712,0.0,-0.05723897493802581,0.021311349135178802,0.02208368968416902,False,524
DNAR,124.0,119.16953,-0.03895540545063636,-0.027389895531439,0.2,-0.08847525811964467,0.00493941768523185,0.04870058127555494,False,525
MBTO,120.0,115.285484,-0.039287605285644546,-0.029152933756510402,0.0,-0.07314345041910811,0.002764345804850277,0.03567832285018892,False,526
LINK,1405.0,1349.417,-0.039560842276467986,-0.024127175544928825,0.2,-0.0886396241103203,0.00936990866881673,0.04627426304820923,False,527
BNBR,97.0,93.16075,-0.039579835872060244,-0.15110346214058468,0.2,-0.22653188803761276,0.09072237309721327,0.271561918983837,False,528
BANK,276.0,265.05804,-0.039644832887511326,-0.021599147630774418,0.2,-0.08693611034448596,0.01912667094797329,0.04309877086904051,False,529
MTDL,515.0,494.5577,-0.03969380499089803,-0.018287317961165006,0.0,-0.07972154932114683,-0.007400494918082523,0.03999347492334276,False,530
GUNA,200.0,192.0561,-0.039719512939453104,-0.030341110229492152,0.2,-0.08324914550781248,0.0013705444335937456,0.04594835614467601,False,531
MTMH,915.0,878.61194,-0.03976834656762296,-0.010544406911714432,0.0,-0.09997007609716535,0.00737957063268444,0.05765377396320757,False,532
APII,185.0,177.62039,-0.03988974081503378,-0.04009003510346287,0.2,-0.07185419855891048,-0.019033467060810792,0.03337459529212106,False,533
GLVA,306.0,293.78363,-0.03992277656505312,-0.03319155624489378,0.0,-0.06464157603145426,-0.0025228861889808217,0.023468561629256375,False,534
CRSN,108.0,103.68502,-0.03995350025318287,-0.024146609836154465,0.0,-0.07936665570294418,0.004643984194155126,0.03579050943458378,False,535
LIVE,208.0,199.67125,-0.040042070242074804,-0.05272806607759917,0.0,-0.054982038644643925,-0.011013427147498488,0.019338976175358485,False,536
RELF,36.0,34.548676,-0.0403145684136285,-0.029925664265950558,0.0,-0.0777084138658312,-0.003739950391981317,0.03600058915251124,False,537
SONA,2520.0,2418.1313,-0.04042410714285714,-0.04685174851190477,0.0,-0.07110787527901785,-0.014621272011408726,0.031517151861171544,False,538
JSMR,2730.0,2619.2205,-0.04057858645260988,-0.04012992216117217,0.0,-0.05761922647664834,-0.007294438959478011,0.019474858711848748,False,539
BEST,100.0,95.94011,-0.04059886169433593,-0.04427200317382818,0.2,-0.06873887634277347,0.006643295288085915,0.03293310306043493,False,540
BMRI,4160.0,3990.7578,-0.040683229886568494,-0.051153094951923106,0.0,-0.06557705218975358,0.008645817683293266,0.028171229267574878,False,541
INDS,272.0,260.91385,-0.04075790854061356,-0.04075790854061356,0.0,-0.04075790854061356,-0.02898889429428997,0.0,False,542
MYTX,41.0,39.32493,-0.04085540771484375,-0.04085540771484375,0.0,-0.04085540771484375,-0.035746411579411164,0.0,False,543
TFAS,190.0,182.23332,-0.040877203690378304,-0.04767793354235195,0.0,-0.04947978772615136,0.0003359985351562678,0.013104952996067825,False,544
RSGK,975.0,935.1414,-0.040880596454326935,-0.046705353565705154,0.0,-0.064658203125,0.00642225060096151,0.02465326376243789,False,545
SEMA,97.0,93.02881,-0.040940117590206195,-0.04818253664626293,0.0,-0.05785599541418329,-0.007051117887202007,0.02369074381846972,False,546
DKFT,660.0,632.8324,-0.04116308963660038,-0.04012737852154358,0.0,-0.0769170587713068,0.0064859286221590874,0.03535057188779895,False,547
KSIX,286.0,274.11896,-0.04154219193892046,-0.051011945817854065,0.2,-0.06928040831239075,0.009794349937172164,0.03207506611039044,False,548
IPOL,107.0,102.544556,-0.04163970947265625,-0.03963342114029644,0.0,-0.06998611878011826,-0.0064851136965172525,0.02756133729865176,False,549
BBHI,905.0,867.1869,-0.0417824288889848,-0.04248208736187842,0.0,-0.04261133352037292,0.007767435147617396,0.0013102810258866686,False,550
CINT,173.0,165.74734,-0.041922896721459546,-0.03809369919617056,0.0,-0.06771628319183524,-0.005673852821306014,0.026970061061891804,False,551
INCI,665.0,637.0942,-0.04196362488251881,-0.033853218250704864,0.0,-0.06921707956414476,-0.004616827713815774,0.026592094229037744,False,552
DSNG,1360.0,1302.8542,-0.04201891730813419,-0.040646182789522034,0.2,-0.08117483700022976,0.014058353199678363,0.04420352318855063,False,553
APIC,640.0,612.9878,-0.042206592559814446,-0.05774354934692383,0.2,-0.06090423583984372,-0.012414054870605495,0.037015805744623494,False,554
IOTF,52.0,49.803795,-0.0422346701988807,-0.048929141117976305,0.0,-0.05010983393742487,-0.00636998690091648,0.011519414753610024,False,555
LPPS,79.0,75.65619,-0.04232672196400315,-0.04052686087692836,0.2,-0.06785873219936707,-0.006343793265427222,0.02855256857160283,False,556
PURA,31.0,29.686157,-0.04238206186602191,-0.0332799111643145,0.2,-0.0818458434074156,0.007292901315996714,0.03938490823974039,False,557
TRJA,111.0,106.268234,-0.0426285339905335,-0.035240104606559686,0.0,-0.061422894452069235,0.0006858756950310019,0.017409245209314316,False,558
TPIA,2110.0,2020.0256,-0.04264192554058055,-0.024820423578199025,0.0,-0.09202888958827013,0.03378480450236965,0.04629410724574608,False,559
ASJT,154.0,147.40692,-0.04281219878754059,0.0010075754933542846,0.6,-0.11827784946986605,-0.0009598967316862162,0.06720120566379664,False,560
AVIA,318.0,304.36792,-0.04286817634630502,-0.03729622319059556,0.2,-0.07115106162784982,0.011818517528989747,0.029714469648465525,False,561
BRIS,1785.0,1708.405,-0.04291030670080531,-0.0435928472951681,0.2,-0.06963471912202379,0.0042340002407212475,0.028721887428935625,False,562
HOKI,54.0,51.678955,-0.042982285111038784,-0.0465874142116971,0.0,-0.05112125255443432,-0.0020313828079788765,0.010276461323839506,False,563
BBNI,3550.0,3397.198,-0.043042762433978865,-0.04686193331866195,0.0,-0.06292550616197182,0.00914310079225351,0.022304197467582443,False,564
ICBP,7025.0,6722.505,-0.04305987266459075,-0.03467137455516012,0.0,-0.07135250778469752,-0.010024883229537407,0.025696419727372168,False,565
AYLS,148.0,141.6197,-0.04311016185863596,-0.05444191597603465,0.2,-0.057171259699641055,-0.005136376458245362,0.026873452084984338,False,566
AADI,9275.0,8875.129,-0.04311278638814018,-0.06208684299191369,0.0,-0.075909914083558,-0.0011606721698113275,0.038174488135667727,False,567
TAPG,1785.0,1708.0342,-0.04311814764968484,-0.04697163044905461,0.0,-0.06010134913340333,0.016266617975315124,0.01796870133170086,False,568
SDRA,212.0,202.84749,-0.043172224512640064,-0.037144283078751505,0.0,-0.059881447846034844,-0.009503692051149759,0.015640700280074835,False,569
TPMA,460.0,440.12125,-0.04321470841117525,-0.023747585130774462,0.2,-0.09676077137822689,-0.003417530889096443,0.050496444077990685,False,570
MGLV,8350.0,7986.0674,-0.04358474457335328,-0.036809272080838285,0.2,-0.09371988444985029,0.01880068768712575,0.04773662452443209,False,571
UNVR,1715.0,1640.1814,-0.043625936702806144,-0.03622918754555393,0.2,-0.08172729136297377,-0.0016958733828352558,0.037152980665268454,False,572
BLES,200.0,191.2598,-0.043701065063476596,-0.02464477539062504,0.4,-0.1725202178955078,0.05711802673339843,0.12241926703048892,False,573
BINO,108.0,103.273705,-0.04376200923213251,-0.05168519196686916,0.2,-0.07088720533582897,-0.0031219906277126785,0.03080296775679468,False,574
SKLT,197.0,188.29701,-0.0441776178815038,-0.0411998923054806,0.0,-0.058068212518837245,0.007759318860049147,0.014371088019696398,False,575
BSIM,700.0,669.072,-0.044182826450892866,-0.04317783900669647,0.0,-0.055822945731026793,-0.00948911830357142,0.0125038231349602,False,576
FORU,2910.0,2780.7507,-0.04441555586877151,-0.05453195473582473,0.2,-0.10484603200171824,0.01684293451997416,0.06446086530694278,False,577
TMPO,108.0,103.09109,-0.045452880859375024,-0.04547232168692128,0.0,-0.06720011675799338,-0.009086933842411748,0.021455109146483145,False,578
BPII,432.0,412.3605,-0.045461767691153065,-0.05223895885326246,0.0,-0.06473655700683593,0.014871060406720194,0.023573455012034127,False,579
MIDI,288.0,274.86032,-0.04562386406792531,-0.053893619113498215,0.0,-0.07434789869520397,0.0025181028578016517,0.03068541360298538,False,580
TUGU,1200.0,1145.2017,-0.04566526285807291,-0.05837025960286457,0.0,-0.0713410237630208,0.0005140380859375071,0.028717037828323397,False,581
PALM,298.0,284.31992,-0.04590634339607802,-0.037423357867554574,0.0,-0.06570733601614931,-0.0020471969706899575,0.01829829057154365,False,582
ANDI,17.0,16.217602,-0.04602349225212545,-0.046908434699563406,0.0,-0.05404506010167738,0.05150826398064105,0.008176734001627786,False,583
SCMA,198.0,188.87894,-0.0460659759213226,-0.03879531706222383,0.0,-0.08384504221906564,-0.011493798458214965,0.03721624002942537,False,584
BBTN,1205.0,1148.8969,-0.04655856943724068,-0.02702474633687757,0.0,-0.09248924160399381,0.014807179557831951,0.04196041514306387,False,585
BYAN,12075.0,11509.417,-0.046839140139751524,-0.06554299301242239,0.2,-0.0786624288302277,-0.00053810817805382,0.03811504839555407,False,586
GRPH,59.0,56.236195,-0.04684422379833157,-0.051591064970372136,0.0,-0.08989219018968489,0.00265389135328391,0.04366454759883807,False,587
RUNS,64.0,60.99231,-0.046995151042938235,-0.03293973207473755,0.0,-0.08687281608581543,0.0176483154296875,0.04035972341095733,False,588
KING,264.0,251.57095,-0.047079722086588505,-0.04717219959605823,0.0,-0.04776384758226795,0.006396946762547362,0.0008413973416793466,False,589
PNLF,228.0,217.25847,-0.04711193954735473,-0.05881988793088677,0.2,-0.07700484426398027,0.015591658207408154,0.03433099838736432,False,590
GSMF,88.0,83.83949,-0.047278542952104055,-0.04987482591108838,0.0,-0.0741512471979315,-0.01179473183371802,0.03122348713583607,False,591
NASA,30.0,28.572601,-0.0475799560546875,-0.03376757303873701,0.4,-0.1242913818359375,0.026280530293782568,0.0718511246887859,False,592
PTSN,266.0,253.27573,-0.04783560387173991,-0.030249574130639112,0.0,-0.0928605732164885,0.008214161808329457,0.04679321478242769,False,593
BTPS,990.0,942.6284,-0.04785010752051768,-0.052309163411458304,0.0,-0.0631002900094697,-0.0029820544310290354,0.018431433478746363,False,594
LPKR,61.0,58.078205,-0.04789831442911117,-0.036074278784579916,0.0,-0.07390599485303535,0.007746261846823766,0.02788962020156423,False,595
CTRA,575.0,547.37195,-0.0480488068953804,-0.040502823539402155,0.2,-0.08809778362771736,-0.00219962211277176,0.03925709047063505,False,596
ESIP,126.0,119.93909,-0.04810242425827753,-0.06690125238327749,0.2,-0.12182668050130212,0.02351274036225821,0.09961967417463659,False,597
FIRE,105.0,99.93168,-0.048269711449032734,-0.029500470842633963,0.2,-0.1146415637788318,0.008328072684151788,0.06150390773048184,False,598
DSSA,840.0,799.4318,-0.04829540434337796,-0.03567882719494042,0.0,-0.07630722772507441,-0.03348842075892857,0.02608710599450684,False,599
MDRN,26.0,24.738102,-0.04853456937349761,-0.04742262913630557,0.0,-0.05052620814396787,-0.04816323793851411,0.001819377422665739,False,600
AISA,121.0,115.115906,-0.048628915834032796,-0.05144191773469786,0.2,-0.07744115403861052,-0.012807496126033047,0.03294554740071473,False,601
SDMU,78.0,74.20299,-0.04867962568234174,-0.03778398953951323,0.0,-0.08152919671474357,-0.002153719388521602,0.03486498059569027,False,602
OMRE,1080.0,1027.0793,-0.04900062843605324,-0.030888762297453742,0.0,-0.09569268120659721,0.004520760995370377,0.04225734802677205,False,603
GDST,97.0,92.23462,-0.049127621994805096,-0.060419062978213645,0.2,-0.0852744977498792,-0.004475685984817979,0.04633431364492978,False,604
RCCC,95.0,90.3196,-0.049267321134868425,-0.04470833226254112,0.2,-0.09883108038651314,0.0023013626901727145,0.05015141559967927,False,605
PTBA,2350.0,2233.4692,-0.049587578956116984,-0.03602414394946807,0.0,-0.08583047290558506,-0.009472843251329799,0.03277891023600825,False,606
BGTG,112.0,106.43209,-0.049713420867919925,-0.05443205152239117,0.0,-0.07475937434605189,-0.005285222189767058,0.025585709576225395,False,607
TOTL,1140.0,1083.318,-0.049721101459703945,-0.053200490851151305,0.0,-0.07347973204495613,-0.013102192125822375,0.02412548218324022,False,608
KBAG,42.0,39.91148,-0.049726667858305415,-0.061119897024972114,0.2,-0.09153111775716147,0.011037572224934867,0.052823122660339866,False,609
KINO,1255.0,1192.5369,-0.04977140267056772,-0.04645470850971112,0.0,-0.059796361429282865,-0.010336252645667354,0.009528014703757276,False,610
NPGF,61.0,57.961365,-0.04981365516537526,-0.06495278780577618,0.2,-0.0931167227322938,-0.01158014516361423,0.046476730325537806,False,611
AGRS,62.0,58.907978,-0.04987129703644784,-0.03729986375378025,0.0,-0.07260440703361268,-0.010090858705582129,0.021326065565017056,False,612
SAME,296.0,281.22858,-0.04990343660921663,-0.05899522111222555,0.0,-0.06571651149440452,-0.0011098294644742435,0.01852642411557042,False,613
PKPK,3920.0,3723.6636,-0.05008577307876276,-0.06482070611447699,0.2,-0.12589146205357143,0.014195295061383928,0.08523358496567558,False,614
RATU,5000.0,4748.0166,-0.05039673828125002,-0.001558691406249979,0.2,-0.14137974609375,0.03670933593750001,0.08423643137590668,False,615
UVCR,147.0,139.58263,-0.050458282678305696,-0.0630889684975553,0.0,-0.08986791493941323,0.021768188476562544,0.041839463254535976,False,616
CNKO,37.0,35.129673,-0.050549419506176085,-0.05789689759950378,0.0,-0.05799840978673987,-0.02180101549303206,0.016240179128806882,False,617
BULL,454.0,430.9581,-0.05075311198633674,-0.025788496244321335,0.2,-0.24561197558163547,0.074540488625413,0.2022281692701362,False,618
FWCT,88.0,83.52195,-0.050886917114257815,-0.05936388535933057,0.0,-0.07146497206254439,-0.004841579090465143,0.023918431080029726,False,619
SMDR,290.0,275.23715,-0.05090630893049568,-0.055157575936153,0.0,-0.0633040224272629,0.0033387493265085943,0.016806057888427973,False,620
PAMG,56.0,53.148937,-0.05091186250959125,-0.07546928950718468,0.2,-0.09640092849731444,0.01863617215837752,0.0546366849969003,False,621
GEMS,6425.0,6096.1016,-0.05119040308852139,-0.058596105909533125,0.0,-0.06167856274319063,0.002656888375486344,0.012859773898515149,False,622
WEHA,103.0,97.71584,-0.05130249319724667,-0.04388635135391383,0.0,-0.0786947157776472,0.00493623307607709,0.026083567261438685,False,623
ACRO,60.0,56.886433,-0.05189277648925781,-0.051947720845540335,0.0,-0.06745211283365886,0.003658981323242183,0.01566147269295427,False,624
CGAS,152.0,144.02916,-0.052439739829615514,-0.059397647255345354,0.2,-0.09148639879728619,0.00640547902960531,0.04195553138925783,False,625
GMTD,1330.0,1260.221,-0.05246552660949246,-0.06263886645324246,0.0,-0.07810926853265976,0.00333163842222739,0.027878479208053,False,626
PPRE,103.0,97.5807,-0.052614512026888646,-0.053956263273665095,0.0,-0.055763259443264525,0.022402820772337684,0.0037703319195709914,False,627
BUMI,162.0,153.46983,-0.052655330705054015,-0.02412216751663776,0.2,-0.13416763117283953,0.030767445505401246,0.07606547288068519,False,628
PTMP,62.0,58.726936,-0.05279141087685864,-0.06411435527186238,0.0,-0.08731000346522182,0.0010353949762159642,0.03721688956978588,False,629
PEVE,332.0,314.46573,-0.05281412515295556,-0.04994707222444461,0.0,-0.08025867508118412,-0.014639098385730432,0.0265749266706437,False,630
ECII,163.0,154.35446,-0.05304007500958592,-0.1289541794478528,0.2,-0.1490768713453796,0.060220673917992684,0.18770923602065145,False,631
BIPP,61.0,57.76355,-0.05305661060771003,-0.053578861424180335,0.0,-0.06569291411853224,0.015738665471311485,0.015047133931722703,False,632
EMDE,69.0,65.332886,-0.05314653921818389,-0.04354913683905115,0.0,-0.0747125597967618,-0.015644283571105054,0.02186588106695501,False,633
ANTM,2860.0,2707.9688,-0.05315777972027973,-0.06116542149256998,0.0,-0.06364880968640736,0.010073771443400381,0.014191642129242553,False,634
SULI,88.0,83.32106,-0.05316977067427198,-0.052996808832341924,0.0,-0.08022424524480642,-0.007714496959339523,0.029478646249578053,False,635
WIRG,56.0,53.007008,-0.05344627925327845,-0.06541865212576725,0.2,-0.07876453399658201,0.01980246135166719,0.037037728486612104,False,636
KUAS,90.0,85.177055,-0.05358825683593751,-0.03233735826280382,0.0,-0.10408145480685763,0.011759236653645843,0.045243029656112974,False,637
BRRC,57.0,53.938732,-0.05370641340289199,-0.038262350517406785,0.2,-0.1104867232473273,-0.004825257418448481,0.05513259089052335,False,638
OPMS,105.0,99.317276,-0.05412121000744048,-0.043331255231584875,0.0,-0.08623676118396577,-0.01256190708705358,0.03407576107297373,False,639
MORA,6225.0,5887.2793,-0.054252306099397594,-0.046926455823293134,0.0,-0.08247317394578316,0.008076132655622459,0.026801646182910435,False,640
VICI,570.0,539.0539,-0.05429134971217105,-0.05724423057154604,0.0,-0.08421684398985747,-0.006670243112664465,0.032836172293036474,False,641
FISH,620.0,586.2982,-0.054357713268649174,-0.05532925513482867,0.0,-0.059842096144153215,0.003630410471270151,0.005958498781426139,False,642
RISE,1015.0,959.8195,-0.05436504194889165,-0.05596953894704437,0.0,-0.05768294912253698,-0.05238247575431036,0.003705007869733467,False,643
TOOL,65.0,61.452873,-0.05457114586463341,-0.04009364201472354,0.0,-0.09066351083608774,0.016737130972055293,0.032757971974130023,False,644
JIHD,420.0,397.05933,-0.05462063743954613,-0.05089859735398061,0.2,-0.1096650913783482,0.008267458961123486,0.05900569166566643,False,645
EPAC,61.0,57.659557,-0.05476134253329919,-0.11603058361616292,0.4,-0.12729761092389216,0.019774502613505395,0.09287457193608811,False,646
BAUT,29.0,27.398071,-0.055238907912681864,-0.056686269825902524,0.0,-0.06801306625892375,0.019394328676421012,0.013605159582305132,False,647
AGAR,630.0,595.121,-0.05536359514508928,-0.07093408978174598,0.4,-0.12350287543402776,0.030998457651289703,0.07199852405670444,False,648
NOBU,446.0,421.29767,-0.055386420964125535,-0.04954610918669422,0.0,-0.06721967346465105,-0.012210493558190882,0.01059888428811716,False,649
SRSN,66.0,62.342224,-0.055420858209783375,-0.056561614527846804,0.0,-0.08404791860869436,-0.019421201763731057,0.031462943769523015,False,650
ISEA,78.0,73.67342,-0.055468867375300476,-0.046458513308794025,0.2,-0.1276844904972957,0.016138262626452304,0.07032178569876178,False,651
ACES,352.0,332.33,-0.05588075464422051,-0.04810966144908557,0.0,-0.07054914994673293,-0.006426048278808594,0.013619402137146545,False,652
MOLI,266.0,250.98892,-0.05643262361225328,-0.07791200795568021,0.2,-0.09109195336363371,-0.007668172506461457,0.043447804391860155,False,653
MSKY,58.0,54.725475,-0.05645729591106548,-0.04361856394800645,0.0,-0.08784269135573815,-0.01386466190732758,0.028580996353505604,False,654
TIRA,498.0,469.6939,-0.056839565292419666,-0.008557055369917133,0.0,-0.1330044053165788,-0.013980862414501739,0.06821775581067953,False,655
BISI,645.0,608.3119,-0.05688071554021319,-0.029930883599806224,0.0,-0.12183923055959303,-0.004636287245639514,0.058663667929682355,False,656
MIRA,22.0,20.747389,-0.05693683624267578,-0.0633511976762251,0.2,-0.16617846055464314,0.0340563860806552,0.11712124906255561,False,657
ENZO,67.0,63.178497,-0.05703737628993703,-0.07298660278320312,0.0,-0.07950005602480761,-0.0007186206419076635,0.027841562421080646,False,658
WOOD,236.0,222.44315,-0.057444297661215574,-0.049980034262447015,0.0,-0.08579770104359774,0.0002811625852423338,0.02829655349509101,False,659
SMGR,1455.0,1371.1875,-0.05760305922465638,-0.032119845360824795,0.2,-0.13821309197809278,0.05224379496885734,0.07998499732890027,False,660
MAPI,1560.0,1470.1161,-0.057617891751802874,-0.030877842047275617,0.0,-0.10649966508914262,-0.0215757555839343,0.043355707053264726,False,661
JECC,615.0,579.54407,-0.057651962652439014,-0.03496421255716464,0.0,-0.10490690898119917,-0.018850931307164663,0.044596029269773615,False,662
ELSA,690.0,650.00964,-0.05795703832653987,-0.09424491550611414,0.2,-0.12263627646625905,0.013114049054574296,0.08272812345291818,False,663
PPRO,16.0,15.072673,-0.05795794725418091,-0.009445905685424805,0.4,-0.17658385038375854,0.019041335582733153,0.10619368261426401,False,664
ADHI,159.0,149.77261,-0.058033953972582555,-0.06507307328518086,0.0,-0.08197413030660376,-0.012068896023732335,0.025322082971562725,False,665
DGWG,280.0,263.65244,-0.05838413783482146,-0.06332114083426343,0.0,-0.07891424996512279,-0.014340776715959814,0.02226951570236401,False,666
PDPP,290.0,272.9948,-0.05863851613011854,-0.058561969625538834,0.0,-0.06993982775457974,-0.019338736698545266,0.011127563959827363,False,667
TAXI,13.0,12.236987,-0.058693313598632814,-0.07004752525916469,0.2,-0.12145657172569857,0.011716197087214542,0.07013050539471809,False,668
BMSR,312.0,293.669,-0.058753184783153035,-0.06397306002103365,0.0,-0.10544554881560494,-0.0049858093261718524,0.04676451396266283,False,669
BBRI,2990.0,2814.324,-0.05875452354201505,-0.06803815452550166,0.0,-0.09398380343331943,-0.0038824238346572004,0.03792706094694849,False,670
SGRO,3260.0,3067.7534,-0.0589712842695552,-0.0592015553105828,0.0,-0.059470993697277576,-0.03772775474501537,0.0007950786537579098,False,671
PACK,226.0,212.66745,-0.05899358428685013,-0.06016277211957277,0.0,-0.0868340281258642,0.02290895175089882,0.03247997401390089,False,672
KRYA,59.0,55.50481,-0.05924055455094679,-0.04126881744902011,0.0,-0.1034575122897908,-0.004667676505395924,0.04014781359673185,False,673
OBAT,248.0,233.10196,-0.06007280657368323,-0.057060303226594056,0.0,-0.08066886163526969,-0.01205147773988786,0.020714002429927266,False,674
STAR,270.0,253.75073,-0.060182449905960646,-0.08931715223524306,0.2,-0.08998232241030091,0.006386040581597285,0.06059670149438902,False,675
KETR,555.0,521.4592,-0.06043380049971847,-0.04204068570523645,0.0,-0.11012974644566442,0.010710669165259024,0.04718818986684342,False,676
AEGS,44.0,41.33261,-0.06062249270352449,-0.0548978285356001,0.0,-0.08821251609108664,-0.014584506641734718,0.02903360851690146,False,677
FORE,630.0,591.79285,-0.06064625573536706,-0.08486705961681551,0.2,-0.1094844951326885,0.0031896391369048206,0.05741896537681307,False,678
LPLI,242.0,227.26022,-0.06090814259426651,-0.07172463156960229,0.0,-0.08033058860085225,-0.008075064667000253,0.02236589020443697,False,679
HATM,580.0,544.575,-0.06107758620689656,-0.0824652310075431,0.2,-0.10394463900862068,0.03954833984374999,0.05339526889885132,False,680
CSRA,795.0,746.2743,-0.06129013733294027,-0.06271227950569969,0.0,-0.09610580348368711,-0.016231420744889924,0.03635883154034712,False,681
UNTR,24250.0,22759.814,-0.06145095038659794,-0.0620428479381443,0.0,-0.09129569909793815,-0.00414262242268042,0.030813038558816154,False,682
MAIN,715.0,670.9893,-0.06155340021306819,-0.0665537587412588,0.0,-0.09222157725087413,0.00858280635380244,0.03515394079281475,False,683
BBKP,52.0,48.792458,-0.06168349339411809,-0.06430090390718901,0.0,-0.07963022085336538,0.0004870781531700841,0.018050312048300224,False,684
HEAL,795.0,745.96155,-0.06168355689858489,-0.05331639703714619,0.0,-0.10536051432291668,0.017120415069772,0.04085156680651097,False,685
SIMP,595.0,558.28705,-0.061702398732930666,-0.06810733570772054,0.2,-0.12384420955882351,0.0005787158613445476,0.06745921048517922,False,686
LAJU,64.0,60.033882,-0.061970627307891844,-0.06871873140335083,0.2,-0.12718911170959474,0.011327385902404785,0.06569081313946623,False,687
ICON,105.0,98.44933,-0.06238730294363841,-0.07674800327845988,0.0,-0.12010835193452381,-0.0020027523949032846,0.05993732020289144,False,688
SGER,462.0,433.1635,-0.062416572075385555,-0.061457580302184844,0.0,-0.0878776253043831,-0.007717116054518414,0.025978665817683343,False,689
SCNP,156.0,146.21475,-0.06272588876577526,-0.07922030717898643,0.0,-0.1041150410970052,-0.013710569724058508,0.04543227213191724,False,690
ISAP,24.0,22.493933,-0.06275275548299153,-0.08126918474833167,0.0,-0.08695155779520672,0.017293039957682343,0.03485228544621231,False,691
NIKL,186.0,174.29851,-0.06291124897618447,-0.028776107295866882,0.0,-0.119500732421875,0.004595061271421374,0.05002880568124274,False,692
ERAA,410.0,384.15894,-0.06302695669778961,-0.04073702184165395,0.0,-0.11162031964557925,-0.010860476610137204,0.0440411481777817,False,693
BMTR,115.0,107.75069,-0.0630375206988791,-0.06047495966372285,0.0,-0.07362726626188862,-0.015729210895040778,0.010000589380721299,False,694
BEKS,22.0,20.61245,-0.0630704879760742,-0.07024522261186084,0.0,-0.07494376789439805,0.008258438110351585,0.019299639088080838,False,695
TLDN,520.0,487.1508,-0.06317157451923076,-0.04772614699143629,0.2,-0.13440511850210335,0.016976224459134624,0.07216828812210335,False,696
MPIX,96.0,89.93008,-0.06322835286458335,-0.049520572026570675,0.0,-0.10832777023315429,-0.013039334615071629,0.04417759914619768,False,697
KDTN,326.0,305.24692,-0.06365970541363117,-0.01868611903278372,0.4,-0.33663992852521096,0.18749548789182324,0.25895488425419433,False,698
GTRA,242.0,226.56734,-0.0637713597825736,-0.08438230151972492,0.0,-0.10336887580304106,0.0028062930777053687,0.04523569010043768,False,699
SKRN,398.0,372.58423,-0.06385873765801667,-0.07086503685419288,0.0,-0.08485963140899815,-0.010399102445822872,0.024768962815594445,False,700
MTWI,258.0,241.49521,-0.06397202366082244,-0.07893111354620885,0.0,-0.09748546984768654,0.00033303194267806366,0.03683741182654912,False,701
ROCK,1775.0,1661.3262,-0.06404163457306337,-0.020827739876760565,0.0,-0.1330584286971831,-0.011374917473591562,0.061905395764307286,False,702
KOBX,161.0,150.55994,-0.06484513371627523,-0.07125627031977877,0.0,-0.08307896963557837,-0.024336403793429717,0.01965689833756949,False,703
PSAB,426.0,398.25824,-0.06512145996093752,-0.04115259591402587,0.2,-0.13370996036439992,0.025578616146750256,0.06307852295028513,False,704
NICK,1235.0,1154.4758,-0.06520173725328948,-0.08991728871457494,0.2,-0.10069586997090078,-0.005247639644483803,0.06580886664095925,False,705
BLTA,32.0,29.907497,-0.06539071798324585,-0.024167656898498535,0.0,-0.1427413582801819,0.005367958545684814,0.07042574463143243,False,706
BUKA,117.0,109.33047,-0.06555157522869928,-0.09658976497813165,0.2,-0.10090625469501205,0.00294979780148239,0.048844888816791,False,707
WOWS,58.0,54.178505,-0.06588787210398708,-0.06918038993046205,0.0,-0.0892474338926118,-0.00637722673087282,0.025559243246517458,False,708
BHIT,25.0,23.34617,-0.0661531982421875,-0.06901000976562499,0.0,-0.13403022766113282,-0.0011212158203125044,0.06847997760966583,False,709
CPIN,3280.0,3062.4136,-0.06633736959317835,-0.04060862471417681,0.0,-0.11234878167873474,-0.008225841987423755,0.04203764590381259,False,710
IATA,57.0,53.21404,-0.06642039784213952,-0.05978701407449283,0.2,-0.12934366861979166,0.036005575615063054,0.0685686310960038,False,711
MPOW,105.0,97.9704,-0.06694857642764136,-0.07075137183779767,0.0,-0.07841815766834075,-0.00866915748232886,0.012902013291901812,False,712
SLIS,62.0,57.83916,-0.06711036928238408,-0.05608072588520663,0.0,-0.09827351723947834,-0.012089390908518127,0.028747560815898826,False,713
PGLI,202.0,188.42996,-0.06717840515741028,-0.0768190893796411,0.0,-0.12811046638111073,-0.007492987000116025,0.06137262100054736,False,714
SQMI,66.0,61.558136,-0.067300981463808,-0.05485106959487451,0.0,-0.10263245322487569,-0.011669644442471584,0.03683256843103372,False,715
ABMM,2500.0,2331.6968,-0.06732126953125002,-0.07329472656250002,0.0,-0.092205078125,-0.018147050781249986,0.03346281557218613,False,716
MDKA,2690.0,2508.566,-0.06744765044144982,-0.07061236640334567,0.0,-0.10792259017774167,0.012805620498373572,0.042268637252569026,False,717
DSFI,80.0,74.60296,-0.06746301651000977,-0.034453964233398415,0.0,-0.13114166259765622,0.007130661010742223,0.05673566825903354,False,718
KIOS,95.0,88.57081,-0.0676757170024671,-0.07132945813630753,0.0,-0.11866943359375001,0.0039027806332236903,0.05059656653427567,False,719
RUIS,206.0,191.98573,-0.0680304518023741,-0.05333613423467842,0.0,-0.10856296576342536,-0.0200959288958207,0.042518072509926605,False,720
PSDN,119.0,110.87463,-0.06828041397222953,-0.07866027575581014,0.0,-0.08383100493615414,-0.014369483755416223,0.02504813370308948,False,721
ERTX,173.0,161.17017,-0.06838057854272037,-0.05710932560738802,0.0,-0.1062962350128703,-0.00709810642837787,0.036231242238810905,False,722
INPC,137.0,127.62113,-0.06845889126297329,-0.07120814636675976,0.0,-0.09548707391223768,0.006617012859260885,0.03463374757274883,False,723
TOWR,404.0,376.28653,-0.06859768404818997,-0.08826620271890473,0.2,-0.09426026297087715,-0.0066927314984916554,0.045183300873000244,False,724
CUAN,650.0,605.27966,-0.06880057466947116,0.005291278545673128,0.6,-0.21459833233173078,0.08445496544471154,0.12989253132603587,False,725
BBRM,116.0,107.983536,-0.06910748975030305,-0.04086875915527344,0.0,-0.11836795149178339,-0.018518434721848064,0.04393675596185727,False,726
JAST,82.0,76.32792,-0.06917171943478466,-0.06240677252048399,0.0,-0.10087365871522483,-0.008904191924304517,0.029794574854939023,False,727
FPNI,326.0,303.44226,-0.06919550047330328,-0.10065324467384007,0.2,-0.12518860986627683,-0.013996222560391125,0.06524982656269461,False,728
ARTA,2460.0,2288.8938,-0.0695553663300305,-0.08894836922002036,0.0,-0.09684248761432926,-0.004248046874999978,0.03366692488735928,False,729
FUTR,282.0,262.36948,-0.06961176446143616,-0.04603511729138965,0.2,-0.1640965238530585,0.026215595218306742,0.09896866770178145,False,730
NELY,200.0,185.98553,-0.07007234191894532,-0.07466674804687501,0.0,-0.08369494628906253,-0.0035028533935546726,0.015183087292379879,False,731
DIVA,123.0,114.374954,-0.07012232338509909,-0.05272686966066442,0.0,-0.11393787415047003,0.006259837577013494,0.0420800388834997,False,732
BAPA,166.0,154.33377,-0.07027854459831513,-0.10708121793815883,0.4,-0.13539163980139307,0.020518585572759762,0.07703346835861401,False,733
INDR,1980.0,1840.5931,-0.07040745590672348,-0.06661543412642046,0.0,-0.08336597172900881,0.0030039777659406353,0.011974964571668937,False,734
ESTA,177.0,164.52719,-0.07046779481704628,-0.06659021754722816,0.0,-0.09090369273040252,-0.0017347777630650097,0.02167411931735855,False,735
BOBA,234.0,217.39104,-0.07097844832982772,-0.04182753603682554,0.0,-0.1182061480660724,0.016877903082431978,0.042307727288323216,False,736
MLPT,1590.0,1476.1875,-0.07158018867924525,-0.06543229780856918,0.2,-0.19071990774862418,0.08455111905463837,0.12093990328183792,False,737
TLKM,2670.0,2477.1409,-0.0722318842169944,-0.07772907157069286,0.0,-0.08323373858848318,-0.02160190996605804,0.012788554390130694,False,738
MEDS,75.0,69.58113,-0.07225154622395832,-0.07671447753906246,0.0,-0.10368062337239584,0.019494649251302044,0.031914817597904044,False,739
DMMX,179.0,166.04852,-0.07235462039542599,-0.05778162439442214,0.0,-0.10258557197101958,-0.01368899212203214,0.033150889699307344,False,740
NCKL,885.0,820.94775,-0.07237541931497175,-0.07213665805967517,0.0,-0.11541066660045904,0.013526659604519754,0.045880215637280695,False,741
NASI,128.0,118.69507,-0.07269475460052491,-0.07072675228118896,0.0,-0.09002764225006103,-0.01633816957473755,0.017975226278640594,False,742
INKP,8225.0,7626.6064,-0.07275305138677812,-0.06099757788753801,0.0,-0.12317211246200607,5.28590425531883e-05,0.046816627641688424,False,743
TRON,110.0,101.98797,-0.072836650501598,-0.07174294211647725,0.0,-0.09186512340198864,-0.02769840587269177,0.01938532423172689,False,744
NETV,50.0,46.318054,-0.07363888549804687,-0.06402984619140628,0.0,-0.09573782348632813,-0.028538833618164026,0.021766624088340198,False,745
NSSS,1085.0,1004.6476,-0.07405753843245966,-0.11949654152865785,0.2,-0.16864833849366356,-0.01658479892713134,0.12017821222800831,False,746
EMAS,6300.0,5833.004,-0.07412637958829364,-0.10070661272321424,0.2,-0.1322091393849206,0.0030401320684523723,0.07514557129310925,False,747
OBMD,186.0,172.20267,-0.07417915918493785,-0.09174420756678425,0.2,-0.12921344387915826,0.002229325489331302,0.058957901596986745,False,748
PTPS,144.0,133.31416,-0.07420722113715277,-0.10267353057861328,0.2,-0.16995014614529075,0.04364429050021703,0.11877265065064399,False,749
PGAS,1500.0,1388.534,-0.07431059570312501,-0.06796923828125001,0.0,-0.11863349609375004,0.012586523437499997,0.046282765139296314,False,750
UANG,2220.0,2054.3962,-0.07459629918003943,-0.08209234014287725,0.0,-0.08703310854800114,-0.0012655942074887294,0.014973344550972484,False,751
ASLC,63.0,58.298138,-0.07463275969974577,-0.07121385846819195,0.0,-0.09404752216641865,-0.007548377627418179,0.019809672175387972,False,752
ASRI,117.0,108.10709,-0.07600778432992786,-0.07303795447716344,0.0,-0.09833109276926413,0.0010963896400908002,0.02399248468345188,False,753
RONY,1300.0,1201.0583,-0.07610894305889422,-0.0639207106370192,0.2,-0.16705632136418266,0.03658882962740386,0.0890476853259051,False,754
BBYB,244.0,225.3978,-0.07623853839811731,-0.10345934258132683,0.2,-0.12987918541079663,0.011051528180231807,0.06965824329693888,False,755
AKSI,228.0,210.58694,-0.07637303670247395,-0.0774241664953399,0.2,-0.13916256553248355,0.03658737718013292,0.06419864279885701,False,756
PJHB,165.0,152.34146,-0.076718398585464,-0.0805379231770833,0.2,-0.14691650390625002,-0.008662368312026469,0.07517764433731476,False,757
SKBM,540.0,498.41147,-0.07701579906322335,-0.060774852611400476,0.0,-0.1124938286675347,0.008537394205729165,0.032290926445126794,False,758
CITY,167.0,154.11385,-0.07716265467112651,-0.05833371099597684,0.0,-0.13762484796032934,-0.009679408273297163,0.06105648904701901,False,759
PICO,126.0,116.239845,-0.07746155753968256,-0.036274501255580405,0.0,-0.17951132153707838,0.0056179349384610335,0.10607290312215092,False,760
APLN,123.0,113.46702,-0.07750396728515625,-0.06849992953664885,0.0,-0.11475842483644567,0.003693842694042182,0.035482834704195054,False,761
CTBN,4250.0,3918.914,-0.07790260799632354,-0.08783002068014711,0.0,-0.11412705652573527,-0.008315073529411743,0.03985377482066681,False,762
SMKM,70.0,64.53602,-0.07805692400251112,-0.10521556309291291,0.2,-0.18078224182128905,0.04320406232561382,0.11716475726359343,False,763
MTFN,13.0,11.984351,-0.07812683398907005,-0.07812683398907005,0.0,-0.07812683398907005,-0.07812683398907005,0.0,False,764
HERO,354.0,326.29776,-0.07825489798508123,-0.0703806904076183,0.0,-0.11745189946923555,-0.00403749282750705,0.03689741260143426,False,765
TOBA,454.0,418.16895,-0.0789229876144342,-0.12934418396802727,0.2,-0.15705766719868527,0.03314741361508813,0.0986742237441604,False,766
LAPD,62.0,57.090553,-0.07918463676206526,-0.10355371044528094,0.2,-0.1275706137380292,0.016683578491210983,0.056948156787217215,False,767
ASII,4950.0,4557.5615,-0.07928053977272727,-0.06812046243686865,0.0,-0.11332031249999999,-0.006430733112373743,0.03109133680356209,False,768
PYFA,202.0,185.98271,-0.07929347576481283,-0.07912754776454212,0.0,-0.12442231131072094,0.005475518254950495,0.0508380893552391,False,769
BUKK,1020.0,938.96155,-0.07944953469669118,-0.09772673962162992,0.0,-0.1507231828278186,-0.0008072318282781987,0.07480551414076612,False,770
POLA,57.0,52.45394,-0.07975534807171736,-0.0802863940858004,0.2,-0.14043798613966557,-0.004707443505002717,0.06611565606761942,False,771
IKAN,84.0,77.28294,-0.07996501014346165,-0.07782509213402156,0.0,-0.12244978405180429,-0.006364568074544286,0.04065723451589566,False,772
ZONE,755.0,694.2711,-0.08043566975372515,-0.0618419520902318,0.0,-0.13722963446812914,-0.003600653844163926,0.05355848506665059,False,773
CBDK,3710.0,3411.019,-0.08058784587685308,-0.08150953925202153,0.2,-0.14258044137466303,0.011991121441206199,0.0662310917661666,False,774
RODA,58.0,53.32142,-0.08066524637156518,-0.07513138343547954,0.0,-0.09747464410189921,-0.0070840769800646795,0.016469467670469043,False,775
DEFI,104.0,95.53005,-0.08144176189716046,-0.0997051825890174,0.0,-0.11877479553222661,-0.007171264061561012,0.04864946927594375,False,776
SOLA,102.0,93.656815,-0.08179592057770373,-0.0995685352998621,0.2,-0.15454384298885568,-0.025596454096775446,0.07918231222161201,False,777
KONI,2450.0,2249.1172,-0.08199298469387753,-0.09858139349489792,0.2,-0.1654939811862245,0.018037248883928547,0.09135970024750009,False,778
JPFA,2180.0,2001.0795,-0.08207362743692663,-0.0977395153920585,0.0,-0.11843785837155967,-0.0008887614678898981,0.04093158252516094,False,779
BCIC,125.0,114.68962,-0.08248299560546875,-0.08596435546875003,0.0,-0.10904423828125001,-0.008405285644531269,0.02717677527175613,False,780
DATA,2070.0,1896.8186,-0.08366249858469202,-0.10518934461805551,0.2,-0.12726630906551933,0.010504250641606271,0.07113451669424763,False,781
IMPC,1525.0,1396.9124,-0.08399185130635248,-0.08995061155225414,0.0,-0.09973549564549178,0.01890618596311473,0.02090211236961687,False,782
POLI,720.0,658.98395,-0.08474451700846353,-0.08270831637912324,0.0,-0.10451773749457463,-0.010875091552734362,0.022294536796354045,False,783
PPGL,206.0,188.51729,-0.08486754778519419,-0.08663762657387741,0.2,-0.161190677383571,0.03858011486460864,0.07560851137851143,False,784
IRSX,314.0,287.29684,-0.08504186739587478,-0.13928436473676353,0.2,-0.22427705412457705,0.0796097287706509,0.20462665759565182,False,785
NIRO,147.0,134.46799,-0.08525183022427721,-0.08707453928837161,0.0,-0.10397662727200255,0.014537598486660275,0.019089285658272278,False,786
PTPP,199.0,182.00514,-0.08540132608845008,-0.10388352283880342,0.2,-0.11814385035529207,0.010629073099874375,0.057059009204525175,False,787
PLAN,39.0,35.64776,-0.08595489110702123,-0.09208053197616184,0.0,-0.09508584829477165,-0.015247521033653833,0.01335661939330485,False,788
FUJI,208.0,190.02446,-0.08642085148737977,-0.08651359264667213,0.0,-0.08651359264667213,-0.060279185955341076,0.00018237863352598573,False,789
SINI,7150.0,6529.122,-0.08683611505681817,-0.06826800152972023,0.2,-0.24123863636363635,0.04216672585227273,0.16372726440160262,False,790
ENAK,244.0,222.65173,-0.08749290841524719,-0.08708322243612321,0.0,-0.13057963887199028,-0.01158623617203509,0.042367862200985665,False,791
MINE,216.0,197.02893,-0.08782905296043113,-0.0921055829083478,0.0,-0.10996698450159141,0.00544717576768663,0.02287991131723165,False,792
TKIM,6300.0,5745.2646,-0.08805318390376989,-0.10859638516865078,0.2,-0.13918591889880955,0.008833209325396796,0.07042841619577878,False,793
TRUS,416.0,379.26416,-0.08830729264479417,-0.09935767834003151,0.0,-0.14906393197866588,-0.019266510009765626,0.061535895118383324,False,794
BTEK,11.0,10.025646,-0.08857763463800603,-0.05035686492919922,0.4,-0.24604655179110435,0.04822389429265803,0.14825397400721374,False,795
CSIS,176.0,160.37442,-0.08878173828125002,-0.09262943267822266,0.0,-0.12162739146839492,-0.00805577364834873,0.03906242486791319,False,796
SOCI,440.0,400.8273,-0.08902890292080964,-0.10864819613370025,0.2,-0.18145876797762786,0.01439035589044746,0.10488431081700116,False,797
YPAS,595.0,541.86774,-0.08929791105895483,-0.14614986131171215,0.2,-0.15350558240874473,-0.0008110187434348992,0.08454576404910429,False,798
HRTA,1865.0,1698.0094,-0.08953923529658177,-0.09086167895442354,0.0,-0.09855178137567026,-0.004607215042727919,0.009162759640283263,False,799
STRK,68.0,61.88033,-0.08999514860265397,-0.09805488586425781,0.0,-0.1343747980454389,0.0008697958553538276,0.04740915192655505,False,800
BACA,114.0,103.700485,-0.09034656725431744,-0.07241372894822506,0.0,-0.13213700411612528,-0.010028089556777675,0.03866375952092153,False,801
AGRO,144.0,130.8729,-0.09116036097208657,-0.05252011617024743,0.2,-0.22013807296752924,-0.001800558302137567,0.1300480688546038,False,802
HADE,19.0,17.25568,-0.09180625112433183,-0.12085613451505961,0.2,-0.14890853480288857,-0.0039058886076274836,0.07267101999092072,False,803
SMBR,161.0,146.18747,-0.09200333305027178,-0.10636968198029895,0.2,-0.1579424176897322,-0.00798830778702444,0.08510117164638227,False,804
MEDC,1290.0,1171.2969,-0.09201792635658916,-0.0887723700944767,0.0,-0.12862607497577522,0.006127134811046475,0.035017475669527426,False,805
WIFI,1970.0,1788.3121,-0.09222731846843275,-0.11840969027601522,0.2,-0.1822544217956853,0.026302769075190358,0.10806567102021829,False,806
BBSS,95.0,86.23741,-0.09223774157072369,-0.09756847180818251,0.0,-0.11677350495990954,-0.03389140881990134,0.03248222468227329,False,807
KRAS,218.0,197.85635,-0.09240206097244123,-0.08256894732833997,0.0,-0.13048451274906825,0.0020223215085650725,0.03980917577474258,False,808
BABY,187.0,169.72028,-0.09240495814359125,-0.09004701012596095,0.0,-0.14715905826996986,0.006096612450910799,0.05616871941184223,False,809
FAST,310.0,281.1971,-0.0929124992124496,-0.12167200888356855,0.2,-0.19790564752394152,0.04580617597026213,0.13554925646633798,False,810
ARTO,1225.0,1110.2582,-0.09366681281887757,-0.08892518335459187,0.2,-0.15479549984056123,0.018349170918367342,0.06664968903718686,False,811
ATAP,560.0,507.3441,-0.09402839660644532,-0.130126953125,0.4,-0.20866740635463168,0.006651306152343772,0.1223955742271085,False,812
EMTK,525.0,475.54266,-0.09420445033482143,-0.10310791015624998,0.0,-0.12205290876116073,-0.005540155319940477,0.03057758733099536,False,813
SHIP,1935.0,1752.6116,-0.0942576358607881,-0.03797907077680873,0.0,-0.19032256843507753,-0.0034095405361757036,0.08505297383187309,False,814
HALO,71.0,64.28633,-0.0945588017853213,-0.07213313143018263,0.0,-0.15320292728047974,-0.022864844093860026,0.05316510402736029,False,815
DFAM,78.0,70.54067,-0.09563242594401042,-0.09392303075545871,0.2,-0.16087012657752406,-0.02308954092172477,0.0693710601193784,False,816
IPTV,32.0,28.928812,-0.095974600315094,-0.07521629333496094,0.0,-0.18822503089904785,-0.011908447742462159,0.08604209986056988,False,817
TINS,3560.0,3218.231,-0.09600251272823032,-0.10834570038184688,0.0,-0.14487093464712078,-0.016593799376755626,0.05125006684676804,False,818
NICE,250.0,225.76315,-0.09694735107421874,-0.08272833251953127,0.0,-0.14934621582031252,-0.00441706542968745,0.05144776006343133,False,819
CENT,81.0,73.13105,-0.09714754834587194,-0.12594811710310572,0.0,-0.14991085853105712,-0.004465795446325238,0.0611951145647034,False,820
KLIN,119.0,107.416855,-0.09733731566357014,-0.07663938378085611,0.0,-0.13805847167968752,-0.02110517485802914,0.03657398310380917,False,821
ADMR,1490.0,1342.7051,-0.09885563587982382,-0.07903208892617453,0.0,-0.15304956218540264,-0.01597795524853185,0.053962188524363526,False,822
AHAP,91.0,81.99955,-0.09890607896741929,-0.09121536422561816,0.0,-0.16924176897321427,-0.008196317232572081,0.06715858604077507,False,823
LCKM,109.0,98.208885,-0.09900105327641198,-0.10160295678934916,0.0,-0.10160295678934916,-0.0335267793147936,0.005082792087567595,False,824
NTBK,95.0,85.572815,-0.09923351087068258,-0.07452239990234377,0.0,-0.15210054096422693,-0.012870531584087175,0.056478053009614004,False,825
KIJA,125.0,112.58154,-0.09934763183593753,-0.0860990600585938,0.0,-0.13446604003906254,0.009590173339843754,0.03755493867592549,False,826
MITI,161.0,144.91824,-0.09988665847304445,-0.06467319275281447,0.0,-0.1653628236758783,-0.021662533209190604,0.06298985194916393,False,827
TRUK,420.0,377.96722,-0.10007808140345983,-0.045637657528831865,0.2,-0.24521161760602683,0.003643391927083295,0.14510435060730914,False,828
LMAX,117.0,105.25417,-0.10039168137770435,-0.13412945087139427,0.2,-0.18876880091479703,0.024853450416499757,0.11137606164696043,False,829
PANI,6225.0,5593.6753,-0.10141762361947788,-0.09637958082329312,0.0,-0.15146531438253008,-2.925765562247218e-05,0.05527675937490157,False,830
LEAD,104.0,93.32011,-0.10269131293663611,-0.1170944067148062,0.0,-0.16448698777418871,-0.01395571782038767,0.06351842275014283,False,831
APEX,146.0,130.93706,-0.10317082862331443,-0.11101573787323415,0.0,-0.1382324323262254,0.004066780821917826,0.04076991330621213,False,832
BELL,117.0,104.90029,-0.10341632549579327,-0.08644690880408656,0.0,-0.13878296420105501,-0.032012639494023776,0.03179335386106744,False,833
LAND,77.0,69.0269,-0.10354675689300934,-0.07540180156757303,0.0,-0.1526608553799716,-0.04555729457310267,0.04354443276834879,False,834
HAJJ,105.0,94.11839,-0.10363433837890626,-0.07115892682756697,0.0,-0.19568414597284228,-0.005181986490885438,0.09091506227032387,False,835
PIPA,116.0,103.92159,-0.10412416129276673,-0.09626197814941406,0.0,-0.1773691900845232,0.004025018626245935,0.06881277057226495,False,836
RMKO,282.0,252.51665,-0.10455093924880873,-0.14640012700506977,0.2,-0.1909384220204455,0.015582145528590408,0.13971659725362306,False,837
ASPR,148.0,132.51712,-0.10461398975269214,-0.09977237598316091,0.0,-0.12850335610879432,0.0007000072582348027,0.023510773388885253,False,838
MBMA,488.0,436.577,-0.10537498349049053,-0.07082304407338624,0.0,-0.18535626520876025,0.016114506956006646,0.0721928488069575,False,839
LSIP,1435.0,1283.2826,-0.10572643319904182,-0.08649638637848434,0.0,-0.15863868208297038,-0.00790316379028746,0.05129853208040528,False,840
AREA,280.0,250.3645,-0.10584100995744979,-0.12075740269252233,0.0,-0.14734693254743308,0.012378060477120579,0.046007294813928054,False,841
INAI,181.0,161.80188,-0.10606694511287121,-0.14139148016660907,0.0,-0.14313894029480317,-0.024830770755999664,0.05229367582614561,False,842
ARCI,1055.0,940.6385,-0.1083995367113448,-0.09747140893438977,0.0,-0.16016662886922392,0.010530004998518971,0.04937273994361862,False,843
PGJO,695.0,619.0331,-0.10930484908947839,-0.09577619154676253,0.0,-0.1837056858419514,-0.014960779423336335,0.07679424764374701,False,844
KLBF,695.0,618.4499,-0.11014406053282375,-0.09602612831609714,0.0,-0.14057640020795864,0.002012070031474833,0.028183801089174912,False,845
DWGL,380.0,337.95538,-0.11064369603207239,-0.12008458187705595,0.0,-0.19846078973067435,-0.0032128424393503387,0.08796777994097393,False,846
OILS,232.0,206.02827,-0.11194707936254042,-0.10621998227875806,0.0,-0.14838935588968213,-0.008998278913826785,0.03601482517431096,False,847
BAJA,230.0,204.20065,-0.11217104704483696,-0.12592355479364814,0.2,-0.17296645454738452,0.0023377526324728005,0.07358632528903603,False,848
BKSL,68.0,60.310863,-0.11307553684010223,-0.12194852267994605,0.0,-0.13636830273796527,0.00029063505284929734,0.033485692432113266,False,849
KPIG,81.0,71.70788,-0.1147175447440442,-0.11710141028886956,0.2,-0.18956746230890725,0.019360596456645496,0.08865506682177592,False,850
BNLI,2190.0,1938.434,-0.11487037136130136,-0.06617414918664388,0.0,-0.23245378050085613,-0.01804863637985159,0.10828566121298688,False,851
BWPT,80.0,70.62311,-0.11721115112304688,-0.13030986785888676,0.0,-0.1338067626953125,-0.006931018829345659,0.021053555953084585,False,852
COIN,690.0,608.78796,-0.11769853232563407,-0.16357147659080618,0.2,-0.18299811764039858,0.08643062867980075,0.11676396284933137,False,853
ENRG,1280.0,1129.0977,-0.11789243698120118,-0.10628604888916016,0.0,-0.21171411514282226,0.01121381759643556,0.08865603792510998,False,854
TAMU,20.0,17.625105,-0.11874471664428712,-0.10963516235351567,0.0,-0.16423593521118163,0.033798465728759775,0.04358018506211062,False,855
JARR,1900.0,1672.902,-0.1195253392269737,-0.14753700657894742,0.0,-0.18353871556332235,-0.003179507606907861,0.07099132290812775,False,856
ZATA,64.0,56.31124,-0.1201367974281311,-0.1218189001083374,0.0,-0.12244641780853271,-0.030370759963989257,0.003290532219648275,False,857
FLMC,75.0,65.982124,-0.12023838297526039,-0.09369547526041666,0.0,-0.1901694132486979,0.027233784993489607,0.06680734318038352,False,858
INCO,4900.0,4304.8774,-0.12145356345663263,-0.12571827168367344,0.0,-0.17755024314413262,0.0411046516262755,0.0645704396489879,False,859
ASLI,192.0,168.43205,-0.12274969418843587,-0.10412923494974768,0.0,-0.2177415529886881,-0.0037779172261555695,0.0903658816979933,False,860
HRUM,820.0,719.0578,-0.12310024354516007,-0.12549572456173785,0.0,-0.1443785876762576,-3.422434737041513e-05,0.022783709079923362,False,861
ELTY,31.0,27.176884,-0.12332633233839466,-0.19301894403273057,0.4,-0.2743756940287928,0.06880051397508188,0.17319753935182852,False,862
MSIN,390.0,341.87543,-0.12339638734475163,-0.14642866085737183,0.2,-0.19179146008613784,0.02003012632712342,0.09326481824217604,False,863
ESTI,171.0,149.73584,-0.12435178700943439,-0.3153814126176444,0.2,-0.3375324271575749,0.029874014157300798,0.42013161825689715,False,864
CDIA,645.0,564.44525,-0.1248910640746124,-0.11917724609375002,0.0,-0.15889428900193794,0.006509489310804306,0.03217765010908823,False,865
MHKI,134.0,117.22481,-0.12518803610730525,-0.15799952265041972,0.0,-0.17557892301189362,-0.0429716651119403,0.06272391900879232,False,866
MINA,264.0,230.90437,-0.12536219972552676,-0.13569386800130212,0.0,-0.17624584544788707,0.0035412181507457506,0.052414106041361146,False,867
VTNY,63.0,55.05764,-0.1260691445971292,-0.11032074216812371,0.0,-0.1962773035443018,-0.042955610487196184,0.07109083423117868,False,868
FILM,1090.0,952.42566,-0.12621496918004588,-0.11431246416284402,0.0,-0.18758363496272934,-0.03597656249999999,0.05872209645478704,False,869
KOPI,208.0,181.70296,-0.12642809060903698,-0.13768694950984073,0.0,-0.14900022653432995,-0.014899870065542364,0.034751796476520144,False,870
JSPT,1600.0,1396.3164,-0.12730221557617188,-0.15482582092285158,0.0,-0.1719827575683594,-0.058568908691406255,0.052324662980113394,False,871
PTRO,4620.0,4031.0176,-0.1274853938379329,-0.11177085447104973,0.0,-0.1627251906622024,-0.019419304653679647,0.0355667186803242,False,872
KREN,13.0,11.339884,-0.1277012018057016,-0.12473216423621547,0.0,-0.18903295076810395,0.025891392047588592,0.05929496715366299,False,873
SMGA,70.0,60.939972,-0.1294289834158761,-0.09752355303083149,0.0,-0.24136313302176338,-0.0023985072544643105,0.10477987667957317,False,874
GZCO,155.0,134.91129,-0.1296046103200605,-0.15463749054939513,0.2,-0.20737196399319557,0.00016597624747982653,0.08855863201565642,False,875
GTSI,141.0,122.527794,-0.13100854319038122,-0.10917246933524494,0.4,-0.2912310985808677,0.024748955043495103,0.1498335469348627,False,876
NICL,488.0,424.02228,-0.13110185216684814,-0.18952266505507176,0.2,-0.19130557951379995,0.01882884541495904,0.11421768521017085,False,877
PBSA,750.0,650.71204,-0.13238396809895833,-0.1337373046875,0.0,-0.163131884765625,-0.00945891927083331,0.030482646125481384,False,878
INET,220.0,190.52486,-0.1339779385653409,-0.15837000066583806,0.0,-0.1989293878728693,0.008976690118963094,0.07736712974668362,False,879
KBLV,130.0,112.13877,-0.13739408052884614,-0.1359892038198618,0.0,-0.1966275611290565,-0.045667372483473544,0.06000254799636127,False,880
LABA,94.0,80.89091,-0.13945843311066322,-0.1195414117042054,0.0,-0.22458586997174199,-0.011838450330369033,0.08836761712737956,False,881
PSKT,216.0,185.56818,-0.14088807282624422,-0.17056161385995372,0.0,-0.18855438232421878,0.0012771747730396354,0.05693495367974437,False,882
TRIN,322.0,276.43854,-0.14149516798694683,-0.09961411375436724,0.0,-0.22927682059151785,-0.06641002204847628,0.0968436682718913,False,883
VIVA,39.0,33.43383,-0.14272224230644032,-0.13852173242813504,0.0,-0.20152429433969352,0.03460460565029044,0.06308131030583808,False,884
LOPI,63.0,53.96183,-0.14346303788442458,-0.13475775340246776,0.0,-0.16842823331318202,-0.027115401010664675,0.024674506551596507,False,885
HUMI,132.0,112.38027,-0.14863428058046285,-0.1518201539010713,0.0,-0.17869643009070196,-0.00564068880948152,0.03281137991750182,False,886
PADI,69.0,58.348267,-0.15437298097472257,-0.12036293140356091,0.0,-0.27502392755038496,0.0019071274909420622,0.11126985744619779,False,887
BUVA,815.0,688.89844,-0.15472582858032974,-0.15506179903182515,0.2,-0.28362112969708586,0.022028194497699393,0.13530127681804835,False,888
ASMI,16.0,13.516647,-0.15520952939987182,-0.16000986099243164,0.2,-0.3007584810256958,-0.002248215675354004,0.14763386597997896,False,889
GPSO,280.0,235.38599,-0.15933579581124444,-0.0936019897460938,0.0,-0.2962187194824219,-0.006358010428292427,0.12360214406804504,False,890
CASH,236.0,198.38321,-0.15939315537274895,-0.16239592988612284,0.0,-0.21277209783004503,-0.010244996668928774,0.06142000598971485,False,891
HILL,16.0,13.307856,-0.16825902462005615,-0.16825902462005615,0.0,-0.16825902462005615,-0.16825902462005615,0.0,False,892
CSMI,73.0,60.693653,-0.1685801675874893,-0.11880388651808649,0.0,-0.25754533532547624,-0.022941275818707196,0.07884473823469212,False,893
INDY,2570.0,2135.8467,-0.16893125303988327,-0.16996091850072959,0.0,-0.2511515267813716,0.006377276112597263,0.07969345041646371,False,894
WINR,21.0,17.444098,-0.1693286804925828,-0.15020497639973962,0.0,-0.27183717091878257,0.010842114403134295,0.09488445545556444,False,895
KJEN,154.0,127.7064,-0.17073764553317777,-0.14536721365792415,0.0,-0.22221099060851257,-0.05613409265295253,0.046575869204957085,False,896
SOTS,585.0,482.54816,-0.1751314186030983,-0.2088514539930556,0.0,-0.21431277544070512,-0.09120079627403846,0.08043645630379548,False,897
ARKO,4640.0,3826.812,-0.17525604248046872,-0.15522082098599133,0.0,-0.30301165350552267,-0.026356580010775833,0.13259397008643478,False,898
TIFA,320.0,261.5544,-0.18264244079589845,-0.19727497100830083,0.0,-0.2154587936401367,-0.06664302825927734,0.04717396839104674,False,899
KOKA,193.0,157.14758,-0.1857638344245871,-0.16555746602270882,0.0,-0.2975203439979356,0.009449364854881792,0.11700466380744472,False,900
EURO,1950.0,1587.2897,-0.1860053210136218,-0.2105933243189102,0.0,-0.28731570512820515,-0.026790489783653858,0.10791546594953608,False,901
PADA,141.0,113.90743,-0.19214586839608266,-0.18714266296819593,0.0,-0.23599331903119455,-0.03764949284546763,0.04652627544146586,False,902
BRMS,555.0,448.05557,-0.1926926731418919,-0.15052160314611485,0.0,-0.35647073831644144,-0.027834626618806292,0.1524212225831932,False,903
PEGE,92.0,73.960754,-0.19607872340990148,-0.18063180342964502,0.0,-0.2666164066480554,-0.04465343641198201,0.0698765495208884,False,904
WMPP,24.0,19.203741,-0.1998440901438395,-0.1837534109751383,0.0,-0.2875910441080729,0.006793816884358761,0.08513228576612188,False,905
YELO,86.0,68.33369,-0.20542225505030434,-0.1920165128486101,0.0,-0.30803800183673236,-0.040359177700308876,0.10491146903727412,False,906
BIPI,140.0,111.171974,-0.2059144592285156,-0.21191231863839288,0.0,-0.26275566101074216,-0.0221147046770368,0.057126272153901224,False,907
RMKE,410.0,324.37946,-0.20883059617949695,-0.2124184957364711,0.0,-0.28920369962366616,-0.015341915967987818,0.08063257755030105,False,908
COCO,105.0,82.57633,-0.21355878557477678,-0.1444988432384673,0.2,-0.4832550339471726,0.01615147181919645,0.24879971620961616,False,909
SSTM,400.0,313.97632,-0.21505923461914062,-0.2640428924560547,0.0,-0.27261109924316407,0.025516494750976594,0.08780898625424534,False,910
GRPM,212.0,163.52379,-0.2286613752257149,-0.33015816166715806,0.2,-0.46676700520065595,0.013194418853183976,0.27425718944255667,False,911
ALKA,1715.0,1263.8636,-0.26305325966882287,-0.09679115228680757,0.0,-0.5588036184060677,-0.02985418469843293,0.2668449443955968,False,912
TRUE,50.0,36.310066,-0.27379867553710935,-0.27379867553710935,0.0,-0.27379867553710935,-0.2536967468261718,0.0,False,913
IFSH,1165.0,844.4793,-0.27512505658194747,-0.23680587572089595,0.0,-0.41803218464994635,-0.026206285206545065,0.13462753252830303,False,914
TCPI,5350.0,3273.416,-0.3881465573890187,-0.4086389274240654,0.0,-0.6435297897196262,0.013125292056074756,0.259262684190355,False,915
LUCY,256.0,23.278223,-0.9090694427490235,-0.9627842903137207,0.0,-1.4473691940307618,-0.12777261734008788,0.553753266037553,False,916
