horizon_day,date,ticker,previous_expected_close,expected_close,expected_daily_return,median_daily_return,probability_daily_up,downside_p10,upside_p90,rank
1,2026-07-31,MGNA,123.0,141.91525,0.15378256,0.11859453,1.0,0.02390429936349392,0.32829248905181885,1
1,2026-07-31,DOOH,236.0,263.14145,0.115006134,0.14010668,0.8,-0.0034232616890221834,0.226157084107399,2
1,2026-07-31,SPRE,85.0,90.35056,0.06294775,0.07128763,1.0,0.05000104755163193,0.07128763198852539,3
1,2026-07-31,UNSP,206.0,217.8534,0.057540774,0.057540774,1.0,0.05754077434539795,0.05754077434539795,4
1,2026-07-31,SMIL,400.0,420.98013,0.052450277,0.02082014,1.0,0.018857335671782494,0.10502233356237411,5
1,2026-07-31,BEEF,398.0,416.0062,0.045241762,0.040514708,1.0,0.019643258303403854,0.07241124659776688,6
1,2026-07-31,BREN,3250.0,3390.2476,0.043153096,0.046385765,1.0,0.03679938241839409,0.046385765075683594,7
1,2026-07-31,TFCO,720.0,748.7786,0.039970256,0.045190334,1.0,0.02413325384259224,0.050386738032102585,8
1,2026-07-31,AMMN,3980.0,4133.175,0.038486242,0.027281284,1.0,0.01558392122387886,0.06815630942583084,9
1,2026-07-31,VKTR,720.0,747.5416,0.038252164,0.034667015,0.8,0.004116845317184925,0.07757370173931122,10
1,2026-07-31,HOMI,177.0,183.6894,0.037793256,0.034122586,1.0,0.018402766436338425,0.06085440516471863,11
1,2026-07-31,BLUE,2520.0,2614.1975,0.037379958,0.053416252,0.8,0.006946755573153496,0.05427956581115723,12
1,2026-07-31,DOSS,160.0,165.94032,0.03712696,0.026299477,0.6,-0.07861703634262085,0.15854188799858093,13
1,2026-07-31,SOHO,1195.0,1237.0568,0.03519397,0.042550087,1.0,0.02048172987997532,0.042550086975097656,14
1,2026-07-31,COIN,690.0,713.95935,0.03472365,0.021968603,0.8,-0.006367431953549385,0.08415760099887848,15
1,2026-07-31,CUAN,650.0,671.5367,0.033133365,0.04345596,0.8,0.011693835258483887,0.04485630989074707,16
1,2026-07-31,MSIE,103.0,106.363815,0.03265848,0.032252073,0.8,-0.0034321306739002466,0.07044975459575653,17
1,2026-07-31,MBSS,2790.0,2879.5317,0.032090187,0.031764865,0.8,0.005621433258056641,0.05937726050615311,18
1,2026-07-31,ARKA,22.0,22.680052,0.030911446,0.030911446,1.0,0.03091144561767578,0.03091144561767578,19
1,2026-07-31,MLPT,1590.0,1636.948,0.029527068,0.048131585,0.6,-0.048497460782527924,0.09444723278284073,20
1,2026-07-31,SOUL,37.0,38.070827,0.028941274,0.031779885,1.0,0.023264050483703613,0.03177988529205322,21
1,2026-07-31,BMBL,32.0,32.8705,0.027203107,0.020174146,1.0,0.013020229525864124,0.0440976619720459,22
1,2026-07-31,BLES,200.0,205.33438,0.026671851,0.044568658,0.6,-0.04170495271682739,0.0814666748046875,23
1,2026-07-31,AGAR,630.0,646.0541,0.025482725,0.01892984,1.0,0.01892983913421631,0.038588497787714005,24
1,2026-07-31,TAMA,230.0,235.64145,0.024527991,0.04626715,0.8,-0.011429131031036377,0.04748263210058212,25
1,2026-07-31,MMIX,730.0,746.2208,0.022220338,0.016930342,0.6,-0.0032770992256700993,0.05033981800079346,26
1,2026-07-31,DAAZ,1550.0,1584.3737,0.02217654,0.03537059,0.8,-0.0016606450080871582,0.035370588302612305,27
1,2026-07-31,CBRE,685.0,699.3004,0.020876575,0.031160593,0.6,-0.0064789652824401855,0.042543720453977585,28
1,2026-07-31,PPGL,206.0,210.00381,0.01943599,0.017407656,0.8,-0.00587121257558465,0.0467599593102932,29
1,2026-07-31,HELI,181.0,184.51372,0.019412851,0.015170455,1.0,0.008724808692932129,0.03468191251158714,30
1,2026-07-31,SAGE,32.0,32.61281,0.019150257,0.019607067,1.0,0.007398438639938831,0.030880330130457878,31
1,2026-07-31,POLY,32.0,32.610985,0.019093275,0.019093275,1.0,0.01909327507019043,0.01909327507019043,32
1,2026-07-31,SMDM,550.0,560.39716,0.018903947,0.020736337,1.0,0.01314692571759224,0.02305920049548149,33
1,2026-07-31,JMAS,228.0,232.14407,0.018175721,0.018175721,1.0,0.018175721168518066,0.018175721168518066,34
1,2026-07-31,WGSH,156.0,158.81003,0.018013012,0.02479148,0.8,-0.004285919480025768,0.03649277612566948,35
1,2026-07-31,RANC,500.0,508.91217,0.017824268,0.014650106,0.8,0.004571700002998114,0.03103792667388916,36
1,2026-07-31,BHAT,1770.0,1800.8135,0.017408729,0.017408729,1.0,0.01740872859954834,0.01740872859954834,37
1,2026-07-31,ISAP,24.0,24.415033,0.017293012,0.021738172,0.8,0.004540693946182728,0.025805354118347168,38
1,2026-07-31,TEBE,1095.0,1113.6296,0.01701336,0.02409172,0.8,0.0021390682086348534,0.025338102132081985,39
1,2026-07-31,WINS,510.0,518.2704,0.016216468,0.021853566,0.8,0.005861639976501465,0.02233300171792507,40
1,2026-07-31,TARA,30.0,30.48161,0.0160537,0.025214314,0.8,-0.0017940280959010124,0.025820637121796608,41
1,2026-07-31,INCO,4900.0,4978.4834,0.016017068,0.015216112,0.8,-0.0014854306355118752,0.033344101160764694,42
1,2026-07-31,KOIN,78.0,79.207634,0.015482545,0.015482545,1.0,0.015482544898986816,0.015482544898986816,43
1,2026-07-31,RATU,5000.0,5076.8228,0.015364516,0.013828754,0.8,-0.0008748173713684082,0.03402943164110184,44
1,2026-07-31,ANDI,17.0,17.26041,0.015318227,0.02368331,0.6,-0.02404952049255371,0.050444409251213074,45
1,2026-07-31,MAPB,1155.0,1172.2238,0.014912319,0.018701196,0.8,-0.0033168550580739975,0.029366372153162956,46
1,2026-07-31,RONY,1300.0,1318.9735,0.0145950075,0.0030874014,1.0,0.0030874013900756836,0.03527378663420677,47
1,2026-07-31,IBOS,63.0,63.90151,0.0143096205,0.00029313564,1.0,0.0002931356430053711,0.03533434867858887,48
1,2026-07-31,SMMT,1835.0,1861.2451,0.01430254,0.010986686,1.0,0.008961081504821777,0.023364972323179245,49
1,2026-07-31,RUNS,64.0,64.899666,0.014057279,0.017466664,1.0,0.007238507270812988,0.01746666431427002,50
1,2026-07-31,GOOD,286.0,290.01468,0.014037311,0.020516634,0.8,-0.00038498640060424805,0.022627925500273705,51
1,2026-07-31,SRTG,1735.0,1759.3121,0.014012766,0.011069536,1.0,0.010437297634780407,0.019710039719939232,52
1,2026-07-31,INTA,61.0,61.85441,0.014006639,0.015657425,1.0,0.010809588246047497,0.015657424926757812,53
1,2026-07-31,TAYS,50.0,50.695107,0.013902187,0.013902187,1.0,0.01390218734741211,0.01390218734741211,54
1,2026-07-31,SOFA,212.0,214.92178,0.013781905,0.020982265,0.6,-0.008728432469069958,0.034863874316215515,55
1,2026-07-31,BAPI,20.0,20.270405,0.013520276,0.00080037117,0.6,-0.0625486969947815,0.10975542664527893,56
1,2026-07-31,TRIS,165.0,167.21494,0.013423825,0.013576031,1.0,0.0083786491304636,0.01839613914489746,57
1,2026-07-31,NAYZ,55.0,55.730633,0.0132842185,0.020164728,0.6,-0.007064700126647949,0.03134767711162567,58
1,2026-07-31,TRST,462.0,468.118,0.013242459,0.011003971,1.0,0.009316968731582165,0.018968986347317696,59
1,2026-07-31,AYAM,414.0,419.4621,0.013193476,0.015407443,0.6,-0.009205627255141735,0.033794619143009186,60
1,2026-07-31,FOOD,176.0,178.30743,0.013110399,0.01146698,1.0,0.01146697998046875,0.015575528144836426,61
1,2026-07-31,ATIC,474.0,480.16278,0.013001716,0.013440132,0.8,-0.002270638942718506,0.027631185948848724,62
1,2026-07-31,AMFG,3200.0,3240.7388,0.012730884,0.0136653185,0.8,0.0016234875656664371,0.024053189903497696,63
1,2026-07-31,SIPD,680.0,688.5248,0.012536394,0.018232465,0.8,-0.01022804994136095,0.029361724853515625,64
1,2026-07-31,BOBA,234.0,236.90059,0.012395692,0.012440681,0.8,0.0028344392776489258,0.020333409309387207,65
1,2026-07-31,PAMG,56.0,56.688835,0.012300694,0.012924314,0.8,-0.005631935782730579,0.02948615327477455,66
1,2026-07-31,ABDA,3420.0,3461.1328,0.012027144,0.012027144,1.0,0.012027144432067871,0.012027144432067871,67
1,2026-07-31,IMPC,1525.0,1543.3104,0.012006855,0.009363174,0.8,-0.009174752049148083,0.03583213686943054,68
1,2026-07-31,TSPC,2860.0,2893.8792,0.011845851,0.008828402,1.0,0.005083918571472168,0.020621871575713158,69
1,2026-07-31,ALDO,830.0,839.7665,0.011766886,0.0091433525,0.8,-0.003347635269165039,0.028826020658016205,70
1,2026-07-31,UVCR,147.0,148.64966,0.011222112,0.016655922,0.8,-0.0073702214285731316,0.02636701986193657,71
1,2026-07-31,ROTI,585.0,591.29834,0.010766411,0.008382559,1.0,0.006199383642524481,0.01774425432085991,72
1,2026-07-31,AGII,2890.0,2920.69,0.010619402,0.008298874,0.8,-5.955695814918727e-05,0.024667810648679733,73
1,2026-07-31,CYBR,545.0,550.7462,0.010543406,0.0054684877,0.8,-0.008195936679840088,0.03179886192083359,74
1,2026-07-31,PBID,535.0,540.59875,0.010464978,0.0058248043,1.0,0.0012906789779663086,0.022794317454099655,75
1,2026-07-31,PSAB,426.0,430.31186,0.010121727,0.0110884905,0.8,0.0036607743240892887,0.015400528907775879,76
1,2026-07-31,BTPN,2150.0,2171.576,0.010035301,0.008284688,1.0,0.005484866909682751,0.015286373905837536,77
1,2026-07-31,WEGE,50.0,50.494987,0.009899735,0.00980556,1.0,0.009805560111999512,0.010088086128234863,78
1,2026-07-31,CHIP,915.0,923.94934,0.009780645,0.0120841265,1.0,0.003906607627868652,0.013782071880996227,79
1,2026-07-31,ASHA,56.0,56.54588,0.009747875,0.013189435,0.8,-0.008431804366409779,0.02586340717971325,80
1,2026-07-31,KKES,67.0,67.64894,0.009685623,0.012811422,0.8,-0.014799511060118675,0.03015716001391411,81
1,2026-07-31,BATA,59.0,59.56894,0.009643078,0.009643078,1.0,0.009643077850341797,0.009643077850341797,82
1,2026-07-31,SDPC,181.0,182.67775,0.0092693325,0.007908702,1.0,0.006549262907356024,0.012601708993315697,83
1,2026-07-31,TOOL,65.0,65.59688,0.009182775,0.010426521,0.6,-0.009027588181197643,0.02654104121029377,84
1,2026-07-31,SMMA,20200.0,20385.34,0.009175253,0.0071382523,1.0,0.001392364501953125,0.01797664165496826,85
1,2026-07-31,RIGS,665.0,671.0512,0.009099555,0.008420587,1.0,0.007586288265883923,0.011265897192060947,86
1,2026-07-31,HOPE,204.0,205.79614,0.008804572,0.0152795315,0.6,-0.02268803119659424,0.0369587168097496,87
1,2026-07-31,PRAY,720.0,726.3172,0.008773875,0.01198566,0.8,-0.0021701576188206673,0.016178131103515625,88
1,2026-07-31,PTPW,1120.0,1129.8259,0.008773088,0.006880045,1.0,0.006880044937133789,0.012559174560010433,89
1,2026-07-31,IRRA,374.0,377.16595,0.008465099,0.006784916,1.0,0.0038876296021044254,0.013476776890456676,90
1,2026-07-31,BDKR,156.0,157.30594,0.008371448,0.009106994,0.8,-0.0031651020981371403,0.019714711233973503,91
1,2026-07-31,BAUT,29.0,29.238083,0.008209777,0.0036526918,0.6,-0.011277830228209496,0.028980111703276634,92
1,2026-07-31,CSAP,288.0,290.34338,0.008136749,0.0055134296,1.0,0.00036101340083405375,0.019029663875699043,93
1,2026-07-31,PSGO,196.0,197.58438,0.008083534,0.008620381,1.0,0.0038388490211218596,0.011505174450576305,94
1,2026-07-31,MEGA,1990.0,2006.0076,0.008044017,0.009487748,0.8,-0.0007086158730089664,0.015352915972471237,95
1,2026-07-31,KKGI,272.0,274.1806,0.008016944,0.0095819235,1.0,0.0056694746017456055,0.009581923484802246,96
1,2026-07-31,SURE,2760.0,2781.7786,0.007890796,0.010189652,1.0,0.004074740223586559,0.010489463806152344,97
1,2026-07-31,PGAS,1500.0,1511.7578,0.007838607,0.006769657,0.6,-0.002774059772491455,0.02033858187496662,98
1,2026-07-31,IBFN,63.0,63.486073,0.0077153444,0.0077153444,1.0,0.007715344429016113,0.007715344429016113,99
1,2026-07-31,SAMF,274.0,276.0513,0.0074864626,0.0066900253,0.8,0.001280331751331687,0.01448902953416109,100
1,2026-07-31,BPII,432.0,435.2189,0.0074511645,0.0036263466,0.8,-0.001779997255653143,0.01973874494433403,101
1,2026-07-31,KLAS,75.0,75.55604,0.0074138404,0.00069987774,0.6,-0.011235523037612438,0.03146693482995033,102
1,2026-07-31,HDIT,50.0,50.369118,0.0073823333,0.0127180815,0.6,-0.0007095217588357627,0.0127180814743042,103
1,2026-07-31,MSIN,390.0,392.86847,0.00735507,0.015601039,0.6,-0.014849841594696045,0.025436997413635254,104
1,2026-07-31,MARK,1085.0,1092.9121,0.0072923065,0.0036107302,0.8,-0.01636711321771145,0.033853910863399506,105
1,2026-07-31,KOCI,97.0,97.686424,0.007076478,0.0014300346,1.0,0.0014300346374511719,0.018369361758232117,106
1,2026-07-31,AVIA,318.0,320.2157,0.006967592,0.0075763464,0.8,0.0007990838494151831,0.012159109115600586,107
1,2026-07-31,MEDS,75.0,75.51905,0.0069206,0.017550707,0.6,-0.009381413459777832,0.017978930845856667,108
1,2026-07-31,IKPM,183.0,184.24786,0.00681895,0.006358981,0.8,-0.0026672957465052605,0.016765164211392403,109
1,2026-07-31,NRCA,474.0,477.1993,0.00674963,0.020347357,0.6,-0.013717162422835827,0.02034735679626465,110
1,2026-07-31,VISI,840.0,845.5008,0.0065485477,0.0067048073,1.0,0.006236028857529163,0.006704807281494141,111
1,2026-07-31,IKAI,20.0,20.12791,0.0063955425,0.00010561943,0.8,-0.013203823007643223,0.028277872130274773,112
1,2026-07-31,DUTI,4290.0,4316.6245,0.0062062023,0.006216049,1.0,0.0034310580231249332,0.008971500210464,113
1,2026-07-31,URBN,208.0,209.26006,0.006058025,0.0026085377,0.8,-0.008853006176650524,0.021194027736783028,114
1,2026-07-31,JAYA,130.0,130.76163,0.0058586597,0.004154086,0.6,-0.0042073484510183334,0.016453813761472702,115
1,2026-07-31,TLDN,520.0,523.0243,0.0058160303,0.011936069,0.8,-0.01508324034512043,0.020486019551753998,116
1,2026-07-31,ASBI,414.0,416.37564,0.0057382705,0.007237673,0.6,-0.0010853171115741134,0.0119980089366436,117
1,2026-07-31,ASSA,595.0,598.397,0.0057091713,0.008433461,0.6,-0.003530955407768488,0.013700890354812145,118
1,2026-07-31,IPAC,162.0,162.9222,0.0056925775,0.0034742355,0.8,-0.005942440126091242,0.019389890134334564,119
1,2026-07-31,IATA,57.0,57.321808,0.0056458116,0.005487919,0.8,-0.004378092009574175,0.01595451682806015,120
1,2026-07-31,AMAN,254.0,255.4241,0.0056066513,0.00360322,1.0,0.0019366741180419922,0.01161336712539196,121
1,2026-07-31,NZIA,138.0,138.77278,0.005599809,0.0057691336,1.0,0.005261159036308527,0.005769133567810059,122
1,2026-07-31,KREN,13.0,13.071033,0.005464077,0.0044209957,0.8,-0.011971807107329369,0.02392861619591713,123
1,2026-07-31,NAIK,86.0,86.46471,0.005403638,0.002814889,0.8,-0.0028689145110547543,0.014424133114516735,124
1,2026-07-31,CPRO,50.0,50.26812,0.005362344,0.006792307,0.8,0.001769971800968051,0.007761883549392223,125
1,2026-07-31,ASPI,396.0,398.12238,0.005359483,0.008645058,0.6,-0.039195261895656586,0.05215911567211151,126
1,2026-07-31,OKAS,100.0,100.52293,0.0052292584,0.0074898005,0.6,-0.011833976954221725,0.01975870132446289,127
1,2026-07-31,SNLK,222.0,223.09871,0.0049491287,0.008019924,0.6,-0.011464285664260387,0.019104599952697754,128
1,2026-07-31,BIPP,61.0,61.2977,0.0048802854,0.009538293,0.6,-0.012912213802337646,0.022104786708950996,129
1,2026-07-31,CGAS,152.0,152.7383,0.0048571704,0.0059016943,0.8,-0.0027487636543810368,0.011925147846341133,130
1,2026-07-31,RAAM,206.0,206.99773,0.0048433305,0.005608082,0.6,-0.004938304424285889,0.0153854601085186,131
1,2026-07-31,MPPA,47.0,47.2239,0.0047638775,0.007376313,0.8,-0.012067663483321667,0.01785719394683838,132
1,2026-07-31,SPMA,162.0,162.77094,0.0047588707,0.0028971434,0.6,-0.0002647399960551411,0.011201166547834873,133
1,2026-07-31,RSGK,975.0,979.4108,0.004523945,0.006370902,0.8,-0.009912515059113503,0.017961882054805756,134
1,2026-07-31,ALII,725.0,728.23944,0.0044682026,0.005483985,0.8,-0.002022337634116411,0.009213900193572044,135
1,2026-07-31,GPRA,104.0,104.45408,0.0043661,0.009977102,0.6,-0.008248364552855492,0.013920807279646397,136
1,2026-07-31,MRAT,438.0,439.88828,0.0043110847,0.004417777,1.0,0.0016015291912481189,0.006864428520202637,137
1,2026-07-31,DMND,605.0,607.51794,0.004161918,0.009482026,0.6,-0.004255103878676891,0.009571647271513939,138
1,2026-07-31,TBMS,1160.0,1164.5674,0.0039373874,0.0037391186,0.8,-0.006526517681777477,0.012789487838745117,139
1,2026-07-31,MYOR,1720.0,1726.6995,0.0038950325,0.0016918182,0.8,-0.0036076426040381193,0.013491032645106316,140
1,2026-07-31,SIDO,364.0,365.4151,0.0038876296,0.0022934675,1.0,0.0015524625778198242,0.007560062222182751,141
1,2026-07-31,UFOE,135.0,135.51418,0.003808689,0.0017607212,1.0,0.001760721206665039,0.007904624566435814,142
1,2026-07-31,MPRO,10175.0,10213.266,0.0037607073,0.0102164745,0.8,-0.010967910289764404,0.012235808186233044,143
1,2026-07-31,IPCM,302.0,303.1357,0.0037606596,0.0050286055,0.8,-0.002616751240566373,0.008700513280928135,144
1,2026-07-31,MAIN,715.0,717.6574,0.003716743,0.0071133375,0.8,-0.004030239302664995,0.008538126945495605,145
1,2026-07-31,CHEM,64.0,64.2296,0.0035875202,0.008908987,0.8,-0.007055413909256458,0.008908987045288086,146
1,2026-07-31,ADMF,8400.0,8429.713,0.0035372972,0.00040900707,0.6,-0.002276086714118719,0.011797117069363594,147
1,2026-07-31,ACRO,60.0,60.205708,0.0034284233,0.0056871176,0.6,-0.008028793148696423,0.01333069708198309,148
1,2026-07-31,PTSP,890.0,893.0084,0.0033802749,0.007880092,0.6,-0.013546752743422985,0.018878506496548653,149
1,2026-07-31,MDKI,181.0,181.60023,0.0033162355,0.004569888,0.6,-0.0076180100440979,0.014201187528669834,150
1,2026-07-31,IFII,206.0,206.66196,0.0032134415,0.010301828,0.6,-0.009778166189789772,0.011904573068022728,151
1,2026-07-31,GEMA,80.0,80.25677,0.003209591,0.0029736757,0.6,-0.0026148436591029167,0.010040759108960629,152
1,2026-07-31,PMJS,107.0,107.33104,0.0030938745,0.0051130056,0.8,-0.008491837419569492,0.012539028190076351,153
1,2026-07-31,ANTM,2860.0,2868.555,0.0029911757,0.00073349476,0.6,-0.01192021369934082,0.019031405448913574,154
1,2026-07-31,BLTZ,2540.0,2547.4824,0.0029457808,0.0029457808,1.0,0.0029457807540893555,0.0029457807540893555,155
1,2026-07-31,BBLD,580.0,581.69006,0.002913809,0.00577116,0.6,-0.0015776753425598145,0.00601770868524909,156
1,2026-07-31,KIJA,125.0,125.36107,0.002888608,0.008202076,0.6,-0.008584177121520042,0.011296343058347702,157
1,2026-07-31,AKRA,1455.0,1459.1536,0.0028546453,0.008244872,0.6,-0.010805940255522728,0.012951374053955078,158
1,2026-07-31,HATM,580.0,581.6164,0.0027869344,0.0022178888,0.8,-0.008668553084135056,0.013350462540984154,159
1,2026-07-31,TRIM,550.0,551.4858,0.0027014494,0.0031056404,0.6,-0.005521678831428289,0.010200858116149902,160
1,2026-07-31,CMNT,820.0,822.2043,0.0026881099,0.0018335581,0.6,-0.006662452127784491,0.012318038381636143,161
1,2026-07-31,YULE,3370.0,3378.9102,0.002643931,0.0044617653,0.6,-0.004121708683669567,0.008280158042907715,162
1,2026-07-31,BANK,276.0,276.71585,0.0025936603,0.008949041,0.6,-0.0231863372027874,0.02136099338531494,163
1,2026-07-31,CHEK,129.0,129.32426,0.0025136948,0.0011378527,0.6,-0.0003096461296081543,0.006024956703186035,164
1,2026-07-31,KDSI,452.0,453.133,0.0025066852,0.0004400015,0.6,-0.0047470927238464355,0.011089944280683994,165
1,2026-07-31,FIRE,105.0,105.254845,0.002427137,0.0016639233,0.8,-0.005903947167098522,0.00987851619720459,166
1,2026-07-31,GHON,1640.0,1643.9642,0.0024172545,0.0038567781,0.8,-0.002267503645271063,0.006024932488799095,167
1,2026-07-31,AXIO,111.0,111.26796,0.002414,0.0024437904,0.8,-0.004465186502784491,0.008956479839980602,168
1,2026-07-31,UNIQ,109.0,109.24587,0.0022557974,0.0022557974,1.0,0.0022557973861694336,0.0022557973861694336,169
1,2026-07-31,MDKA,2690.0,2696.0286,0.002241111,0.0067738295,0.6,-0.01464986801147461,0.01888410747051239,170
1,2026-07-31,MERK,3940.0,3948.691,0.0022058487,0.0034325123,0.8,-2.0265579223632812e-06,0.0034325122833251953,171
1,2026-07-31,RSCH,310.0,310.67877,0.0021895529,0.0048350096,0.6,-0.013540863990783691,0.01638967916369438,172
1,2026-07-31,ADMG,224.0,224.47299,0.0021116256,0.0021190643,0.6,-0.011350642889738083,0.015532182529568672,173
1,2026-07-31,AREA,280.0,280.57724,0.0020615577,0.009408712,0.8,-0.020121980458498,0.017216037958860397,174
1,2026-07-31,KBLM,298.0,298.58075,0.0019488812,0.002834797,0.6,-0.007008683867752552,0.010462760925292969,175
1,2026-07-31,PORT,860.0,861.66223,0.0019328117,0.0037209988,0.6,-0.0092049241065979,0.013618086464703083,176
1,2026-07-31,BATR,90.0,90.17299,0.0019220829,0.0033978224,0.8,-0.0075629232451319695,0.01000959798693657,177
1,2026-07-31,BNBA,740.0,741.3061,0.0017650009,0.0024825335,0.8,-0.003934705164283514,0.0066647520288825035,178
1,2026-07-31,KSIX,286.0,286.49548,0.0017324686,0.009130716,0.6,-0.018096113577485085,0.01734292507171631,179
1,2026-07-31,ISEA,78.0,78.13472,0.0017271519,0.0066480637,0.6,-0.008391737937927246,0.009933089837431908,180
1,2026-07-31,FAPA,7350.0,7361.9307,0.0016231776,0.0006418228,0.8,-0.00016906257951632142,0.003970479592680931,181
1,2026-07-31,IPCC,1135.0,1136.8323,0.0016142369,0.0048736334,0.6,-0.008070409297943115,0.01029896643012762,182
1,2026-07-31,ATLA,50.0,50.079216,0.0015843511,0.0024682283,0.8,-0.00018340349197387695,0.0024682283401489258,183
1,2026-07-31,VERN,200.0,200.30951,0.0015475393,0.011891842,0.6,-0.016020655632019043,0.012353658676147461,184
1,2026-07-31,MIKA,1730.0,1732.6699,0.0015433669,0.011425734,0.6,-0.016570687294006348,0.01256628055125475,185
1,2026-07-31,PJAA,452.0,452.52594,0.0011635661,0.00086545944,0.6,-0.0032863616943359375,0.00542604923248291,186
1,2026-07-31,KOKA,193.0,193.22293,0.0011551142,0.002744794,0.6,-0.011215448379516602,0.012730836868286133,187
1,2026-07-31,SBMA,107.0,107.11371,0.0010627627,0.00167346,0.8,-0.007502377033233643,0.00901720393449068,188
1,2026-07-31,MEJA,94.0,94.09691,0.0010309815,0.002853632,0.8,-0.011766516603529453,0.011126017197966576,189
1,2026-07-31,BJBR,775.0,775.7724,0.0009966374,0.0003927946,1.0,0.00036084651947021484,0.0022426601499319077,190
1,2026-07-31,DGIK,128.0,128.12671,0.0009899139,0.00032508373,0.6,-0.008196818642318249,0.01160733588039875,191
1,2026-07-31,UCID,372.0,372.2868,0.00077100995,0.001623869,0.6,-0.0032208324410021305,0.004284882452338934,192
1,2026-07-31,LAJU,64.0,64.04241,0.0006626964,0.0074350834,0.8,-0.012788760475814342,0.007868528366088867,193
1,2026-07-31,VAST,113.0,113.05701,0.0005044937,0.00045859814,0.8,-0.01147694606333971,0.010519623756408691,194
1,2026-07-31,INPC,137.0,137.06424,0.0004690051,0.006636739,0.6,-0.009913027286529541,0.007312011439353228,195
1,2026-07-31,BNII,188.0,188.08722,0.0004639268,0.003124714,0.6,-0.00443422794342041,0.0038529871962964535,196
1,2026-07-31,BMHS,185.0,185.08324,0.0004499197,0.004373193,0.6,-0.010305511765182018,0.008676409721374512,197
1,2026-07-31,BMAS,482.0,482.18613,0.00038615466,0.00022685528,0.6,-0.006602036766707897,0.008101986721158028,198
1,2026-07-31,MKAP,1165.0,1165.3931,0.00033738613,0.0010371208,0.6,-0.0007122159004211426,0.0010371208190917969,199
1,2026-07-31,SATU,262.0,262.0791,0.0003019333,0.0011066198,0.6,-0.0030673861037939787,0.0032794950529932976,200
1,2026-07-31,BBMD,1955.0,1955.4694,0.00024008751,0.0030413866,0.6,-0.009593653492629528,0.00781481247395277,201
1,2026-07-31,BBNI,3550.0,3550.616,0.00017356873,0.0011564493,0.8,-0.007214188575744629,0.0059988973662257195,202
1,2026-07-31,PTPP,199.0,199.02396,0.00012037754,0.012571573,0.6,-0.02161388471722603,0.013513349927961826,203
1,2026-07-31,KDTN,326.0,326.0374,0.00011484623,0.08474493,0.8,-0.26511475443840027,0.18347714841365814,204
1,2026-07-31,SFAN,1965.0,1965.199,0.00010128021,4.553795e-05,0.6,-0.002333772135898471,0.0027297018095850945,205
1,2026-07-31,BRAM,4480.0,4480.3516,7.845163e-05,0.003406167,0.6,-0.005289435386657715,0.0035568238236010075,206
1,2026-07-31,STTP,9850.0,9850.687,6.9737434e-05,0.003344655,0.6,-0.009138834662735462,0.006855487823486328,207
1,2026-07-31,MTEL,454.0,454.0192,4.233122e-05,0.00051534176,0.6,-0.005533766932785511,0.0049187419936060905,208
1,2026-07-31,ARTI,2.0,2.0000002,1.1920929e-07,1.1920929e-07,1.0,1.1920928955078125e-07,1.1920928955078125e-07,209
1,2026-07-31,MKNT,1.0,1.0000001,1.1920929e-07,1.1920929e-07,1.0,1.1920928955078125e-07,1.1920928955078125e-07,210
1,2026-07-31,SBAT,1.0,1.0000001,1.1920929e-07,1.1920929e-07,1.0,1.1920928955078125e-07,1.1920928955078125e-07,211
1,2026-07-31,TOPS,1.0,1.0000001,1.1920929e-07,1.1920929e-07,1.0,1.1920928955078125e-07,1.1920928955078125e-07,212
2,2026-08-03,LUCY,141.37764,160.69394,0.1127095,0.1758089,0.8,-0.15049727261066437,0.31466594338417053,1
2,2026-08-03,MGNA,141.91525,153.6011,0.076904215,0.08367956,0.8,-0.023801695555448532,0.17164959013462067,2
2,2026-08-03,HOPE,205.79614,213.89688,0.039120756,0.012753844,0.8,0.0009585260413587093,0.09516703337430954,3
2,2026-08-03,NANO,29.514277,30.574825,0.03632444,0.052031398,0.8,-0.031480442732572556,0.08493957668542862,4
2,2026-08-03,CTTH,126.55078,130.96985,0.03381102,0.016332626,0.6,-0.051505230367183685,0.1374240517616272,5
2,2026-08-03,DWGL,357.8912,369.3465,0.03320334,0.04392445,0.8,-0.006842827424407005,0.06464624404907227,6
2,2026-08-03,SSTM,377.88623,389.24823,0.030564392,0.024435997,0.8,-0.01710912026464939,0.07823503017425537,7
2,2026-08-03,MSIE,106.363815,109.14286,0.026681256,0.049768806,0.6,-0.028815317898988724,0.07115308940410614,8
2,2026-08-03,RLCO,5304.845,5423.7275,0.02391088,0.014661908,0.6,-0.01005544699728489,0.07052792608737946,9
2,2026-08-03,BEEF,416.0062,425.7657,0.023342181,0.019461155,1.0,0.007663297466933727,0.04276122897863388,10
2,2026-08-03,UDNG,1075.4656,1099.9104,0.023127044,0.03973639,0.6,-0.014775323681533337,0.05177583545446396,11
2,2026-08-03,VISI,845.5008,864.0586,0.021942686,0.033714175,0.8,-0.008587074466049671,0.044129014015197754,12
2,2026-08-03,PADA,130.96724,133.7692,0.021405732,0.014271259,0.6,-0.012858057394623756,0.06083326041698456,13
2,2026-08-03,KKES,67.64894,69.05031,0.021320987,0.014986038,0.8,-0.018459510058164597,0.061637379229068756,14
2,2026-08-03,ARGO,1135.9475,1159.8855,0.021088744,0.012319565,0.6,-0.01260144729167223,0.05929062142968178,15
2,2026-08-03,INET,217.11972,221.6606,0.020794202,0.035187006,0.6,-0.003644585609436035,0.03811776638031006,16
2,2026-08-03,GULA,834.12854,850.69763,0.020247925,0.027704954,0.8,-0.012326252646744251,0.04813313111662865,17
2,2026-08-03,SMLE,155.50226,158.36588,0.018463433,0.02054429,0.8,-0.009868037886917591,0.046017713844776154,18
2,2026-08-03,SMGA,67.346924,68.532,0.017826105,0.025746703,0.8,-0.01668255403637886,0.04813852161169052,19
2,2026-08-03,AKSI,222.42854,226.17957,0.017402804,0.01864934,0.6,-0.013357400894165039,0.04788515344262123,20
2,2026-08-03,BAIK,776.2887,789.5541,0.017352808,0.012692571,0.8,-0.025973116979002953,0.06038853898644447,21
2,2026-08-03,BLUE,2614.1975,2661.2375,0.017291605,0.011493087,0.8,-0.019214831292629242,0.0530397891998291,22
2,2026-08-03,SMKL,146.97208,149.18808,0.01509769,0.011440158,1.0,0.005690717604011297,0.02818157523870468,23
2,2026-08-03,SIPD,688.5248,697.5796,0.013401317,0.006528139,1.0,0.0035758495796471834,0.029185865074396133,24
2,2026-08-03,BRRC,55.49644,56.222404,0.013199687,0.018845439,0.8,-0.001443409826606512,0.025313805788755417,25
2,2026-08-03,BUMI,159.76816,161.71587,0.012253928,0.00020134449,0.6,-0.022756148129701614,0.052281804382801056,26
2,2026-08-03,DEWA,445.20206,450.5432,0.012047088,0.01283586,0.6,-0.019877146929502487,0.041474007070064545,27
2,2026-08-03,AKRA,1459.1536,1476.5349,0.011923766,0.020213962,0.8,-0.0052644251845777035,0.0238659605383873,28
2,2026-08-03,YPAS,574.5867,581.6195,0.011918783,0.032890677,0.6,-0.027947306632995605,0.042090270668268204,29
2,2026-08-03,MMIX,746.2208,754.8185,0.011791015,0.014324307,0.8,-0.005813646130263805,0.027227090671658516,30
2,2026-08-03,VERN,200.30951,202.56389,0.01142565,0.008028269,0.8,-0.002246773336082697,0.026715539395809174,31
2,2026-08-03,NAYZ,55.730633,56.32728,0.011090005,0.0045461655,0.6,-0.012440741062164307,0.03996536508202553,32
2,2026-08-03,PDES,404.9024,409.3343,0.010974097,0.008476615,1.0,0.0026763915084302425,0.022372744977474213,33
2,2026-08-03,NETV,47.587524,48.105125,0.010887933,0.00037896633,0.6,-0.0076198577880859375,0.03581042215228081,34
2,2026-08-03,HBAT,215.09787,217.37398,0.010581684,0.024139285,0.6,-0.022104620933532715,0.03895916789770126,35
2,2026-08-03,INDR,1950.6357,1971.1375,0.010501206,0.009710789,0.8,-0.0020161746069788933,0.023470638319849968,36
2,2026-08-03,TAPG,1785.8011,1804.3789,0.0104455,0.002970457,0.6,-0.002142357872799039,0.02791273407638073,37
2,2026-08-03,CARS,90.90458,91.83822,0.010305691,0.015425801,0.8,-0.0007221460109576583,0.01906571350991726,38
2,2026-08-03,MLPT,1636.948,1655.6041,0.010207164,0.014784217,0.8,-0.013183534145355225,0.02914273738861084,39
2,2026-08-03,PGJO,670.6693,677.5042,0.010196281,0.010013223,1.0,0.004876208491623402,0.014825296588242054,40
2,2026-08-03,PEHA,253.38095,255.96255,0.010186458,0.0080833435,1.0,0.002129125641658902,0.021010350435972214,41
2,2026-08-03,KOTA,148.87546,150.47891,0.010182631,0.021903276,0.6,-0.044381629675626755,0.061896078288555145,42
2,2026-08-03,NFCX,1564.0682,1579.8547,0.0100618005,0.013382316,0.8,0.0004564407281577587,0.016969846561551094,43
2,2026-08-03,SINI,6993.9697,7060.4893,0.0099872,0.004273653,0.6,-0.03107060119509697,0.053346868604421616,44
2,2026-08-03,PRAY,726.3172,733.4795,0.00996759,0.0061047077,1.0,0.0003819465637207031,0.023108504712581635,45
2,2026-08-03,BHIT,23.98257,24.218967,0.009909618,0.008404255,0.6,-0.01454150676727295,0.03568889945745468,46
2,2026-08-03,PDPP,279.30118,281.90375,0.009828592,0.004753828,0.8,-0.007162046153098345,0.03065025433897972,47
2,2026-08-03,TRIS,167.21494,168.82889,0.009667802,0.008177757,1.0,0.003708744188770652,0.01622912846505642,48
2,2026-08-03,MCOR,68.17843,68.8313,0.009590912,0.0075764656,1.0,0.005474948789924383,0.014879059046506882,49
2,2026-08-03,PWON,264.48975,267.02734,0.009570956,0.006037712,0.8,0.00016381742898374796,0.022476598620414734,50
2,2026-08-03,TSPC,2893.8792,2921.4773,0.009569192,0.006718755,1.0,0.002371454145759344,0.019779156893491745,51
2,2026-08-03,MSJA,403.15338,406.96637,0.009484649,0.009737134,0.8,-0.0033693313598632812,0.021271442994475365,52
2,2026-08-03,NASA,29.872578,30.14089,0.00895747,0.011426449,0.8,0.0011863112449645996,0.014633345417678356,53
2,2026-08-03,IATA,57.321808,57.825623,0.00884248,0.012963176,0.8,-0.009790861047804356,0.023926638066768646,54
2,2026-08-03,KUAS,89.82524,90.61815,0.008765089,0.009924769,0.8,-0.0030556796118617058,0.020513366907835007,55
2,2026-08-03,BBYB,241.23691,243.34653,0.008675098,0.0209378,0.6,-0.01862231455743313,0.02981698513031006,56
2,2026-08-03,APLI,247.09615,249.11662,0.00819695,0.009975672,1.0,0.004620409104973078,0.010352802462875843,57
2,2026-08-03,BUVA,794.1307,801.00793,0.008187806,0.005311489,0.6,-0.038525842130184174,0.05406462773680687,58
2,2026-08-03,MINE,210.92915,212.61014,0.008074927,0.0077780485,0.8,-0.007659601978957653,0.02361738495528698,59
2,2026-08-03,VIVA,39.081856,39.37507,0.007940304,0.018110037,0.8,-0.01466301642358303,0.02117757685482502,60
2,2026-08-03,AMFG,3240.7388,3265.7996,0.0078067183,0.009490132,0.6,-0.007748770527541637,0.021661877632141113,61
2,2026-08-03,NICK,1188.1067,1197.8271,0.0076875687,0.01642406,0.6,-0.03209569305181503,0.045296356081962585,62
2,2026-08-03,SMKM,68.27138,68.723625,0.007606196,0.015415788,0.6,-0.04329083114862442,0.056035324931144714,63
2,2026-08-03,GTSI,139.90886,141.03499,0.0076019405,0.0028692484,0.6,-0.01862865686416626,0.03826519846916199,64
2,2026-08-03,PTSP,893.0084,899.67346,0.0075502037,0.007884026,0.8,-0.0017534613143652678,0.01651737652719021,65
2,2026-08-03,DKFT,645.65607,650.4275,0.0074930666,0.013444185,0.6,-0.010225201025605202,0.021580122411251068,66
2,2026-08-03,SBMA,107.11371,107.906555,0.007398057,0.004561186,1.0,0.0023682834580540657,0.013595104217529297,67
2,2026-08-03,CHIP,923.94934,930.75745,0.0073824287,0.0039560795,0.8,-0.001216542674228549,0.018591521307826042,68
2,2026-08-03,HEXA,4464.398,4497.005,0.007320213,0.0028235912,0.8,-0.000120377546409145,0.017456697300076485,69
2,2026-08-03,BMHS,185.08324,186.42148,0.0072197197,0.0084860325,1.0,0.0034601688385009766,0.010295772925019264,70
2,2026-08-03,NCKL,877.4489,883.8826,0.0071737766,0.0024130344,0.6,-0.00318644056096673,0.02307567372918129,71
2,2026-08-03,SOCI,431.53247,434.354,0.006808424,0.0017704964,0.6,-0.012722944840788841,0.031374119222164154,72
2,2026-08-03,ASPI,398.12238,400.77533,0.00640589,0.015069008,0.6,-0.025900233536958694,0.034688517451286316,73
2,2026-08-03,AKPI,486.80753,489.9004,0.0063733696,0.006292939,0.8,0.00025388001813553274,0.012875818647444248,74
2,2026-08-03,CITY,161.66776,162.68541,0.0063655255,0.009853601,0.8,-0.0027427554596215487,0.01351320743560791,75
2,2026-08-03,OILS,225.7544,227.17368,0.006287396,0.009660482,0.6,-0.008827650919556618,0.020310090854763985,76
2,2026-08-03,SSIA,1583.1774,1592.8462,0.00618093,0.0059045553,0.8,0.001083636307157576,0.012082790955901146,77
2,2026-08-03,BBTN,1188.5925,1195.9064,0.0061576245,0.004306078,0.6,-0.003278028918430209,0.017312120646238327,78
2,2026-08-03,JAYA,130.76163,131.55066,0.0059998157,0.0054484606,0.8,-0.004696524236351252,0.016902897506952286,79
2,2026-08-03,WIRG,55.43933,55.76599,0.005951083,0.0052843094,0.6,-0.005046546459197998,0.01879424974322319,80
2,2026-08-03,NSSS,1016.04865,1022.562,0.0059024454,0.010116935,0.6,-0.03406909853219986,0.04129362106323242,81
2,2026-08-03,PTRO,4441.7236,4467.0967,0.0058794143,0.019621372,0.6,-0.03568060323596001,0.04159571975469589,82
2,2026-08-03,GOLF,159.05997,159.96608,0.0057381988,0.006113887,0.6,-0.005128383636474609,0.016503572463989258,83
2,2026-08-03,LPPS,77.40946,77.85187,0.005719602,0.0027781725,0.8,0.0004542708629742265,0.013028478249907494,84
2,2026-08-03,EPAC,60.303814,60.650593,0.005710685,0.008301854,0.6,-0.01655639335513115,0.024605203419923782,85
2,2026-08-03,SILO,2033.4656,2044.8816,0.0056627034,0.0006810427,0.6,-0.0014106750022619963,0.015117764472961426,86
2,2026-08-03,ISSP,426.55518,428.9375,0.0055982945,0.0037851334,0.8,-0.0018408179748803377,0.014892147853970528,87
2,2026-08-03,INOV,134.74179,135.48714,0.005568242,0.0034070015,0.8,-0.0022922276984900236,0.014618657529354095,88
2,2026-08-03,MEJA,94.09691,94.60344,0.005539012,0.0013657808,0.6,-0.01149672269821167,0.026141948997974396,89
2,2026-08-03,AMOR,333.19595,335.05634,0.005535138,0.008466601,0.8,-0.0039427634328603745,0.01301426813006401,90
2,2026-08-03,TAXI,12.553107,12.620758,0.0054880143,0.009468913,0.6,-0.03346461057662964,0.04333283752202988,91
2,2026-08-03,RIGS,671.0512,674.7262,0.0054689767,0.00329566,0.8,0.0002142786979675293,0.012118672952055931,92
2,2026-08-03,BLTA,31.12057,31.290964,0.0053776265,0.0011011362,0.6,-0.040092095732688904,0.05559515208005905,93
2,2026-08-03,CMNP,1337.3488,1344.4857,0.005373311,0.003474474,0.8,-0.0015411615604534745,0.0130013944581151,94
2,2026-08-03,RICY,77.543625,77.958824,0.005355251,0.0066851377,0.8,-0.0026989339385181665,0.012009811587631702,95
2,2026-08-03,IKPM,184.24786,185.22005,0.0053271176,0.0046731234,0.8,-0.005564200691878796,0.015447735786437988,96
2,2026-08-03,AMAN,255.4241,256.75043,0.0051749586,0.009608507,0.6,-0.0033127903006970882,0.011374210938811302,97
2,2026-08-03,GGRM,18980.791,19076.453,0.005100763,0.0018049479,0.6,-0.015398823656141758,0.025641964748501778,98
2,2026-08-03,RISE,931.5783,936.25244,0.0050725816,0.002964735,0.8,0.0011553168296813965,0.01106412336230278,99
2,2026-08-03,WOWS,56.87426,57.160633,0.00503062,0.0058654547,0.6,-0.003965842537581921,0.0149398073554039,100
2,2026-08-03,MTMH,909.28284,913.7328,0.0049944283,0.011357546,0.6,-0.017300307750701904,0.021939538419246674,101
2,2026-08-03,BTPN,2171.576,2182.3015,0.0049636723,0.0017994642,0.6,-0.003353214357048273,0.015381526201963425,102
2,2026-08-03,TMAS,121.16206,121.760056,0.004944384,0.0054472685,0.8,0.0001968026626855135,0.009002422913908958,103
2,2026-08-03,CHEK,129.32426,129.95432,0.004876852,0.0039852858,0.8,-0.0007898330222815275,0.011406229808926582,104
2,2026-08-03,GRPH,58.464336,58.744274,0.0048535825,0.005538225,0.8,-0.007909536361694336,0.01673884317278862,105
2,2026-08-03,PPGL,210.00381,210.9458,0.00483948,0.014520168,0.6,-0.020328234881162643,0.02561912313103676,106
2,2026-08-03,ASBI,416.37564,418.36835,0.0048345327,0.0076873302,0.8,-0.010512304492294788,0.017067955806851387,107
2,2026-08-03,APII,180.02539,180.8862,0.004772532,0.0047563314,0.8,0.0009952426189556718,0.008450317196547985,108
2,2026-08-03,BFIN,892.82306,896.63855,0.0046881316,0.0021197796,0.6,-0.008805429562926292,0.021057818084955215,109
2,2026-08-03,ADES,36692.35,36861.145,0.004681325,0.0049039125,0.8,-0.004753207787871361,0.014444110915064812,110
2,2026-08-03,RAJA,859.7375,863.70654,0.004602981,0.004953265,0.6,-0.00774990301579237,0.017865536734461784,111
2,2026-08-03,PSSI,322.02466,323.4558,0.00455451,0.0034450293,0.8,-0.010291814804077148,0.020391128957271576,112
2,2026-08-03,PMJS,107.33104,107.80339,0.004480779,0.009090662,0.6,-0.009944438934326172,0.016205571591854095,113
2,2026-08-03,STAA,1089.2627,1093.7924,0.004465759,0.0046406984,0.6,-0.01721169799566269,0.026264378800988197,114
2,2026-08-03,LAND,72.636566,72.95718,0.004461384,0.011849284,0.6,-0.008244514465332031,0.012140822596848011,115
2,2026-08-03,DCII,189519.02,190356.81,0.0044432045,0.0045992136,0.6,-0.0014434456825256348,0.010693501681089401,116
2,2026-08-03,BSML,517.505,519.5448,0.0043486715,0.0032180548,0.8,-0.010965478606522083,0.020208977162837982,117
2,2026-08-03,UFOE,135.51418,136.10104,0.004333234,0.0030508041,0.8,-0.00030491352663375437,0.00951230525970459,118
2,2026-08-03,ASGR,1822.8754,1830.6445,0.0041725873,0.011530042,0.8,-0.02172529697418213,0.023861907422542572,119
2,2026-08-03,MAPA,636.2368,638.8424,0.0041354178,0.0038676262,0.8,-0.00028002262115478516,0.008817266672849655,120
2,2026-08-03,WOOD,233.2313,234.20222,0.0040875315,0.0031846762,0.6,-0.005640697665512562,0.01635861210525036,121
2,2026-08-03,LPCK,513.21484,515.34814,0.004071438,0.0014361143,0.6,-0.0060274479910731316,0.016988608986139297,122
2,2026-08-03,MHKI,127.15305,127.66852,0.004019427,0.0068725348,0.8,-0.007794618606567383,0.013225817121565342,123
2,2026-08-03,WAPO,121.80182,122.29134,0.0040190457,0.0046794415,0.8,-0.003679323010146618,0.011057018302381039,124
2,2026-08-03,CINT,170.57619,171.24179,0.0039729,0.0003322363,0.6,-0.0054464577697217464,0.014327073469758034,125
2,2026-08-03,BOLA,160.46332,161.09184,0.003971374,0.008604169,0.6,-0.005902898497879505,0.011609959416091442,126
2,2026-08-03,LAJU,64.04241,64.28505,0.0038715124,0.0019057989,0.8,-0.0015641928184777498,0.011259387247264385,127
2,2026-08-03,MINA,262.966,263.90952,0.0038406015,0.012547731,0.6,-0.011177897453308105,0.012780261225998402,128
2,2026-08-03,IPCM,303.1357,304.25098,0.0037100792,0.0028909445,0.6,-0.007258963771164417,0.015022015199065208,129
2,2026-08-03,MGRO,675.9832,678.4733,0.0036874295,0.0022211075,1.0,0.0019348382484167814,0.00645678024739027,130
2,2026-08-03,TRGU,162.70227,163.2885,0.00368104,0.008908391,0.6,-0.013560938648879528,0.01834859699010849,131
2,2026-08-03,PSAB,430.31186,431.83624,0.003614664,0.013708711,0.8,-0.021020960062742233,0.020332597196102142,132
2,2026-08-03,AIMS,387.8787,389.28537,0.0036035061,0.0054302216,0.6,-0.005998206324875355,0.011494850739836693,133
2,2026-08-03,ITMA,1321.4896,1326.1807,0.0035544157,0.0024049282,0.6,-0.0063825249671936035,0.014066100120544434,134
2,2026-08-03,DSFI,79.64583,79.922844,0.003510356,0.0006098747,0.6,-0.003985297866165638,0.012519001960754395,135
2,2026-08-03,ARNA,484.82275,486.50226,0.003456676,0.0045734644,0.8,0.0005246044602245092,0.00532033434137702,136
2,2026-08-03,HOMI,183.6894,184.3783,0.0034533262,0.0063102245,0.6,-0.02793588675558567,0.032167620956897736,137
2,2026-08-03,SUPA,611.9707,613.81067,0.003451693,0.008590102,0.6,-0.020068585872650146,0.023289203643798828,138
2,2026-08-03,INKP,8087.1553,8115.218,0.0034353852,0.002692461,0.6,-0.005362963769584894,0.012320851907134056,139
2,2026-08-03,HEAL,793.74524,796.4179,0.0034287213,0.0029666424,0.8,-0.007880425080657005,0.01321632880717516,140
2,2026-08-03,PANS,1564.4332,1569.7795,0.0034177303,0.004530549,0.8,0.00026779179461300373,0.0057708024978637695,141
2,2026-08-03,MDKI,181.60023,182.19876,0.003289807,0.00493598,0.6,-0.005033016204833984,0.011058878153562546,142
2,2026-08-03,WIFI,1958.3141,1965.9066,0.003289175,0.0033156872,0.6,-0.02657872438430786,0.03316228464245796,143
2,2026-08-03,NASI,125.20172,125.60567,0.0032661916,0.0040385723,0.6,-0.0028687715530395508,0.00901496410369873,144
2,2026-08-03,TYRE,111.21017,111.570724,0.0032654167,0.0026658773,0.8,-0.005453312303870916,0.011471676640212536,145
2,2026-08-03,BRPT,1789.6492,1795.5198,0.0032534003,0.012173295,0.6,-0.01771371439099312,0.017044901847839355,146
2,2026-08-03,MBAP,1409.3867,1413.8896,0.0031607628,0.0034000874,0.8,-0.005344843957573175,0.01098940335214138,147
2,2026-08-03,ARTA,2420.6284,2428.3965,0.0031607032,0.0058954954,0.6,-0.019274568185210228,0.024020502343773842,148
2,2026-08-03,DYAN,80.08583,80.33152,0.003100145,0.0044528246,0.6,-0.010583246126770973,0.01606149598956108,149
2,2026-08-03,ELTY,30.979176,31.063236,0.002989757,0.024149895,0.6,-0.05410965532064438,0.05014738813042641,150
2,2026-08-03,SRTG,1759.3121,1764.531,0.0029810548,0.005792618,0.8,-0.010170971974730492,0.012989521026611328,151
2,2026-08-03,AMAR,211.6182,212.24483,0.0029625655,0.0028634071,1.0,0.001358842826448381,0.004902076441794634,152
2,2026-08-03,JAWA,120.33644,120.68834,0.0029580474,0.0061354637,0.8,-0.005344378761947155,0.008914589881896973,153
2,2026-08-03,TAMU,20.099443,20.15887,0.0029402853,0.021270871,0.6,-0.03265857696533203,0.028388403356075287,154
2,2026-08-03,KONI,2402.5388,2409.3418,0.0029214858,0.0009611845,0.8,-0.00598640413954854,0.013027023524045944,155
2,2026-08-03,FORU,2819.714,2828.5234,0.0028226613,0.0075671673,0.6,-0.0378035306930542,0.040863461792469025,156
2,2026-08-03,NEST,688.9248,690.87115,0.0028009533,0.0064572096,0.6,-0.016002606600522995,0.01994132809340954,157
2,2026-08-03,BGTG,110.38554,110.69059,0.002793944,0.002034545,0.8,-0.0038990615867078304,0.008986735716462135,158
2,2026-08-03,CFIN,336.7009,337.6206,0.002725315,0.003114462,0.6,-0.000731348991394043,0.006128072738647461,159
2,2026-08-03,MTEL,454.0192,455.20435,0.0026261925,0.0007930994,0.8,2.609491639304906e-05,0.006979035213589668,160
2,2026-08-03,LPPF,1573.1683,1577.2063,0.0025635958,0.0030299425,0.6,-0.005104017443954945,0.010425519198179245,161
2,2026-08-03,PURA,30.975346,31.052988,0.0025533675,0.00097322464,0.6,-0.008554374799132347,0.015139864757657051,162
2,2026-08-03,HMSP,725.35834,727.1715,0.0025338172,0.001655817,0.6,-0.0021337629295885563,0.008533000014722347,163
2,2026-08-03,SMRA,324.4307,325.23724,0.0025244714,0.0025721788,0.8,-0.0022175072226673365,0.006830405909568071,164
2,2026-08-03,KINO,1226.7244,1229.7878,0.002510929,0.007287383,0.6,-0.015216290950775146,0.01651899889111519,165
2,2026-08-03,DVLA,1590.117,1593.7637,0.0023037791,0.0027343035,0.6,-0.0006893753889016807,0.0054274555295705795,166
2,2026-08-03,KEJU,546.09247,547.3258,0.002277553,0.004404068,0.8,-0.0026998636312782764,0.005200028419494629,167
2,2026-08-03,MERI,99.791794,100.012085,0.002248597,0.0023099184,0.6,-0.008372497744858265,0.011972188949584961,168
2,2026-08-03,IMAS,836.4954,838.32947,0.0022203564,0.0031495094,0.6,-0.0028027654625475407,0.0070352074690163136,169
2,2026-08-03,TMPO,105.35769,105.57396,0.0021723032,0.003335476,0.6,-0.014525067992508411,0.01629466935992241,170
2,2026-08-03,SEMA,95.34471,95.55156,0.0021641373,0.0035562515,0.6,-0.008849263191223145,0.012287139892578125,171
2,2026-08-03,BIRD,1597.8259,1601.2,0.0021062256,0.0015445948,0.6,-0.002556347753852606,0.00728790694847703,172
2,2026-08-03,ESSA,631.367,632.64764,0.0020658611,0.00986886,0.6,-0.01636708900332451,0.017140483483672142,173
2,2026-08-03,BRAM,4480.3516,4489.307,0.0020241141,0.0039947033,0.6,-0.0062108514830470085,0.009441995061933994,174
2,2026-08-03,ALKA,1633.9299,1636.6079,0.0020223618,0.005105734,0.6,-0.024913812056183815,0.027049418538808823,175
2,2026-08-03,BVIC,91.75334,91.93385,0.0019902706,0.00040102005,0.6,-0.00021338462829589844,0.005906056612730026,176
2,2026-08-03,TCID,2742.818,2748.0183,0.0019156098,0.002955079,0.6,-0.004213142208755016,0.007849597372114658,177
2,2026-08-03,HDIT,50.369118,50.4642,0.001897037,0.0020427704,0.6,-0.0028652430046349764,0.0073995343409478664,178
2,2026-08-03,BBNI,3550.616,3557.0571,0.001843369,0.0052218437,0.6,-0.008197891525924206,0.009324407204985619,179
2,2026-08-03,SKLT,196.69315,197.0007,0.001827705,0.006222129,0.6,-0.010314727202057838,0.010623502545058727,180
2,2026-08-03,ITIC,212.74411,213.11726,0.0017539859,0.0012768507,0.6,-0.005072498228400946,0.009874843060970306,181
2,2026-08-03,LUCK,107.69723,107.86543,0.0017096282,0.005143523,0.8,-0.01317658368498087,0.013183211907744408,182
2,2026-08-03,JKON,66.07764,66.18581,0.0016517639,0.0023651123,0.6,-0.005837666802108288,0.008944177068769932,183
2,2026-08-03,TBIG,1406.676,1408.9125,0.001622355,0.0059524775,0.6,-0.012465333566069603,0.013328337110579014,184
2,2026-08-03,JIHD,415.32162,415.9798,0.001572752,0.007065773,0.6,-0.023226726800203323,0.02361326292157173,185
2,2026-08-03,SCCO,2268.7317,2272.0635,0.0014706493,0.004438877,0.6,-0.0050310492515563965,0.0064151999540627,186
2,2026-08-03,MKPI,21677.852,21709.115,0.0014391064,0.0002270937,0.6,-0.0013722418807446957,0.00473818788304925,187
2,2026-08-03,BLES,205.33438,205.40341,0.0014315129,0.00067424774,0.6,-0.026590298861265182,0.033351682126522064,188
2,2026-08-03,TLDN,523.0243,523.7182,0.001320517,0.0023694038,0.6,-0.0056882379576563835,0.007508349139243364,189
2,2026-08-03,LMAX,113.77391,113.91315,0.0013013125,0.004931569,0.6,-0.02017192915081978,0.01795187033712864,190
2,2026-08-03,IDPR,292.3021,292.6752,0.0012986183,0.00033593178,0.6,-0.00994870625436306,0.012942314147949219,191
2,2026-08-03,UNIC,12684.627,12700.719,0.0012628197,0.00020074844,0.8,-0.002142608165740967,0.00487782945856452,192
2,2026-08-03,GTRA,240.93674,241.23482,0.0012477755,0.0017979145,0.8,-0.004890453536063433,0.006156325340270996,193
2,2026-08-03,MPMX,987.83124,989.03064,0.0012121082,0.0018030405,0.6,-0.0005638838047161698,0.0027462958823889494,194
2,2026-08-03,WIDI,24.785622,24.814926,0.0011673092,0.005134821,0.6,-0.013834905810654163,0.014380096457898617,195
2,2026-08-03,BBMD,1955.4694,1957.6478,0.001166594,0.00230515,0.6,-0.01224671583622694,0.0128914350643754,196
2,2026-08-03,SMIL,420.98013,421.612,0.0011369109,0.004355669,0.6,-0.034152887761592865,0.03578504920005798,197
2,2026-08-03,BUAH,500.1661,500.7082,0.0010894298,0.0009100437,0.8,-0.003075194312259555,0.00539548322558403,198
2,2026-08-03,SLIS,60.49514,60.556557,0.0010659337,0.0065283775,0.6,-0.0114531759172678,0.01043765526264906,199
2,2026-08-03,LIFE,5757.081,5763.166,0.0010585666,0.00089108944,0.8,7.489920244552195e-05,0.0021921393927186728,200
2,2026-08-03,BPFI,267.5288,267.79865,0.0010569334,0.00041496754,0.6,-0.007777905557304621,0.00910339318215847,201
2,2026-08-03,ABDA,3461.1328,3464.7031,0.001031518,0.001031518,1.0,0.0010315179824829102,0.0010315179824829102,202
2,2026-08-03,GEMA,80.25677,80.33951,0.0010303616,0.0059655905,0.6,-0.011906873434782028,0.010825585573911667,203
2,2026-08-03,HAIS,178.6051,178.78146,0.0009880423,0.0012072325,0.6,-0.0024418116081506014,0.004816269502043724,204
2,2026-08-03,RALS,376.87335,377.231,0.00094077585,0.00018894672,0.6,-0.0047318218275904655,0.007582973688840866,205
2,2026-08-03,POLY,32.610985,32.641605,0.0009390116,0.0009390116,1.0,0.0009390115737915039,0.0009390115737915039,206
2,2026-08-03,ATLA,50.079216,50.120125,0.00081894395,0.0002425909,1.0,0.00024259090423583984,0.0019716499373316765,207
2,2026-08-03,BHAT,1800.8135,1802.2057,0.00077307224,0.00077307224,1.0,0.0007730722427368164,0.0007730722427368164,208
2,2026-08-03,TRIM,551.4858,551.8704,0.0007463336,0.0075087547,0.6,-0.013907909393310547,0.01135315839201212,209
2,2026-08-03,BAUT,29.238083,29.254938,0.0007009387,0.0033427477,0.6,-0.012410330586135387,0.0117934700101614,210
2,2026-08-03,RUIS,199.76123,199.90182,0.0006789804,0.0021309853,0.6,-0.0068305968306958675,0.0073348283767700195,211
2,2026-08-03,SAPX,214.21819,214.33286,0.00053855183,0.0017999411,0.6,-0.009002696722745895,0.009396838024258614,212
2,2026-08-03,LPIN,421.88055,422.08017,0.00048304797,0.0011326075,0.8,-0.0032515644561499357,0.0037299152463674545,213
2,2026-08-03,SIDO,365.4151,365.57904,0.00043429137,0.0009948015,0.6,-0.011786531656980515,0.011178064160048962,214
2,2026-08-03,BBSI,4676.2905,4678.126,0.00039387943,0.0007266998,0.6,-0.0011254310375079513,0.001677823020145297,215
2,2026-08-03,PALM,293.85547,293.96783,0.00026285648,0.0017228127,0.8,-0.015372037887573242,0.013225030153989792,216
2,2026-08-03,WEGE,50.494987,50.506214,0.00022239685,0.0005425215,0.6,-0.00029840468778274953,0.0005425214767456055,217
2,2026-08-03,IBFN,63.486073,63.499275,0.00020802021,0.00020802021,1.0,0.00020802021026611328,0.00020802021026611328,218
2,2026-08-03,KJEN,141.60532,141.66458,0.00020424128,0.0077929497,0.6,-0.05518251657485962,0.054561153054237366,219
2,2026-08-03,TIRT,574.7638,574.87915,0.00020074844,0.00020074844,1.0,0.00020074844360351562,0.00020074844360351562,220
2,2026-08-03,GOTO,49.30635,49.315376,0.00018308163,0.00011575222,0.8,2.9134749638615176e-05,0.0004043578519485891,221
2,2026-08-03,KARW,209.06033,209.09526,0.00016725063,0.00016725063,1.0,0.0001672506332397461,0.0001672506332397461,222
2,2026-08-03,CLEO,385.76123,385.81918,0.00015217066,0.0042551756,0.6,-0.009975861757993698,0.006984257139265537,223
2,2026-08-03,BIKE,509.42096,509.48346,0.00012266636,0.00012266636,1.0,0.0001226663589477539,0.0001226663589477539,224
2,2026-08-03,VINS,139.18336,139.18282,0.00011895895,0.012737751,0.6,-0.024638747796416283,0.01600353606045246,225
2,2026-08-03,AMAG,382.0104,382.05035,0.00011380911,5.6147575e-05,0.6,-0.004385650157928467,0.003997134976089001,226
2,2026-08-03,ARKA,22.680052,22.682594,0.00011205673,0.00011205673,1.0,0.00011205673217773438,0.00011205673217773438,227
2,2026-08-03,GTBO,166.81094,166.82962,0.00011193752,0.00011193752,1.0,0.0001119375228881836,0.0001119375228881836,228
2,2026-08-03,SPMA,162.77094,162.78577,7.660389e-05,0.00658679,0.6,-0.013309705071151257,0.008292770013213158,229
2,2026-08-03,ASSA,598.397,598.4013,3.8266182e-05,0.0035607815,0.8,-0.011286592110991478,0.007677173707634211,230
2,2026-08-03,INDX,57.425636,57.426674,1.8119812e-05,1.8119812e-05,1.0,1.811981201171875e-05,1.811981201171875e-05,231
2,2026-08-03,AKKU,37.790527,37.790688,4.2915344e-06,4.2915344e-06,1.0,4.291534423828125e-06,4.291534423828125e-06,232
2,2026-08-03,EDGE,4787.2065,4787.2197,2.7418137e-06,2.7418137e-06,1.0,2.7418136596679688e-06,2.7418136596679688e-06,233
3,2026-08-04,KAQI,91.893036,99.44621,0.08273186,0.002015233,0.6,-0.00813215970993042,0.2542790174484253,1
3,2026-08-04,BAPI,20.199335,21.741802,0.07851297,0.078166366,0.8,-0.0028032418340444565,0.16281232237815857,2
3,2026-08-04,CTTH,130.96985,141.97617,0.070957065,0.04534948,0.8,-0.004046749323606491,0.17600396275520325,3
3,2026-08-04,MSIE,109.14286,114.314575,0.046556722,0.04222691,0.8,0.005392849445343018,0.08532993495464325,4
3,2026-08-04,IKAI,19.878063,20.652685,0.039654564,0.035593152,1.0,0.016047310084104538,0.06541059166193008,5
3,2026-08-04,DOSS,168.11128,174.93497,0.037844002,0.037627697,0.6,-0.009304583072662354,0.08389902114868164,6
3,2026-08-04,FOLK,197.92215,204.058,0.031621885,0.013345599,0.6,-0.026256144046783447,0.09950036555528641,7
3,2026-08-04,MLPT,1655.6041,1701.293,0.026511502,0.028984547,0.6,-0.012224674224853516,0.06594247370958328,8
3,2026-08-04,OASA,316.96506,325.24518,0.025653457,0.014975786,1.0,0.00790946464985609,0.054341524839401245,9
3,2026-08-04,LMAX,113.91315,116.63136,0.023754645,0.025281787,0.8,0.0070996759459376335,0.03902745246887207,10
3,2026-08-04,KKES,69.05031,70.6633,0.023445677,0.023111343,0.8,-0.005896472372114658,0.05049519240856171,11
3,2026-08-04,MARK,1090.5017,1115.9408,0.023235226,0.024419308,1.0,0.01213760394603014,0.032895635813474655,12
3,2026-08-04,IRSX,312.89163,319.86533,0.022589326,0.036135077,0.8,-0.03273747116327286,0.06926018744707108,13
3,2026-08-04,WGSH,158.92685,162.05875,0.02225554,0.018227577,0.6,-0.049598682671785355,0.09676150977611542,14
3,2026-08-04,RATU,4975.7393,5086.2407,0.021945989,0.015161037,0.8,0.0001398208551108837,0.051971904933452606,15
3,2026-08-04,ARKO,4138.8105,4208.79,0.020370375,0.004954219,0.6,-0.01734067127108574,0.07226049154996872,16
3,2026-08-04,BNBR,91.277466,93.651886,0.020218503,0.039319396,0.6,-0.07998055219650269,0.11090986430644989,17
3,2026-08-04,ARCI,1020.2915,1040.8909,0.01984911,0.011631131,0.6,-0.011550724506378174,0.05599388852715492,18
3,2026-08-04,SMKM,68.723625,70.03676,0.019513845,0.0064376593,1.0,0.0028314590454101562,0.04878086596727371,19
3,2026-08-04,UDNG,1099.9104,1119.8333,0.019346869,0.0028607845,0.6,-0.030950164422392845,0.0760364755988121,20
3,2026-08-04,URBN,209.43762,213.40361,0.019137751,0.019129395,0.8,0.00041505112312734127,0.03733344003558159,21
3,2026-08-04,INPS,637.80945,650.18933,0.019076025,0.021679401,0.8,-0.002306615933775902,0.03626613691449165,22
3,2026-08-04,RSCH,310.22067,315.76288,0.018453777,0.022124648,0.6,-0.010499143972992897,0.04442746564745903,23
3,2026-08-04,AMMS,277.6607,282.6779,0.018391967,0.0147669315,0.8,-0.006265091709792614,0.04372236505150795,24
3,2026-08-04,SSTM,389.24823,395.31985,0.017776001,0.0003851652,0.6,-0.056948889046907425,0.09452063590288162,25
3,2026-08-04,PBID,540.9451,550.6582,0.01772524,0.0050264597,0.8,-0.0007624267600476742,0.048724718391895294,26
3,2026-08-04,ANDI,17.004221,17.291178,0.01750046,0.00990212,0.6,-0.0064546107314527035,0.04440126568078995,27
3,2026-08-04,PTPS,144.02144,146.40237,0.016260099,0.0077311993,0.6,-0.015408539213240147,0.05672261118888855,28
3,2026-08-04,CASS,1840.4915,1868.7756,0.015736997,0.0045958757,0.8,-0.005550825502723455,0.044566936790943146,29
3,2026-08-04,SDMU,76.08191,77.23142,0.015565097,0.013495922,0.8,-0.007953870110213757,0.04260541871190071,30
3,2026-08-04,ASPI,400.77533,406.58917,0.014688348,0.016314268,0.8,0.0015252353623509407,0.0252351276576519,31
3,2026-08-04,DAAZ,1567.3906,1589.0454,0.014496565,0.0030312538,1.0,0.0007120370864868164,0.03736571967601776,32
3,2026-08-04,AYAM,420.79108,427.03156,0.014469052,0.0016492605,0.6,-0.003342354204505682,0.04350873827934265,33
3,2026-08-04,TAMU,20.15887,20.444244,0.014468217,0.008906722,0.6,-0.010035490617156029,0.041748642921447754,34
3,2026-08-04,VKTR,711.201,721.0901,0.013989806,0.012312055,0.6,-0.016573632135987282,0.047325752675533295,35
3,2026-08-04,ASLC,60.946484,61.789917,0.01370573,0.012995005,0.6,-0.00459445733577013,0.03475620597600937,36
3,2026-08-04,HYGN,170.23154,172.42993,0.012849128,0.014792919,0.8,-0.0011824490502476692,0.02410142309963703,37
3,2026-08-04,DGNS,230.01892,232.91313,0.012658859,0.008899927,1.0,0.002896952675655484,0.025682900100946426,38
3,2026-08-04,PEVE,317.74088,321.63608,0.012545979,0.018230677,0.8,-0.00521663436666131,0.027097057551145554,39
3,2026-08-04,SPRE,88.93932,89.95342,0.0120841265,0.014100194,0.6,-0.012919783592224121,0.03577869012951851,40
3,2026-08-04,SSMS,988.23865,999.05194,0.011845279,0.012962222,0.6,-0.022304141893982887,0.04954087361693382,41
3,2026-08-04,BREN,3356.937,3395.6375,0.011582029,0.0017790794,0.6,-0.004004466347396374,0.034248873591423035,42
3,2026-08-04,LINK,1375.8823,1391.6377,0.011578632,0.01012516,1.0,0.0031090974807739258,0.021744774654507637,43
3,2026-08-04,KETR,543.5316,549.75134,0.011556745,0.02865851,0.6,-0.02122325822710991,0.032836269587278366,44
3,2026-08-04,MPRO,10146.568,10261.803,0.011381877,0.01578188,0.8,-0.013563787564635277,0.03168809413909912,45
3,2026-08-04,DGIK,125.734665,127.13955,0.011264777,0.0110042095,1.0,0.005133867263793945,0.018561363220214844,46
3,2026-08-04,BSML,519.5448,525.27246,0.011077476,0.007211566,1.0,0.0025193928740918636,0.021598244085907936,47
3,2026-08-04,PADI,66.33558,67.073135,0.011023211,0.0073361397,0.6,-0.009323716163635254,0.03575835004448891,48
3,2026-08-04,WINE,151.07047,152.743,0.011016786,0.012733579,0.6,-0.009485769085586071,0.03191246837377548,49
3,2026-08-04,BABY,181.46347,183.42282,0.0109445695,0.016147852,0.6,-0.004166794009506702,0.02363257296383381,50
3,2026-08-04,JSPT,1439.5159,1455.3937,0.010908115,0.010480642,0.8,-0.008517801761627197,0.03202676400542259,51
3,2026-08-04,BLTA,31.290964,31.593903,0.0108970525,0.022519708,0.8,-0.02047034353017807,0.03456513583660126,52
3,2026-08-04,FUTR,274.00107,276.88995,0.010649216,0.016107798,0.8,-0.006523883435875177,0.025125503540039062,53
3,2026-08-04,IDEA,58.520447,59.12638,0.010637879,0.0004544258,0.6,-0.0008268952369689941,0.029539916664361954,54
3,2026-08-04,ERAL,301.89188,305.00873,0.010318863,0.010603547,0.8,0.0002763152588158846,0.021539900451898575,55
3,2026-08-04,OMED,209.6294,211.69885,0.009900868,0.0074204206,0.6,-0.012394201941788197,0.03142905235290527,56
3,2026-08-04,MEDC,1255.508,1268.0559,0.009832323,0.019456387,0.6,-0.014565670862793922,0.02959446795284748,57
3,2026-08-04,SMDM,553.96277,559.33,0.009818232,0.004553199,0.6,-0.0027762651443481445,0.027304552495479584,58
3,2026-08-04,MLPL,92.019516,92.930435,0.009763205,0.007129431,0.8,-0.0009848475456237793,0.02237095683813095,59
3,2026-08-04,PTSN,262.25732,264.73306,0.009457862,0.008966327,0.8,-0.007711565587669611,0.026575015857815742,60
3,2026-08-04,POLA,55.31668,55.811592,0.009451652,0.0072375536,0.8,-0.00820703525096178,0.02773740142583847,61
3,2026-08-04,RELI,484.02106,488.50375,0.009314621,0.0074511766,0.8,-8.45072790980339e-05,0.019896719604730606,62
3,2026-08-04,PORT,853.5838,861.33203,0.009217942,0.011612415,0.8,-0.0021566273644566536,0.018438076600432396,63
3,2026-08-04,BHIT,24.218967,24.440496,0.009175539,0.009105682,1.0,0.004897761158645153,0.013796687126159668,64
3,2026-08-04,INCI,652.4943,658.31165,0.008985007,0.007862687,0.6,-0.00347231631167233,0.022557925432920456,65
3,2026-08-04,BUKK,978.10187,986.96027,0.008977532,0.007679701,0.6,-0.01457754336297512,0.03295411914587021,66
3,2026-08-04,CMRY,4651.728,4692.3296,0.008776379,0.0065499544,0.6,-0.0018183111678808928,0.020963406190276146,67
3,2026-08-04,MPXL,152.148,153.46623,0.008635414,0.010958672,0.8,-0.0009957433212548494,0.017250917851924896,68
3,2026-08-04,CMNT,821.18866,828.2257,0.008523703,0.014650106,0.8,-0.0035639286506921053,0.016765857115387917,69
3,2026-08-04,PAMG,55.991932,56.45101,0.008336234,0.0059598684,0.8,-0.00040161609649658203,0.01791517622768879,70
3,2026-08-04,AMMN,4096.3467,4131.7524,0.008301067,0.01707685,0.6,-0.015911221504211426,0.025720786303281784,71
3,2026-08-04,KMTR,229.38193,231.25687,0.008256686,0.010073066,0.6,-0.005763137247413397,0.02166292630136013,72
3,2026-08-04,PPRE,102.6016,103.42859,0.008171844,0.0027366877,0.6,-0.004757821559906006,0.028035564348101616,73
3,2026-08-04,BEEF,425.7657,429.0661,0.007536602,0.00873518,0.8,-0.006483292672783136,0.02017025835812092,74
3,2026-08-04,INCO,4993.6885,5029.117,0.007336974,0.005303502,0.6,-0.009796750731766224,0.02560889720916748,75
3,2026-08-04,IKBI,563.48206,567.6168,0.0073338747,0.0074882507,1.0,0.0035135746002197266,0.010761689394712448,76
3,2026-08-04,ASGR,1830.6445,1843.6289,0.007196605,0.0008201599,0.6,-0.01314152404665947,0.03200101479887962,77
3,2026-08-04,BAPA,166.02567,167.22202,0.0071332217,0.0068701506,0.6,-0.011689901351928711,0.026655053719878197,78
3,2026-08-04,EXCL,2429.8367,2446.9626,0.007064915,0.008684754,1.0,0.0024433613289147615,0.010642695240676403,79
3,2026-08-04,BBRM,111.58506,112.3323,0.007024765,0.0020774603,0.6,-0.010257398709654808,0.025211453437805176,80
3,2026-08-04,DYAN,80.33152,80.89309,0.0070241094,0.01874137,0.6,-0.011030936613678932,0.019257426261901855,81
3,2026-08-04,VRNA,75.00009,75.52293,0.0070101023,0.0017693043,0.8,-0.0011017561191692948,0.018964622169733047,82
3,2026-08-04,AKRA,1476.5349,1486.7999,0.006997836,0.006225705,0.6,-0.008778274059295654,0.022984623908996582,83
3,2026-08-04,ADES,36861.145,37116.133,0.0069711567,0.013648748,0.6,-0.012034046463668346,0.022081779316067696,84
3,2026-08-04,TFAS,186.72119,188.0407,0.0069377543,0.0057011843,0.6,-0.006315028760582209,0.021231889724731445,85
3,2026-08-04,CLEO,385.81918,388.47614,0.006851268,0.0035310984,0.8,0.0001227855682373047,0.016749214380979538,86
3,2026-08-04,SUPA,613.81067,618.1123,0.006844568,0.003927231,0.8,-0.016191266477108,0.03140141814947128,87
3,2026-08-04,YOII,82.88637,83.44869,0.006811619,0.007735729,0.8,0.0007063150405883789,0.011606884188950062,88
3,2026-08-04,BFIN,896.63855,902.4216,0.0067626596,0.0016777515,0.6,-0.012275350280106068,0.031483717262744904,89
3,2026-08-04,PART,98.816986,99.4785,0.0066785812,0.003891945,0.6,-0.0024929761420935392,0.017843864858150482,90
3,2026-08-04,FPNI,315.19193,317.24948,0.006671953,0.008022189,1.0,0.001206135842949152,0.01128997839987278,91
3,2026-08-04,PALM,293.96783,295.7972,0.0064128516,0.0059622526,0.6,-0.0072281239554286,0.019218754023313522,92
3,2026-08-04,IKPM,185.22005,186.41139,0.0064014914,0.0036734343,0.8,0.0011276006698608398,0.013335036113858223,93
3,2026-08-04,KBLV,120.880516,121.59898,0.006356442,0.001434803,0.6,-0.020734775811433792,0.03481771796941757,94
3,2026-08-04,MTLA,510.8348,514.04785,0.00630126,0.007503748,1.0,0.0017752170097082853,0.010290932841598988,95
3,2026-08-04,GUNA,197.01985,198.2499,0.0062399744,0.004871249,0.6,-0.003588080406188965,0.018193315714597702,96
3,2026-08-04,SKBM,533.84827,537.09875,0.006201482,0.02355814,0.6,-0.024486470967531204,0.02644495852291584,97
3,2026-08-04,ALKA,1636.6079,1645.6624,0.005867994,0.011263847,0.8,-0.021802008152008057,0.029059216380119324,98
3,2026-08-04,CBUT,807.8176,812.44666,0.0057783364,0.006248355,0.8,-0.010432266630232334,0.022064492106437683,99
3,2026-08-04,UNTD,78.4445,78.92069,0.0057509663,0.002219081,0.6,-0.009224414825439453,0.023975633084774017,100
3,2026-08-04,ADRO,2472.3608,2486.3518,0.0056286217,0.008357644,0.8,-0.0016362309688702226,0.011495780199766159,101
3,2026-08-04,MAPB,1161.2245,1167.1794,0.005621719,0.0051802397,0.6,-0.014897453598678112,0.025651810690760612,102
3,2026-08-04,BMTR,110.47843,111.093216,0.005587244,0.00577116,0.8,-0.0031322715803980827,0.013834165409207344,103
3,2026-08-04,MBAP,1413.8896,1421.6127,0.0054982184,0.0058728456,0.8,-0.007606625556945801,0.017080973833799362,104
3,2026-08-04,BMRI,4159.997,4182.0537,0.0054572104,0.001969099,0.8,-0.0021237849723547697,0.016693875193595886,105
3,2026-08-04,BBTN,1195.9064,1202.1953,0.0052348375,0.0045259,0.8,-0.00026488304138183594,0.010605406947433949,106
3,2026-08-04,MPIX,93.10744,93.591385,0.0052025793,0.0046594143,0.8,-0.007441091351211071,0.016965080052614212,107
3,2026-08-04,WOWS,57.160633,57.444275,0.0050756694,0.007907867,0.6,-0.008909845724701881,0.01771561987698078,108
3,2026-08-04,HEAL,796.4179,800.47217,0.0050643324,0.0025755167,0.8,-0.0021597265731543303,0.013076710514724255,109
3,2026-08-04,DEWA,450.5432,452.58618,0.0049687265,0.01685536,0.6,-0.02782808616757393,0.03100600093603134,110
3,2026-08-04,FMII,249.20222,250.42632,0.004944551,0.0015351772,0.8,-0.0013691544299945235,0.013686131685972214,111
3,2026-08-04,MERK,3931.942,3951.0364,0.004898262,0.0060065985,0.6,-0.0018597483867779374,0.011724686250090599,112
3,2026-08-04,BNBA,734.0905,737.5689,0.00480386,0.0044106245,0.8,-0.005560457706451416,0.016084693372249603,113
3,2026-08-04,DILD,116.04582,116.59369,0.004712331,0.0054650307,0.8,-0.003326022531837225,0.011715817265212536,114
3,2026-08-04,MAYA,193.50807,194.41992,0.0047063828,0.0039428473,1.0,0.0026336670853197575,0.007118105888366699,115
3,2026-08-04,TOTO,242.1833,243.31723,0.0046649454,0.0066366196,0.8,0.00028207304421812296,0.008018684573471546,116
3,2026-08-04,TPMA,449.59344,451.695,0.0046369075,0.005143404,0.6,-0.010453546419739723,0.018828080967068672,117
3,2026-08-04,ARII,272.7558,274.0145,0.004614794,0.0015981197,0.8,-0.0034098506439477205,0.014846371486783028,118
3,2026-08-04,BKDP,165.35022,166.09753,0.004529691,0.0032190084,0.6,-0.0045778751373291016,0.015723656862974167,119
3,2026-08-04,SMMA,20250.191,20339.988,0.0045133354,0.006799698,0.6,-0.007988941855728626,0.015783166512846947,120
3,2026-08-04,BRNA,592.0563,594.7031,0.0045086024,0.0027395487,0.8,-0.0007316708215512335,0.010518908500671387,121
3,2026-08-04,HRTA,1826.6042,1834.2285,0.004479396,0.0075668097,0.6,-0.008577883243560791,0.01622295379638672,122
3,2026-08-04,HOMI,184.3783,185.27588,0.004461193,0.002939701,0.8,-0.005781149957329035,0.01565844938158989,123
3,2026-08-04,RGAS,231.56511,232.48926,0.004361558,0.016059995,0.8,-0.02429325506091118,0.023975800722837448,124
3,2026-08-04,PTPP,196.82304,197.69205,0.0043370365,0.0024981499,0.8,-0.007430851459503174,0.016789935529232025,125
3,2026-08-04,TOOL,64.88179,65.15193,0.004311478,0.005572319,0.6,-0.0108259916305542,0.017519425600767136,126
3,2026-08-04,RISE,936.25244,940.2694,0.0043019056,0.0030429363,1.0,0.0026727914810180664,0.006872605998069048,127
3,2026-08-04,BCIC,120.94945,121.442215,0.004222274,0.0062435865,0.6,-0.01376121025532484,0.021829770877957344,128
3,2026-08-04,BOLA,161.09184,161.78073,0.0042135357,0.00673759,0.6,-0.006960761733353138,0.014545559883117676,129
3,2026-08-04,KRYA,57.885292,58.110706,0.0041322946,0.0021153688,0.6,-0.010817622765898705,0.019669102504849434,130
3,2026-08-04,DMND,602.57764,605.0348,0.0041069267,0.0038410425,0.8,-0.001948881195858121,0.009885167703032494,131
3,2026-08-04,SPTO,597.7223,600.1021,0.004049301,0.0065848827,0.8,-0.004969548899680376,0.01126768533140421,132
3,2026-08-04,INTD,246.85384,247.8811,0.004020357,0.014900446,0.8,-0.017104435712099075,0.01682898961007595,133
3,2026-08-04,DSNG,1354.0564,1359.3691,0.0040155053,0.0064721107,0.8,-0.0026800036430358887,0.008781766518950462,134
3,2026-08-04,GGRM,19076.453,19151.572,0.003990686,0.0045155287,0.8,0.0007117390632629395,0.007102679926902056,135
3,2026-08-04,CCSI,248.04195,249.02542,0.0039701583,0.0037173033,0.6,-0.0015943646430969238,0.009586977772414684,136
3,2026-08-04,AMOR,335.05634,336.34927,0.0039116023,0.0014061928,0.8,-0.0009854435920715332,0.00988626480102539,137
3,2026-08-04,PANR,412.18018,413.7837,0.0039043427,0.0008985996,0.6,-0.0020597814582288265,0.013304159976541996,138
3,2026-08-04,SRTG,1764.531,1771.2057,0.0038751364,0.004378557,0.6,-0.008379841223359108,0.01584486849606037,139
3,2026-08-04,MAPI,1504.3029,1510.1871,0.0038699866,0.010181665,0.8,-0.01222767774015665,0.014735220931470394,140
3,2026-08-04,KMDS,537.8156,539.8623,0.0038393617,0.002297759,0.6,-0.008627796545624733,0.017231199890375137,141
3,2026-08-04,FITT,342.34186,343.65976,0.003830266,0.0013992786,0.6,-0.012197315692901611,0.02361254394054413,142
3,2026-08-04,SAFE,368.67618,370.08588,0.003798139,0.002153039,0.6,-0.00416189432144165,0.012501979246735573,143
3,2026-08-04,IFII,206.5384,207.2952,0.0037599802,0.0032055378,0.8,-0.0075736758299171925,0.014125322923064232,144
3,2026-08-04,EMDE,67.06972,67.3198,0.0037278652,0.00011396408,0.6,-0.002952444599941373,0.012277364730834961,145
3,2026-08-04,SONA,2453.914,2462.9263,0.003646326,0.003616929,0.8,-0.0038392781279981136,0.010802816599607468,146
3,2026-08-04,SAGE,32.392036,32.507366,0.003583646,0.00014233589,0.6,-0.007147657684981823,0.018415162339806557,147
3,2026-08-04,MPPA,46.90193,47.067482,0.0035794377,0.0023019314,0.6,-0.00751261692494154,0.015323185361921787,148
3,2026-08-04,SMSM,1763.1481,1769.36,0.003564036,0.0034070015,0.6,-0.004008924588561058,0.01165769062936306,149
3,2026-08-04,KOBX,155.33871,155.86597,0.0035381913,0.005186558,0.6,-0.0126716373488307,0.018113374710083008,150
3,2026-08-04,SCMA,193.62949,194.29626,0.003456068,0.0012611151,0.8,-0.00046451090020127594,0.00920786801725626,151
3,2026-08-04,BLOG,351.24667,352.43927,0.0034164668,0.0024145842,0.8,-0.002263522008433938,0.00960082933306694,152
3,2026-08-04,IPCC,1129.0875,1133.0839,0.003390801,3.349781e-05,0.6,-0.00808109063655138,0.018612168729305267,153
3,2026-08-04,MKTR,119.03664,119.4402,0.003384459,0.0010427237,0.6,-0.005031931214034557,0.01330485288053751,154
3,2026-08-04,BBSI,4678.126,4693.871,0.0033683062,0.0039417744,1.0,0.0020488977897912264,0.004176497459411621,155
3,2026-08-04,CLPI,1544.6185,1549.7744,0.0033481598,0.003595829,1.0,0.0008495569345541298,0.005691552069038153,156
3,2026-08-04,KOKA,187.85191,188.4479,0.0033360242,0.017000318,0.6,-0.05809229612350464,0.05115830898284912,157
3,2026-08-04,KOTA,150.47891,151.16577,0.003329909,0.015155911,0.6,-0.03404442220926285,0.03580791503190994,158
3,2026-08-04,MDLA,208.65884,209.33687,0.0032443285,0.0032969713,0.8,-0.0007392882835119963,0.006617069244384766,159
3,2026-08-04,MSTI,1317.1302,1321.4182,0.003222406,0.004016757,0.6,-0.0028427718207240105,0.009330295957624912,160
3,2026-08-04,KPIG,79.72041,79.95121,0.003197968,0.021815896,0.6,-0.04286327213048935,0.040715932846069336,161
3,2026-08-04,CHEM,64.01394,64.21205,0.0031157613,0.0055288076,0.6,-0.0025058507453650236,0.007467007264494896,162
3,2026-08-04,BCIP,62.6458,62.842888,0.003113556,0.0054775476,0.6,-0.0031596540939062834,0.008500169962644577,163
3,2026-08-04,GGRP,292.45688,293.35828,0.0031112195,0.0051056147,0.8,-0.0037013529799878597,0.008114933967590332,164
3,2026-08-04,CUAN,656.7449,659.20026,0.0030823709,0.011787415,0.6,-0.04618847370147705,0.04845619201660156,165
3,2026-08-04,NISP,1246.0133,1249.8221,0.0030694366,0.0030882359,0.8,-0.0010801434982568026,0.0071115256287157536,166
3,2026-08-04,BSBK,51.66036,51.81534,0.0030525208,0.0024676323,0.6,-0.004619777202606201,0.010363578796386719,167
3,2026-08-04,SATU,261.61768,262.40527,0.003001952,0.0011440516,0.8,-0.0008564471499994397,0.007976721972227097,168
3,2026-08-04,BIPP,60.403015,60.568565,0.0029317737,0.013500571,0.6,-0.021029209718108177,0.018877815455198288,169
3,2026-08-04,LABS,149.21591,149.63054,0.0027974725,0.0007171631,0.8,-0.00041748283547349274,0.007538198959082365,170
3,2026-08-04,DWGL,369.3465,370.06683,0.002740228,0.011234522,0.6,-0.0349918007850647,0.038815706968307495,171
3,2026-08-04,PRIM,102.21779,102.485306,0.002623892,0.0039731264,0.6,-0.00725290784612298,0.011877298355102539,172
3,2026-08-04,HGII,120.25322,120.56167,0.0025690557,0.002396226,0.8,-0.0019598007202148438,0.006751537322998047,173
3,2026-08-04,TINS,3406.4243,3415.2258,0.0025176764,0.0053344965,0.6,-0.01008384209126234,0.014384936541318893,174
3,2026-08-04,MBSS,2872.0413,2878.7827,0.0025104166,0.0038007498,0.8,-0.014220583252608776,0.017672203481197357,175
3,2026-08-04,CFIN,337.6206,338.44174,0.0024481057,0.003424406,0.8,-0.0015385865699499846,0.005985593423247337,176
3,2026-08-04,PTBA,2291.8047,2297.1433,0.0024006604,0.0011222363,0.6,-0.0012794733047485352,0.006676030345261097,177
3,2026-08-04,ASHA,56.308002,56.39552,0.0023404837,0.007993937,0.6,-0.032653093338012695,0.03596319630742073,178
3,2026-08-04,CLAY,2314.6084,2319.946,0.0023318052,0.0029078722,0.6,-0.00919637642800808,0.013414192013442516,179
3,2026-08-04,POWR,717.9494,719.6002,0.002317202,0.0011053085,0.8,-0.0013107180129736662,0.0065295216627418995,180
3,2026-08-04,WIRG,55.76599,55.893066,0.0022797943,0.003353238,0.6,-0.010660326108336449,0.015167925506830215,181
3,2026-08-04,ICBP,6873.081,6888.4946,0.0022530556,0.0009163618,0.6,-0.003995287232100964,0.009170126169919968,182
3,2026-08-04,MTEL,455.20435,456.20108,0.0021846413,0.004103899,0.8,-0.0014546036254614592,0.004514622502028942,183
3,2026-08-04,ISEA,77.20887,77.371826,0.0021436452,0.0025535822,0.6,-0.006433522794395685,0.010533809661865234,184
3,2026-08-04,DKHH,61.55121,61.675392,0.0021208525,0.0021083355,0.6,-0.007391882129013538,0.01120147667825222,185
3,2026-08-04,OPMS,102.04168,102.27641,0.0021130205,0.0009866953,0.6,-0.00901715736836195,0.013751196675002575,186
3,2026-08-04,CARE,419.43707,420.31207,0.0021059394,0.0021930933,0.6,-0.0046611069701612,0.00845103245228529,187
3,2026-08-04,AMAN,256.75043,257.26782,0.0020820617,8.070469e-05,0.6,-0.004572033882141113,0.00922160129994154,188
3,2026-08-04,MDLN,49.897594,49.999268,0.0020569086,0.00013291836,1.0,0.0001329183578491211,0.005534743890166283,189
3,2026-08-04,LPCK,515.34814,516.3675,0.0020199537,0.000782609,0.8,-0.0007961273076944053,0.005552386865019798,190
3,2026-08-04,MTWI,254.2374,254.73137,0.001964414,0.0017745495,0.8,-0.003113901475444436,0.007087539881467819,191
3,2026-08-04,JKON,66.18581,66.313675,0.0019250393,0.0025395155,0.8,0.00017828942509368062,0.0034251450560986996,192
3,2026-08-04,LAJU,64.28505,64.411995,0.0019088984,0.0014423132,0.6,-0.012994492426514626,0.017238281667232513,193
3,2026-08-04,PANS,1569.7795,1572.6853,0.0018476486,0.0024393797,0.6,-0.006289338693022728,0.00906290952116251,194
3,2026-08-04,INPC,136.37398,136.6058,0.0017401219,0.0016602278,0.6,-0.015682648867368698,0.017740868031978607,195
3,2026-08-04,BSSR,4273.378,4280.6494,0.0017141581,0.0020586252,0.8,-0.0013517379993572831,0.004286312963813543,196
3,2026-08-04,WMUU,51.171852,51.25509,0.0016811609,0.0034496784,0.6,-0.004939055070281029,0.006918430328369141,197
3,2026-08-04,DEFI,101.111885,101.29581,0.0016705871,0.0053994656,0.6,-0.02794957160949707,0.028348825871944427,198
3,2026-08-04,PNBN,892.4415,893.89777,0.0016366839,0.0017234087,0.8,-0.0005591273074969649,0.0037446017377078533,199
3,2026-08-04,DMAS,139.98572,140.21187,0.0016324163,0.00019848347,0.6,-0.0015053630340844393,0.005898451432585716,200
3,2026-08-04,TCID,2748.0183,2752.3425,0.0015850902,0.003280282,0.8,-0.0018702149391174316,0.0035733699332922697,201
3,2026-08-04,BJTM,512.96454,513.7639,0.0015575647,0.0008032322,0.8,-0.0013712167274206877,0.004882740788161755,202
3,2026-08-04,TOTL,1111.775,1113.4597,0.0015434384,0.0015970469,0.8,-0.002961432794108987,0.005748128518462181,203
3,2026-08-04,MPMX,989.03064,990.5586,0.0015357018,0.002026081,0.6,-0.0015928626526147127,0.004429936408996582,204
3,2026-08-04,KICI,189.9483,190.23163,0.001518917,0.0041356087,0.6,-0.007321739103645086,0.009127354249358177,205
3,2026-08-04,JTPE,614.74384,615.67444,0.0015187741,0.0016871691,0.6,-0.0010897754691541195,0.004060005769133568,206
3,2026-08-04,PSGO,197.21472,197.51279,0.0015180468,0.0003042221,0.6,-0.0007886647945269942,0.004749941639602184,207
3,2026-08-04,PJAA,450.95532,451.62714,0.0015022873,0.0020526648,0.6,-0.004391980357468128,0.007150339428335428,208
3,2026-08-04,BNII,187.6913,187.94632,0.0013532996,0.0011242628,0.6,-0.0030003786087036133,0.005553817842155695,209
3,2026-08-04,MITI,154.37372,154.55829,0.0013510466,0.013984919,0.8,-0.024015402421355247,0.015635227784514427,210
3,2026-08-04,ADHI,155.33963,155.52469,0.0012974382,0.004199624,0.6,-0.012772011570632458,0.013732790015637875,211
3,2026-08-04,HOKI,53.37964,53.4399,0.0012906671,0.008652806,0.6,-0.018202651292085648,0.016243577003479004,212
3,2026-08-04,MASB,3389.9019,3394.138,0.0012578845,0.002085805,0.6,-0.002632057759910822,0.005190729629248381,213
3,2026-08-04,PNIN,718.10736,718.9986,0.0012539029,0.0025998354,0.6,-0.004204654600471258,0.006085729226469994,214
3,2026-08-04,CTRA,561.3738,562.02936,0.0012193322,0.00012135506,0.6,-0.0047196028754115105,0.008783196099102497,215
3,2026-08-04,KOIN,79.11083,79.205986,0.0012081147,0.00049221516,1.0,0.0004922151565551758,0.00263991323299706,216
3,2026-08-04,MICE,512.24896,512.7876,0.0011612177,0.001922965,0.8,-0.012487697415053844,0.013279151171445847,217
3,2026-08-04,IBFN,63.499275,63.572063,0.0011463165,0.00082969666,1.0,0.0008296966552734375,0.0017795560415834188,218
3,2026-08-04,INTA,61.811707,61.88018,0.0011161566,0.0001629591,1.0,0.00011940002150367945,0.0030661101918667555,219
3,2026-08-04,GOLD,261.24478,261.5097,0.0010851264,0.0034052134,0.6,-0.011362111195921898,0.013087986037135124,220
3,2026-08-04,PSAB,431.83624,432.17657,0.0010590196,0.002133131,0.6,-0.018321145325899124,0.019314024597406387,221
3,2026-08-04,DEWI,118.72831,118.853806,0.0010532022,0.0014221668,0.8,-0.0009914994006976485,0.002861189655959606,222
3,2026-08-04,ENAK,235.37915,235.63223,0.0010496497,0.0018078089,0.8,-0.007446968462318182,0.009048055857419968,223
3,2026-08-04,HAIS,178.78146,178.96236,0.001043284,0.0030425787,0.6,-0.006455147173255682,0.00732340756803751,224
3,2026-08-04,FOOD,178.09406,178.27715,0.0010280609,0.0004326105,1.0,8.83340835571289e-05,0.0026320931501686573,225
3,2026-08-04,GRIA,117.63893,117.755295,0.0010091066,0.00021255016,0.6,-0.001953506376594305,0.0049110883846879005,226
3,2026-08-04,UNSP,217.77988,217.99695,0.0009982825,0.0006891489,1.0,0.0006891489028930664,0.0016165493289008737,227
3,2026-08-04,GDYR,1091.7057,1092.5875,0.00082035066,0.0024784803,0.6,-0.006294512655586004,0.006524825002998114,228
3,2026-08-04,KIOS,92.93424,92.984184,0.00071686506,0.0030874014,0.6,-0.01139897108078003,0.012030672281980515,229
3,2026-08-04,MTDL,507.79755,508.154,0.00069711206,4.339218e-05,0.6,-0.0020816922187805176,0.004161929711699486,230
3,2026-08-04,ASSA,598.4013,598.6385,0.00046163797,0.003155589,0.6,-0.00991122703999281,0.008058452047407627,231
3,2026-08-04,POLY,32.641605,32.656464,0.00045514107,0.00045514107,1.0,0.0004551410675048828,0.0004551410675048828,232
3,2026-08-04,BPTR,75.422714,75.45274,0.00043226482,0.0006723404,0.6,-0.010978316888213158,0.010481785982847214,233
3,2026-08-04,BAYU,1128.6572,1128.9908,0.00037193298,0.0019967556,0.6,-0.007169806864112616,0.0066810366697609425,234
3,2026-08-04,TYRE,111.570724,111.59978,0.00032148362,0.0020338297,0.6,-0.014861548319458961,0.015199445188045502,235
3,2026-08-04,INDX,57.426674,57.442284,0.0002719164,0.0002719164,1.0,0.00027191638946533203,0.00027191638946533203,236
3,2026-08-04,PIPA,114.43221,114.43237,0.00021921397,0.00311625,0.6,-0.014210867695510387,0.013189934194087982,237
3,2026-08-04,DVLA,1593.7637,1594.0769,0.00019818544,0.0012185574,0.6,-0.003355360124260187,0.0033217903692275286,238
3,2026-08-04,MDRN,24.490044,24.49495,0.00019785165,0.00017821789,0.8,-0.0017276167636737227,0.002142953686416149,239
3,2026-08-04,AISA,115.86742,115.870895,0.00014778375,0.0045205355,0.6,-0.019114041700959206,0.016975020989775658,240
3,2026-08-04,JMAS,232.09952,232.1218,9.596348e-05,9.596348e-05,1.0,9.59634780883789e-05,9.59634780883789e-05,241
3,2026-08-04,INAI,172.95352,172.96896,8.895397e-05,0.002029419,0.6,-0.010950267314910889,0.011451862752437592,242
3,2026-08-04,IBST,8279.138,8279.873,8.881092e-05,8.881092e-05,1.0,8.881092071533203e-05,8.881092071533203e-05,243
3,2026-08-04,DART,125.57151,125.58828,5.9688093e-05,0.0024894476,0.6,-0.006687795743346214,0.005457138642668724,244
3,2026-08-04,INCF,49.1721,49.174335,4.541874e-05,4.541874e-05,1.0,4.5418739318847656e-05,4.5418739318847656e-05,245
3,2026-08-04,MSIN,389.8533,389.6727,3.9935112e-05,0.0010412931,0.6,-0.04656026512384415,0.04422711580991745,246
3,2026-08-04,ZINC,29.765919,29.766724,2.7060509e-05,2.7060509e-05,1.0,2.7060508728027344e-05,2.7060508728027344e-05,247
3,2026-08-04,TAYS,50.69493,50.69594,1.9907951e-05,1.9907951e-05,1.0,1.990795135498047e-05,1.990795135498047e-05,248
3,2026-08-04,GTBO,166.82962,166.83224,1.5735626e-05,1.5735626e-05,1.0,1.5735626220703125e-05,1.5735626220703125e-05,249
3,2026-08-04,EDGE,4787.2197,4787.2334,2.861023e-06,2.861023e-06,1.0,2.86102294921875e-06,2.86102294921875e-06,250
4,2026-08-05,MGNA,156.40088,168.8241,0.09366001,0.014904499,0.8,0.00037604570388793945,0.2592748999595642,1
4,2026-08-05,COCO,94.751205,100.37294,0.060989667,0.06289351,1.0,0.00616829376667738,0.11862592399120331,2
4,2026-08-05,BOAT,153.73148,161.90546,0.048253797,0.0025103092,0.6,-0.0027351975440979004,0.13881951570510864,3
4,2026-08-05,WGSH,162.05875,169.55388,0.045657087,0.028857231,1.0,0.02576911449432373,0.07531995326280594,4
4,2026-08-05,CAKK,131.99683,138.2266,0.044776224,0.009448886,0.8,5.924701690673828e-05,0.12399736046791077,5
4,2026-08-05,VKTR,721.0901,749.59717,0.042168118,0.027805448,0.8,0.006344056688249111,0.08888737857341766,6
4,2026-08-05,MDIA,167.60667,171.69441,0.027563453,0.049078345,0.8,-0.03399968147277832,0.0727977454662323,7
4,2026-08-05,RMKO,256.98535,264.4035,0.02753154,0.0059137344,0.6,-0.021203268319368362,0.08692080527544022,8
4,2026-08-05,HRME,41.314583,42.456985,0.02731676,0.018098712,1.0,0.008282852359116077,0.05503768473863602,9
4,2026-08-05,ESTI,145.58542,150.33095,0.02520293,0.0035778284,0.8,-0.021966349333524704,0.0833667516708374,10
4,2026-08-05,ELPI,715.2511,729.9606,0.023614585,0.0039037466,0.6,-0.0290490984916687,0.09417630732059479,11
4,2026-08-05,BULL,440.0585,450.26703,0.02344432,0.01926899,0.8,-0.011508584022521973,0.058264825493097305,12
4,2026-08-05,UDNG,1119.8333,1145.6522,0.023154568,0.023807049,1.0,0.005768800154328346,0.042580075562000275,13
4,2026-08-05,ARKO,4208.79,4317.2593,0.02258091,0.035312653,0.8,-0.03555569425225258,0.06776788085699081,14
4,2026-08-05,KLIN,111.30375,113.646996,0.021469593,0.012231708,1.0,0.00622172374278307,0.043428681790828705,15
4,2026-08-05,BUVA,780.52856,795.4375,0.021064555,0.008020878,0.6,-0.022791851311922073,0.07468444854021072,16
4,2026-08-05,SINI,6848.7163,6983.1523,0.020180643,0.037111282,0.8,-0.01444936916232109,0.04206988587975502,17
4,2026-08-05,INDO,169.58165,172.93083,0.02002703,0.033911824,0.6,-0.007460152730345726,0.04062669351696968,18
4,2026-08-05,RAJA,870.42957,887.6356,0.019661844,0.0014848709,0.8,-0.006281912326812744,0.0584879107773304,19
4,2026-08-05,BNBR,93.651886,96.05766,0.019411767,0.002293229,0.8,-0.018616877496242523,0.0745421051979065,20
4,2026-08-05,TAMA,229.41702,233.36325,0.018025208,0.030715823,0.8,-0.009841203689575195,0.03753006458282471,21
4,2026-08-05,STRK,64.55002,65.66646,0.017602026,0.0013260841,0.6,-0.011019336991012096,0.054752420634031296,22
4,2026-08-05,DSSA,769.30774,782.48126,0.017487597,0.018477201,1.0,0.0025217533111572266,0.03303346410393715,23
4,2026-08-05,OMED,211.69885,215.42679,0.017479967,0.012163281,1.0,0.0051850080490112305,0.03234679624438286,24
4,2026-08-05,RSCH,315.76288,321.10516,0.016680371,0.024500847,0.8,-0.0072469827719032764,0.03564417362213135,25
4,2026-08-05,IPAC,159.2656,161.78532,0.01615044,0.012209773,0.8,-0.007550418376922607,0.04334883391857147,26
4,2026-08-05,IATA,57.020653,57.913666,0.01567539,0.014430404,0.8,0.0009678720962256193,0.030755233019590378,27
4,2026-08-05,GZCO,150.5972,152.65427,0.014669657,0.004528165,0.6,-0.018863225355744362,0.05361630767583847,28
4,2026-08-05,GULA,843.3873,855.2853,0.014236176,0.0146871805,0.8,0.003533399198204279,0.02390308305621147,29
4,2026-08-05,CBUT,812.44666,824.0954,0.014167607,0.010946393,0.8,0.0005389333236962557,0.02950875647366047,30
4,2026-08-05,BKDP,166.09753,168.41965,0.013953602,0.010455012,0.8,0.00115126371383667,0.028833888471126556,31
4,2026-08-05,TAXI,12.268062,12.433935,0.01347636,0.0069155693,0.6,-0.012923801317811012,0.043947696685791016,32
4,2026-08-05,SSMS,999.05194,1012.7256,0.01343323,0.007282257,0.8,-0.001593172550201416,0.03290081024169922,33
4,2026-08-05,SMKM,70.03676,70.94548,0.013423145,0.028220415,0.8,-0.02502952702343464,0.041224002838134766,34
4,2026-08-05,PDPP,277.1484,280.8017,0.013224984,0.009557724,1.0,0.00805523432791233,0.021274447441101074,35
4,2026-08-05,PGUN,7315.593,7406.5874,0.012872172,0.009131074,0.6,-0.0034822821617126465,0.03264899179339409,36
4,2026-08-05,GGRM,19151.572,19393.795,0.012689543,0.01642406,1.0,0.003491568611934781,0.020591139793395996,37
4,2026-08-05,BLES,201.39888,203.80803,0.01258322,0.0018898249,0.6,-0.022856522351503372,0.0545208677649498,38
4,2026-08-05,DOOH,247.11203,250.53096,0.012564659,0.019091368,0.6,-0.028246378526091576,0.05210902541875839,39
4,2026-08-05,ANTM,2819.3472,2851.7734,0.011476576,0.016428828,0.6,-0.003020417643710971,0.02357332594692707,40
4,2026-08-05,MAPA,632.4673,639.64984,0.011465383,0.0073467493,0.8,-0.002467036247253418,0.02915024384856224,41
4,2026-08-05,PSDN,114.622154,115.868385,0.011056614,0.017995,0.6,-0.0010573863983154297,0.019803594797849655,42
4,2026-08-05,DEWA,452.58618,457.4564,0.01092993,0.007330537,0.8,-0.0006214736495167017,0.024030422791838646,43
4,2026-08-05,TBIG,1394.6906,1409.7609,0.010779167,0.01034236,0.8,0.0006413699593394995,0.02148735523223877,44
4,2026-08-05,CLAY,2319.946,2344.0278,0.010412383,0.008992314,1.0,0.006303167436271906,0.015770768746733665,45
4,2026-08-05,BBTN,1202.1953,1214.321,0.010061169,0.0111192465,0.8,6.232259329408407e-05,0.019559811800718307,46
4,2026-08-05,SLIS,59.732452,60.32791,0.009943187,0.010500193,0.6,-0.0069342730566859245,0.026550935581326485,47
4,2026-08-05,FITT,343.65976,346.93185,0.00976268,0.0031186342,0.8,-0.004034101963043213,0.029707595705986023,48
4,2026-08-05,BKSL,65.940735,66.56592,0.009711027,0.0009009838,0.6,-0.008439421653747559,0.03527545556426048,49
4,2026-08-05,ENZO,64.85603,65.478035,0.009657693,0.01534152,0.8,-0.007377147674560547,0.020849132910370827,50
4,2026-08-05,PUDP,296.7353,299.57135,0.009625006,0.014913321,1.0,0.0015180588234215975,0.01494972687214613,51
4,2026-08-05,DKFT,638.61554,644.7722,0.009623122,0.015874505,0.6,-0.017376385629177094,0.034067556262016296,52
4,2026-08-05,TRON,104.524,105.49288,0.009340167,0.0048582554,0.8,-0.004199624061584473,0.02531423419713974,53
4,2026-08-05,SOFA,210.47403,212.49358,0.009329545,0.015401602,0.8,-0.005525839515030384,0.018661141395568848,54
4,2026-08-05,JKON,66.313675,66.90727,0.009016347,0.010638118,0.8,0.0003051996463909745,0.017573213204741478,55
4,2026-08-05,RBMS,62.884357,63.44649,0.009011936,0.0028111935,0.6,-0.004841482266783714,0.02605757676064968,56
4,2026-08-05,KREN,12.425726,12.536005,0.008995163,0.0007764101,0.6,-0.004206979181617498,0.02919911965727806,57
4,2026-08-05,LION,339.3911,342.414,0.008928334,0.00650084,0.8,-0.0017164588207378983,0.020640134811401367,58
4,2026-08-05,RMKE,387.56827,390.90057,0.008741796,0.0025895834,0.6,-0.004382038023322821,0.026050519198179245,59
4,2026-08-05,BEKS,21.157871,21.337221,0.008664966,0.016221762,0.6,-0.021968364715576172,0.03747198358178139,60
4,2026-08-05,BABY,183.42282,184.97722,0.008414829,0.0022377968,0.6,-0.01687157154083252,0.03522312641143799,61
4,2026-08-05,CBPE,299.2249,301.66238,0.008310842,0.010822177,0.8,-0.009396051988005638,0.025012467056512833,62
4,2026-08-05,PTPS,146.40237,147.58585,0.008280587,0.006448984,0.6,-0.031040549278259277,0.047872111201286316,63
4,2026-08-05,ROTI,589.12354,593.9119,0.008081448,0.0067509413,0.8,0.001243341015651822,0.015307021327316761,64
4,2026-08-05,BRPT,1786.4742,1798.4026,0.007991147,0.001660347,0.6,-0.025408243760466576,0.046818897128105164,65
4,2026-08-05,PGLI,196.19829,197.62653,0.007744932,0.014377713,0.6,-0.0118064284324646,0.02459530718624592,66
4,2026-08-05,VINS,137.62276,138.6715,0.007728994,0.0026245117,0.6,-0.00808342732489109,0.027576658874750137,67
4,2026-08-05,SICO,108.65666,109.48781,0.007708323,0.0061234236,0.6,-0.0009752869373187423,0.01816694624722004,68
4,2026-08-05,NATO,657.1365,662.1537,0.007623017,0.008650422,0.8,0.0010223507415503263,0.013126992620527744,69
4,2026-08-05,PGJO,673.80676,678.7437,0.007600999,0.0008032322,0.6,-0.010974491015076637,0.028696201741695404,70
4,2026-08-05,DEWI,118.853806,119.739845,0.0074838637,0.005981922,1.0,0.003128957701846957,0.01297147199511528,71
4,2026-08-05,CTRA,562.02936,566.09485,0.0072912453,0.003586173,1.0,0.001215767813846469,0.016706394031643867,72
4,2026-08-05,MMLP,287.25607,289.32635,0.007232976,0.0009326935,0.8,-7.25507561583072e-05,0.01847226545214653,73
4,2026-08-05,TLDN,522.9173,526.71204,0.0071490766,0.001603365,0.6,-0.00230596074834466,0.020215129479765892,74
4,2026-08-05,BRIS,1760.133,1772.2664,0.0069374563,0.009634256,0.8,-0.0009819507831707597,0.013450812548398972,75
4,2026-08-05,PMJS,107.58214,108.30928,0.006772995,0.0065636635,1.0,0.0032095909118652344,0.010346055030822754,76
4,2026-08-05,MPPA,47.067482,47.372047,0.006732869,0.00654006,0.6,-0.007044660858809948,0.021445225924253464,77
4,2026-08-05,SGER,447.30576,450.17792,0.0065084933,0.0043877363,1.0,0.002250719117000699,0.012041782960295677,78
4,2026-08-05,AIMS,386.45648,388.9792,0.0065071224,0.002256751,0.6,-0.013951802626252174,0.02927675098180771,79
4,2026-08-05,INDR,1954.9104,1967.7028,0.0064760805,0.0029735565,0.6,-0.004667234607040882,0.020372651517391205,80
4,2026-08-05,TOSK,67.011406,67.43485,0.00634954,0.004992962,1.0,0.0027308701537549496,0.01070311013609171,81
4,2026-08-05,SURE,2743.2239,2760.414,0.006326854,0.0037958622,0.8,-0.00011702766641974449,0.013393307104706764,82
4,2026-08-05,IBOS,62.762012,63.16612,0.006316185,0.008251548,0.6,-0.006837976165115833,0.019355319440364838,83
4,2026-08-05,PGEO,1006.9468,1013.3262,0.0062945127,0.005122781,1.0,0.002910780953243375,0.011102056130766869,84
4,2026-08-05,DPUM,94.51537,95.115,0.0060984967,0.002642274,0.6,-0.00857545156031847,0.02416803687810898,85
4,2026-08-05,INTD,247.8811,249.3016,0.0060753943,0.0018600225,0.6,-0.006415307521820068,0.020400142297148705,86
4,2026-08-05,MAIN,708.4452,712.69025,0.0060598375,0.0018211603,0.6,-0.0017649292713031173,0.016037702560424805,87
4,2026-08-05,IRSX,319.86533,321.57556,0.0060254335,0.019723058,0.6,-0.027286171913146973,0.029091453179717064,88
4,2026-08-05,BPTR,75.45274,75.91633,0.006024921,0.005436301,0.8,-0.00579568138346076,0.018164562061429024,89
4,2026-08-05,NFCX,1564.9478,1574.0819,0.005923605,0.007788062,0.6,-0.008235311135649681,0.018940947949886322,90
4,2026-08-05,ASGR,1843.6289,1854.7965,0.005862999,0.00694561,0.8,-0.005452871322631836,0.015678048133850098,91
4,2026-08-05,BFIN,902.4216,907.6491,0.0058211805,0.0054391623,0.8,-0.003492593765258789,0.015288113616406918,92
4,2026-08-05,ADRO,2486.3518,2500.586,0.0057120323,0.007998109,0.8,-0.0001007795799523592,0.009960150346159935,93
4,2026-08-05,SWID,100.968895,101.536026,0.005670464,0.015711784,0.6,-0.010785495862364769,0.017085719853639603,94
4,2026-08-05,FPNI,317.24948,318.9797,0.0056539536,0.0024576187,1.0,0.00024991034297272563,0.013200759887695312,95
4,2026-08-05,ERAA,397.50748,399.6656,0.005579519,0.007978439,0.8,-0.0026655911933630705,0.012441204860806465,96
4,2026-08-05,ISSP,429.6667,432.08075,0.0055448175,0.0053833723,0.8,-0.0020949721802026033,0.013787340372800827,97
4,2026-08-05,CTBN,4028.893,4050.6187,0.00551641,0.004354596,0.6,-0.0043065669015049934,0.016744589433073997,98
4,2026-08-05,STAA,1091.2864,1097.1843,0.00530895,0.005767226,0.8,-0.008032286539673805,0.018364522606134415,99
4,2026-08-05,ASMI,15.248492,15.3193,0.0051039695,0.0051192045,0.6,-0.0059454916045069695,0.01794576458632946,100
4,2026-08-05,MKTR,119.4402,120.0412,0.0050866962,0.008407712,0.6,-0.007943475618958473,0.01605997048318386,101
4,2026-08-05,JAYA,131.0267,131.70273,0.00503695,0.0025076866,0.6,-0.008376061916351318,0.018999695777893066,102
4,2026-08-05,MORA,6124.8228,6151.9473,0.00489341,0.0004222393,0.6,-0.012243758887052536,0.02261350117623806,103
4,2026-08-05,SMAR,5617.5273,5644.323,0.0048402785,0.0024815798,0.6,-0.006216680631041527,0.016769956797361374,104
4,2026-08-05,JATI,94.25727,94.71305,0.004839468,0.0055117607,0.6,-0.003540217876434326,0.01308219414204359,105
4,2026-08-05,PSSI,321.02158,322.47324,0.0048172595,0.004548788,0.6,-0.00909954309463501,0.017914747819304466,106
4,2026-08-05,SMSM,1769.36,1777.8119,0.0047861575,0.0019706488,0.8,-0.0051882266998291016,0.015703843906521797,107
4,2026-08-05,SRTG,1771.2057,1779.6492,0.004763675,0.005424738,1.0,0.0017194986576214433,0.007342671975493431,108
4,2026-08-05,NICK,1185.3307,1192.0413,0.004639423,9.346008e-05,0.6,-0.011017262935638428,0.0259089432656765,109
4,2026-08-05,BUAH,499.33676,501.648,0.0046126368,0.004045129,0.8,-0.0017549514304846525,0.011536525562405586,110
4,2026-08-05,BWPT,75.86437,76.20027,0.004564941,0.008773565,0.8,-0.004629456903785467,0.009892702102661133,111
4,2026-08-05,LPPF,1574.8402,1581.9075,0.0045553804,0.009765029,0.6,-0.005051910877227783,0.01107101421803236,112
4,2026-08-05,PPRO,15.530444,15.600619,0.004441154,0.0020754337,0.8,-0.008766185492277145,0.01818659156560898,113
4,2026-08-05,WINS,517.75415,520.017,0.0043829083,0.0048154593,0.8,-0.004260051064193249,0.012580656446516514,114
4,2026-08-05,JTPE,615.67444,618.3732,0.004360533,0.0070126057,0.6,-0.004609024617820978,0.012593554332852364,115
4,2026-08-05,MSJA,405.35812,407.09058,0.004339695,0.008286715,0.6,-0.0063385129906237125,0.012236690148711205,116
4,2026-08-05,KRAS,213.32617,214.30742,0.0042884112,0.0045295954,0.8,-0.012865280732512474,0.0204880703240633,117
4,2026-08-05,TSPC,2900.526,2912.0925,0.0040002107,0.0020809174,0.8,-0.001396560575813055,0.011300753802061081,118
4,2026-08-05,SPMA,163.23203,163.88864,0.0039704205,0.008165717,0.6,-0.007696676068007946,0.013038158416748047,119
4,2026-08-05,BCIP,62.842888,63.08383,0.003815806,0.007537365,0.6,-0.0047769187949597836,0.01031184196472168,120
4,2026-08-05,BVIC,91.74574,92.09303,0.0037998676,0.0020403862,0.8,-0.00645523052662611,0.013983654789626598,121
4,2026-08-05,CNMA,88.67286,89.00267,0.0037708401,0.0055663586,0.6,-0.008501780219376087,0.016516946256160736,122
4,2026-08-05,KBLI,322.78622,323.9474,0.0036326647,0.0005311966,0.6,-0.000827741576358676,0.010390495881438255,123
4,2026-08-05,TBMS,1159.1947,1163.3949,0.0035929442,0.003570199,0.8,-0.0010764836333692074,0.007900118827819824,124
4,2026-08-05,IPCM,301.87653,302.95868,0.0035876632,0.0027890205,0.6,-0.0009353875648230314,0.009076522663235664,125
4,2026-08-05,RGAS,232.48926,233.2913,0.0035823584,0.0003554821,0.8,-0.010349821299314499,0.019423794001340866,126
4,2026-08-05,FORU,2830.0142,2837.478,0.0035818934,0.009405971,0.6,-0.035537004470825195,0.041188858449459076,127
4,2026-08-05,PART,99.4785,99.8349,0.003541541,0.0020649433,0.6,-0.012247860431671143,0.020073842257261276,128
4,2026-08-05,GEMA,79.77927,80.06033,0.003535688,0.0001231432,0.6,-0.006446492858231068,0.014543961733579636,129
4,2026-08-05,GDYR,1092.5875,1096.3645,0.003490305,0.00012779236,0.6,-0.0018550753593444824,0.011988971382379532,130
4,2026-08-05,ADES,37116.133,37249.457,0.0034895302,0.0039699078,0.6,-0.0058321477845311165,0.013414834626019001,131
4,2026-08-05,BATR,89.660324,89.969955,0.003488052,0.0021021366,0.8,-0.004685318097472191,0.011987924575805664,132
4,2026-08-05,BUDI,206.43184,207.11702,0.0033465743,0.0032551289,0.6,-0.0018337606452405453,0.008693479932844639,133
4,2026-08-05,AKRA,1486.7999,1491.4858,0.0033355714,0.009797096,0.6,-0.010858988389372826,0.013903570361435413,134
4,2026-08-05,MEJA,93.596146,93.88311,0.0031430484,0.0020587444,0.8,-0.001533556031063199,0.00857915822416544,135
4,2026-08-05,JGLE,61.84627,62.033028,0.0031361342,0.0058259964,0.6,-0.00815197266638279,0.013442276045680046,136
4,2026-08-05,RELI,488.50375,489.99976,0.0030854822,0.003000617,0.8,-0.002883469918742776,0.008638095110654831,137
4,2026-08-05,BALI,1223.7632,1227.4764,0.0030672313,0.0014945269,0.6,-0.0029482960235327482,0.011095903813838959,138
4,2026-08-05,LPGI,626.44476,628.3614,0.003062737,0.001696229,0.8,-0.002468669321388006,0.009747432544827461,139
4,2026-08-05,INPS,650.18933,652.05835,0.003025317,0.004243374,0.8,-0.007324385456740856,0.0117707010358572,140
4,2026-08-05,MPMX,990.5586,993.45526,0.0028982044,0.002656579,0.6,-0.003914165310561657,0.009499669075012207,141
4,2026-08-05,APLI,243.67978,244.36345,0.0028755784,0.0061713457,0.6,-0.004367339424788952,0.008580541238188744,142
4,2026-08-05,RIGS,669.05994,670.9535,0.0028515817,0.004325986,0.8,-0.004487013444304466,0.009255217388272285,143
4,2026-08-05,BCIC,121.442215,121.77806,0.0028060437,0.0013893843,0.6,-0.0038386702071875334,0.011180494911968708,144
4,2026-08-05,POWR,719.6002,721.5885,0.0027631999,0.0040133,0.6,-0.0013004422653466463,0.0064890384674072266,145
4,2026-08-05,GMFI,54.620567,54.772076,0.0027451993,0.0010477304,0.6,-0.009358370676636696,0.01610874943435192,146
4,2026-08-05,FAPA,7360.2437,7380.2686,0.0027243136,0.0026420355,1.0,0.001513791037723422,0.004062056541442871,147
4,2026-08-05,CSAP,289.2811,290.0673,0.0027237535,0.0047365427,0.8,-0.0018379330867901444,0.005933809094130993,148
4,2026-08-05,SAFE,370.08588,371.04926,0.002718532,0.004742503,0.6,-0.011079776100814342,0.0158890001475811,149
4,2026-08-05,ITMA,1324.4607,1327.9226,0.002651012,0.0009146929,0.8,-0.0031058192253112793,0.010289477184414864,150
4,2026-08-05,MDIY,912.69495,915.1053,0.002627492,0.002057314,0.8,-0.0006536006694659591,0.006088614463806152,151
4,2026-08-05,JPFA,2116.643,2122.4448,0.002580917,0.0003246069,0.6,-0.011620068922638893,0.0201093889772892,152
4,2026-08-05,APII,179.29973,179.73784,0.002560115,0.0048168898,0.8,-0.00813062209635973,0.010085487738251686,153
4,2026-08-05,PTSN,264.73306,265.3786,0.0025388002,0.006930113,0.6,-0.008563876152038574,0.011159872636198997,154
4,2026-08-05,NETV,47.8319,47.955894,0.002527976,0.00056040287,0.6,-0.004313933663070202,0.011257695034146309,155
4,2026-08-05,AADI,9074.908,9096.995,0.002521372,0.0038490295,0.8,-0.005412172991782427,0.008966111578047276,156
4,2026-08-05,PRDA,2338.2651,2344.0747,0.0024815083,0.0014301538,0.6,-0.0009729981538839638,0.007014941424131393,157
4,2026-08-05,ITMG,24364.549,24418.557,0.0022755743,0.00030899048,0.6,-0.001885020756162703,0.008295010775327682,158
4,2026-08-05,KDSI,450.90234,451.92618,0.0022739053,0.0029201508,0.6,-0.002846837043762207,0.0069758412428200245,159
4,2026-08-05,ABDA,3459.1704,3467.0117,0.0022737742,0.00035107136,1.0,0.0003510713577270508,0.005157828330993652,160
4,2026-08-05,BAPA,167.22202,167.59206,0.0022423745,0.0034555197,0.6,-0.011553692631423473,0.015522144734859467,161
4,2026-08-05,EAST,89.69868,89.89302,0.0021746636,0.0021908283,0.8,-0.0005432367324829102,0.004771089646965265,162
4,2026-08-05,MERI,99.69594,99.90486,0.0021625876,0.0014545918,0.6,-0.008637976832687855,0.012600469402968884,163
4,2026-08-05,MTDL,508.154,509.23203,0.0021138669,0.0011729002,0.6,-0.0052159070037305355,0.009576797485351562,164
4,2026-08-05,PRIM,102.485306,102.711205,0.0021020174,0.0016756058,0.6,-0.005436289124190807,0.010986041277647018,165
4,2026-08-05,GDST,93.7083,93.88589,0.0020882487,0.0022257566,0.8,-0.005379664711654186,0.009150242432951927,166
4,2026-08-05,VOKS,199.01714,199.42258,0.002079916,0.0002963543,0.6,-0.0035319447051733732,0.008704494684934616,167
4,2026-08-05,BBMD,1977.9678,1982.2236,0.0020756603,0.005999565,0.8,-0.009983646683394909,0.010517978109419346,168
4,2026-08-05,ANDI,17.291178,17.31709,0.0020363927,0.010020494,0.8,-0.032628998160362244,0.028676483780145645,169
4,2026-08-05,BNBA,737.5689,739.0807,0.0020294667,0.004138589,0.6,-0.004968666937202215,0.008136891759932041,170
4,2026-08-05,CITA,3244.897,3251.111,0.0019381524,0.0020354986,0.6,-0.0024685501120984554,0.007033275905996561,171
4,2026-08-05,TCID,2752.3425,2757.6077,0.0019117355,0.0018191338,0.6,-0.0030409216415137053,0.007183670531958342,172
4,2026-08-05,SIMP,581.02356,582.147,0.0018902898,0.0016710758,0.6,-0.0033146380446851254,0.0072005270048975945,173
4,2026-08-05,TRST,464.63623,465.5175,0.001886189,0.0035065413,0.6,-0.006825923919677734,0.01066670287400484,174
4,2026-08-05,SPTO,600.1021,601.2333,0.0018850208,0.0050765276,0.6,-0.0037282586563378572,0.005441212560981512,175
4,2026-08-05,TIRA,474.26813,475.1541,0.0018506885,0.0023065805,0.8,-0.009878265671432018,0.01351771131157875,176
4,2026-08-05,DART,125.58828,125.8265,0.0018336296,0.0022550821,0.6,-0.004334581084549427,0.00769195519387722,177
4,2026-08-05,HMSP,728.0736,729.3806,0.0018229366,0.002374053,0.6,-0.004345154855400324,0.007956122979521751,178
4,2026-08-05,TMAS,121.045944,121.268715,0.0018213391,0.0019811392,0.8,-0.006893503479659557,0.009550738148391247,179
4,2026-08-05,PTIS,265.2683,265.71442,0.0017972946,0.0034976006,0.6,-0.010073041543364525,0.013298319652676582,180
4,2026-08-05,PIPA,114.43237,114.63519,0.0017483234,0.0001257658,0.6,-0.0033077597618103027,0.00891401618719101,181
4,2026-08-05,BTPN,2178.363,2182.1274,0.0017367601,0.0020657778,0.6,-0.007662808522582054,0.010883687995374203,182
4,2026-08-05,ASSA,598.6385,599.64014,0.0016578197,0.0040911436,0.6,-0.01341994944959879,0.01488017849624157,183
4,2026-08-05,CAMP,167.60869,167.87827,0.0016099215,0.0012038946,0.8,-4.8327434342354536e-05,0.0037383076269179583,184
4,2026-08-05,FOOD,178.27715,178.55733,0.0015728951,0.000101566315,0.6,-0.00011260509199928492,0.003999471664428711,185
4,2026-08-05,UCID,369.00592,369.56924,0.00153898,0.0023101568,0.6,-0.005220925435423851,0.007545041851699352,186
4,2026-08-05,BBRI,2893.6477,2898.1672,0.001499343,0.002074957,0.6,-0.009862959384918213,0.014043949544429779,187
4,2026-08-05,MDKI,180.34587,180.611,0.0014571429,0.00032424927,0.8,-0.002110028173774481,0.005577659234404564,188
4,2026-08-05,SOUL,38.123272,38.17733,0.0014223814,0.0026072264,0.6,-0.0010277270339429379,0.0032365797087550163,189
4,2026-08-05,HDIT,50.378098,50.448086,0.0014146089,0.00048661232,0.6,-0.002360701560974121,0.006059478968381882,190
4,2026-08-05,BEST,99.30474,99.43938,0.0013935805,0.00023913383,0.6,-0.007813286036252975,0.01019735261797905,191
4,2026-08-05,KLAS,75.82476,75.93025,0.0013788342,0.0028049946,0.8,-0.0027203201316297054,0.004060673527419567,192
4,2026-08-05,EKAD,166.99498,167.22752,0.00137254,0.0045357943,0.6,-0.004841494373977184,0.005506730172783136,193
4,2026-08-05,WMPP,21.541643,21.552013,0.0012670278,0.015023351,0.8,-0.04152345657348633,0.028609871864318848,194
4,2026-08-05,KEEN,832.8947,833.92224,0.0012471437,0.0034852028,0.6,-0.0059905885718762875,0.007182502653449774,195
4,2026-08-05,DMMX,171.4526,171.65555,0.0011949897,0.00014066696,0.6,-0.012153124436736107,0.015330575406551361,196
4,2026-08-05,IPTV,30.507816,30.542648,0.0011934995,0.0003707409,0.6,-0.005632912740111351,0.008919857442378998,197
4,2026-08-05,DAAZ,1589.0454,1590.7664,0.00114609,0.000243783,0.6,-0.005283462814986706,0.007889198139309883,198
4,2026-08-05,CCSI,249.02542,249.28711,0.0010568381,0.0023766756,0.6,-0.004317593760788441,0.005642914213240147,199
4,2026-08-05,GHON,1637.3723,1638.987,0.0009993792,0.0003979206,0.6,-0.00451052188873291,0.006496429443359375,200
4,2026-08-05,IRRA,374.5859,374.9599,0.0009984613,0.0019257069,0.6,-0.003276324365288019,0.0048104762099683285,201
4,2026-08-05,BGTG,109.80669,109.92,0.0009254098,0.0024867058,0.6,-0.011242687702178955,0.011641573160886765,202
4,2026-08-05,SFAN,1966.0524,1967.8549,0.0009209156,0.00032401085,0.6,-0.0009757161024026573,0.0033988235518336296,203
4,2026-08-05,UNSP,217.99695,218.18938,0.00088374614,0.000611186,1.0,0.0006111860275268555,0.0014288662932813168,204
4,2026-08-05,WOOD,230.43208,230.64917,0.00085308554,0.0006557703,0.6,-0.015120124444365501,0.01848890632390976,205
4,2026-08-05,PPGL,211.58138,211.70593,0.0008071184,0.0012181997,0.6,-0.011346995830535889,0.014413140714168549,206
4,2026-08-05,ICBP,6888.4946,6893.8486,0.0007960439,0.0053203106,0.6,-0.00739598274230957,0.005776596255600452,207
4,2026-08-05,HOMI,185.27588,185.46281,0.0007279396,0.002254486,0.6,-0.006298065185546875,0.006568717770278454,208
4,2026-08-05,NAYZ,56.156273,56.196625,0.00072487595,0.00036489964,0.6,-0.0013609647285193205,0.0031013486441224813,209
4,2026-08-05,DIGI,28.92926,28.949986,0.00071502925,0.00025200844,0.8,-2.3066997528076172e-05,0.0017014264594763517,210
4,2026-08-05,MKAP,1162.5748,1163.3694,0.0006875992,0.00025725365,0.6,-0.000516998756211251,0.002344274427741766,211
4,2026-08-05,PNGO,3543.4211,3545.609,0.0006574631,0.002125144,0.6,-0.004829215817153454,0.0058171506971120834,212
4,2026-08-05,IFII,207.2952,207.42244,0.00062369107,0.00074386597,0.8,-0.005056202411651611,0.0055480715818703175,213
4,2026-08-05,TRIM,550.7871,551.1558,0.0006169796,0.00057446957,0.6,-0.006635284051299095,0.008325456641614437,214
4,2026-08-05,DAYA,981.6779,982.2838,0.00061221124,0.00034689903,0.6,-0.0019873857963830233,0.0038819308392703533,215
4,2026-08-05,NANO,30.449417,30.46551,0.00060180423,0.0074824095,0.6,-0.03595966100692749,0.03290116786956787,216
4,2026-08-05,MYOH,1037.5973,1037.9692,0.0005757451,0.003651023,0.8,-0.014941632747650146,0.01202685758471489,217
4,2026-08-05,AMOR,336.34927,336.53497,0.0005653262,0.0041154623,0.6,-0.005913257598876953,0.005237841513007879,218
4,2026-08-05,BBCA,6327.5195,6330.476,0.00045336486,0.0058555603,0.6,-0.015451109036803246,0.013523029163479805,219
4,2026-08-05,TPMA,451.695,451.79623,0.0004396081,0.00012397766,0.6,-0.010129760950803757,0.011620067059993744,220
4,2026-08-05,DEPO,239.7697,239.84839,0.00040533542,0.003700018,0.8,-0.009616589173674583,0.007450389675796032,221
4,2026-08-05,SMBR,154.80908,154.82506,0.00040072203,0.00043940544,0.6,-0.021956752985715866,0.021719669923186302,222
4,2026-08-05,IKAI,20.652685,20.657093,0.00037926435,0.0040556192,0.6,-0.009863615036010742,0.008321022614836693,223
4,2026-08-05,BJBR,771.051,771.3576,0.00037622452,0.00028908253,0.6,-0.0032970309257507324,0.004351496696472168,224
4,2026-08-05,BBSI,4693.871,4695.07,0.00025447606,0.0007096529,0.8,-0.0013435244327411056,0.00136394496075809,225
4,2026-08-05,WAPO,122.114746,122.14552,0.00025148393,0.0029534101,0.6,-0.007468319032341242,0.00687780324369669,226
4,2026-08-05,CPRO,49.955345,49.967453,0.00024698972,0.000113248825,0.8,-0.0002611040836200118,0.0007808447116985917,227
4,2026-08-05,WEGE,50.497753,50.509533,0.00023322106,0.00013744831,1.0,0.00011150837235618383,0.0004547357093542814,228
4,2026-08-05,PNIN,718.9986,719.1472,0.0002235055,0.000166893,0.6,-0.009123897179961205,0.00951831229031086,229
4,2026-08-05,GEMS,6302.5845,6303.8213,0.00020473004,0.0032205582,0.6,-0.007479333784431219,0.005701518151909113,230
4,2026-08-05,RALS,376.965,377.04346,0.00018239021,0.0010170937,0.6,-0.0024971128441393375,0.002624582964926958,231
4,2026-08-05,INDX,57.442284,57.451805,0.00016570091,0.00016570091,1.0,0.00016570091247558594,0.00016570091247558594,232
4,2026-08-05,IPCC,1133.0839,1133.052,0.0001376152,0.0016053915,0.6,-0.007603383157402277,0.006573033053427935,233
4,2026-08-05,INCF,49.174335,49.180386,0.00012302399,0.00012302399,1.0,0.00012302398681640625,0.00012302398681640625,234
4,2026-08-05,JMAS,232.1218,232.14914,0.00011777878,0.00011777878,1.0,0.00011777877807617188,0.00011777877807617188,235
4,2026-08-05,BLTZ,2546.4304,2546.7202,0.00011384487,0.00011384487,1.0,0.0001138448715209961,0.0001138448715209961,236
4,2026-08-05,IBST,8279.873,8280.793,0.00011110306,0.00011110306,1.0,0.00011110305786132812,0.00011110305786132812,237
4,2026-08-05,GTBO,166.83224,166.84724,8.9883804e-05,8.9883804e-05,1.0,8.988380432128906e-05,8.988380432128906e-05,238
4,2026-08-05,MCOR,68.82457,68.82939,7.776022e-05,0.0011694431,0.6,-0.006255125626921654,0.005422401241958141,239
4,2026-08-05,POLY,32.656464,32.658924,7.534027e-05,7.534027e-05,1.0,7.534027099609375e-05,7.534027099609375e-05,240
4,2026-08-05,CLPI,1549.7744,1549.8527,7.4005125e-05,0.00048553944,0.6,-0.006965219974517822,0.006731057073920965,241
4,2026-08-05,BDKR,156.5114,156.52151,5.027056e-05,0.001192689,0.6,-0.01231617946177721,0.012276958674192429,242
4,2026-08-05,LMPI,139.79337,139.7819,3.7872793e-05,0.00015985966,0.6,-0.008427858352661133,0.00890121329575777,243
4,2026-08-05,JRPT,1078.2026,1078.2134,1.3768673e-05,0.0001128912,0.6,-0.0022436499129980803,0.002043461659923196,244
4,2026-08-05,BATA,59.559303,59.559956,1.0967255e-05,1.0967255e-05,1.0,1.0967254638671875e-05,1.0967254638671875e-05,245
4,2026-08-05,MTFN,11.959197,11.959261,5.364418e-06,5.364418e-06,1.0,5.364418029785156e-06,5.364418029785156e-06,246
4,2026-08-05,ABBA,29.759174,29.759323,5.00679e-06,5.00679e-06,1.0,5.0067901611328125e-06,5.0067901611328125e-06,247
4,2026-08-05,EDGE,4787.2334,4787.2534,4.172325e-06,4.172325e-06,1.0,4.172325134277344e-06,4.172325134277344e-06,248
5,2026-08-06,HOPE,213.33078,223.42624,0.046022914,0.03537166,0.8,0.004800319671630859,0.09500953555107117,1
5,2026-08-06,MGNA,168.8241,176.09276,0.04200592,0.03265786,0.8,-0.010430693626403809,0.10175380110740662,2
5,2026-08-06,TPIA,2013.4769,2091.1333,0.040069103,0.01991105,0.8,-0.0007742163725197315,0.09194523841142654,3
5,2026-08-06,FAST,289.7557,299.49155,0.03210578,0.018845916,1.0,0.006852245423942804,0.0649050921201706,4
5,2026-08-06,WGSH,169.55388,174.72745,0.029910874,0.03478241,1.0,0.010710453614592552,0.04571127891540527,5
5,2026-08-06,TNCA,161.05733,166.05676,0.029757451,0.007683873,0.8,-0.003220152575522661,0.07320783287286758,6
5,2026-08-06,MCAS,267.45764,282.11273,0.025383651,0.003778696,0.6,-0.03966165706515312,0.11611118912696838,7
5,2026-08-06,BUMI,157.42107,160.86371,0.022210408,0.022186995,0.8,-0.0020237446296960115,0.04828751087188721,8
5,2026-08-06,NIRO,141.42358,144.52332,0.02218895,0.009831309,0.8,0.0008549928897991776,0.05055074393749237,9
5,2026-08-06,ELTY,30.960394,31.629766,0.020467067,0.027174234,0.6,-0.017996836453676224,0.05894920229911804,10
5,2026-08-06,INDO,172.93083,176.3356,0.019684577,0.030687928,0.8,-0.02605903148651123,0.057655833661556244,11
5,2026-08-06,MIRA,20.964502,21.337997,0.018596102,0.0076209307,0.6,-0.015924548730254173,0.06425659358501434,12
5,2026-08-06,BTEK,10.406853,10.588287,0.01856867,0.009656429,0.6,-0.035835765302181244,0.08935318887233734,13
5,2026-08-06,MLPL,90.979355,92.6277,0.018533826,0.008909702,0.8,-0.004017519764602184,0.05213109776377678,14
5,2026-08-06,BKDP,168.41965,171.51692,0.018409634,0.017411232,1.0,0.009332085028290749,0.02795989438891411,15
5,2026-08-06,RMKO,264.4035,269.12198,0.018106675,0.02355969,0.8,-0.025951147079467773,0.05603403598070145,16
5,2026-08-06,RSCH,321.10516,326.60226,0.017308796,0.022397757,0.8,-0.0007005572551861405,0.03430125489830971,17
5,2026-08-06,BHIT,24.18968,24.578535,0.016892862,0.01760912,0.8,-0.007499122526496649,0.03986780717968941,18
5,2026-08-06,TARA,29.454443,29.931553,0.016695166,0.013686299,0.8,-0.0024241686332970858,0.03776438161730766,19
5,2026-08-06,BNLI,2048.9028,2080.83,0.016606987,0.0021083355,0.6,-0.010402405634522438,0.055893056094646454,20
5,2026-08-06,RLCO,5260.2075,5341.1025,0.016378868,0.0022377968,0.6,-0.003449642565101385,0.047795601189136505,21
5,2026-08-06,SMGR,1431.6917,1454.6741,0.016207194,0.001955986,1.0,0.0007019758340902627,0.04011056199669838,22
5,2026-08-06,NELY,192.73848,195.71353,0.015458882,0.017071962,0.8,-0.0042962669394910336,0.033838700503110886,23
5,2026-08-06,NRCA,472.65982,479.87216,0.015411114,0.008408546,0.6,-0.002789127640426159,0.03731529787182808,24
5,2026-08-06,BANK,269.4582,273.6895,0.015195966,0.025545597,0.6,-0.006267845630645752,0.031211400404572487,25
5,2026-08-06,TFCO,724.391,734.7289,0.014856005,0.009625316,0.8,-0.0013787030475214124,0.03733410686254501,26
5,2026-08-06,NANO,30.46551,30.980358,0.01465565,0.0043708086,0.6,-0.024451231583952904,0.060166068375110626,27
5,2026-08-06,AMMN,4125.306,4182.3945,0.01453011,0.010497689,0.8,0.0007962943054735661,0.03083464875817299,28
5,2026-08-06,SSMS,1012.7256,1026.7859,0.014307368,0.01267159,0.8,0.0004174590576440096,0.03094641864299774,29
5,2026-08-06,BBMD,1982.2236,2010.3997,0.014299559,0.004796624,1.0,0.0010207414161413908,0.03326544538140297,30
5,2026-08-06,KOTA,151.12486,153.6033,0.013768816,0.003946066,0.6,-0.013279950246214867,0.048019979149103165,31
5,2026-08-06,KONI,2349.479,2382.645,0.013437104,0.013632178,0.8,-0.0045014857314527035,0.033266160637140274,32
5,2026-08-06,RISE,923.65625,934.8006,0.013237262,0.0022337437,0.6,-0.01618480682373047,0.0529395267367363,33
5,2026-08-06,GMTD,1287.2555,1304.0027,0.013098466,0.009345651,0.8,1.9193394109606743e-06,0.027962421998381615,34
5,2026-08-06,BUKA,114.11546,115.55827,0.012849892,0.010267615,0.8,-0.0018652796279639006,0.030716178938746452,35
5,2026-08-06,HATM,567.1365,574.0931,0.012639428,0.0087355375,0.8,-0.021535420790314674,0.050470106303691864,36
5,2026-08-06,MAPB,1158.8167,1173.7148,0.0126295565,0.012034655,0.6,-0.005311560817062855,0.030811857432127,37
5,2026-08-06,DART,125.8265,127.385864,0.012520075,0.017320156,0.8,-0.00041737547144293785,0.02346355840563774,38
5,2026-08-06,PCAR,40.308075,40.815056,0.012466466,0.015196562,0.8,-0.0020430204458534718,0.025400899350643158,39
5,2026-08-06,TMPO,105.19871,106.49278,0.012425709,0.005122304,1.0,0.0022972822189331055,0.027712654322385788,40
5,2026-08-06,KAQI,96.63055,97.795006,0.012305081,0.0077488422,0.8,-0.000995027949102223,0.031039472669363022,41
5,2026-08-06,AUTO,2728.373,2761.2266,0.012089777,0.009736776,1.0,0.0037544488441199064,0.022492289543151855,42
5,2026-08-06,CAKK,138.2266,139.93333,0.011848199,0.007228732,0.6,-0.00037567614344879985,0.02668156661093235,43
5,2026-08-06,BIPP,60.208088,60.902332,0.011390102,0.0141557455,0.8,0.00047451257705688477,0.020926237106323242,44
5,2026-08-06,SUNI,700.3647,707.8923,0.011300278,0.0016562939,0.6,-0.002818238688632846,0.035313770174980164,45
5,2026-08-06,MMIX,740.21674,749.0277,0.011280561,0.009109378,0.6,-0.01357891596853733,0.04097554087638855,46
5,2026-08-06,DPUM,95.115,96.19185,0.011145389,0.006245017,0.8,-0.003717958927154541,0.029697129502892494,47
5,2026-08-06,PPRI,146.19661,147.81163,0.0110811945,0.0014115572,0.6,-0.001962518785148859,0.03005354292690754,48
5,2026-08-06,PTSP,882.4041,892.0384,0.011022794,0.010769486,0.8,-0.0001990914170164615,0.022391771897673607,49
5,2026-08-06,BAPI,21.722042,21.882666,0.010977375,0.0020956993,0.6,-0.033140767365694046,0.06780403852462769,50
5,2026-08-06,CASS,1852.0442,1872.0582,0.010894966,0.01057899,0.8,-0.0007526874542236328,0.02279961109161377,51
5,2026-08-06,DOID,209.16914,211.39961,0.01065129,0.014526248,0.8,0.0005753636360168457,0.018082523718476295,52
5,2026-08-06,IPTV,30.542648,30.861252,0.010474372,0.010415196,0.8,0.0034646750427782536,0.01665055751800537,53
5,2026-08-06,AIMS,388.9792,392.94928,0.010144794,0.004958153,0.8,-0.0002876638900488615,0.024860331788659096,54
5,2026-08-06,TYRE,110.81213,111.93008,0.0101213455,0.008160114,1.0,0.0026069642044603825,0.01975064165890217,55
5,2026-08-06,KOCI,96.71529,97.67651,0.009939456,0.0065886974,0.6,-0.00302731990814209,0.024810314178466797,56
5,2026-08-06,ARTA,2391.738,2415.086,0.009928977,0.009778976,0.8,0.0024174570571631193,0.01802637428045273,57
5,2026-08-06,BUKK,971.3634,980.5602,0.009678972,0.002604723,0.8,-0.00625532865524292,0.029128573834896088,58
5,2026-08-06,SMMT,1843.3607,1860.594,0.009433675,0.00085294247,0.6,-0.0020152926445007324,0.025398539379239082,59
5,2026-08-06,PBRX,25.03407,25.254543,0.009061849,0.0031081438,0.8,-0.013591133989393711,0.034195467829704285,60
5,2026-08-06,IKAI,20.657093,20.845448,0.008735573,0.00027751923,0.6,-0.02263253927230835,0.04968962073326111,61
5,2026-08-06,APLN,118.95188,119.933716,0.008711696,0.007503152,0.6,-0.00949949026107788,0.029352257028222084,62
5,2026-08-06,UDNG,1145.6522,1154.8118,0.008635747,0.005951166,0.6,-0.023778295144438744,0.044045254588127136,63
5,2026-08-06,KLIN,113.646996,114.61064,0.008465409,0.013225079,0.6,-0.01285241823643446,0.026789188385009766,64
5,2026-08-06,GPRA,103.02844,103.89949,0.008313417,0.0036562681,0.8,-0.0017607688205316663,0.02182457223534584,65
5,2026-08-06,ASHA,55.984093,56.442627,0.0081978915,0.00094890594,0.6,-0.015066588297486305,0.03652011975646019,66
5,2026-08-06,ASSA,599.64014,604.38477,0.008089304,0.002207756,0.8,-0.0005908727762289345,0.022081609815359116,67
5,2026-08-06,AMRT,1319.7,1330.358,0.008063507,0.006005168,0.8,-0.007425785064697266,0.024713633581995964,68
5,2026-08-06,SKRN,380.81543,383.82483,0.007916177,0.012835741,0.6,-0.0031884193886071444,0.016874074935913086,69
5,2026-08-06,SMLE,153.61826,154.87971,0.007833982,0.0107188225,0.6,-0.013374650850892067,0.02962956205010414,70
5,2026-08-06,PEVE,315.1958,317.34048,0.0074900268,0.011114836,0.8,-0.03504723310470581,0.046445220708847046,71
5,2026-08-06,NASA,29.738781,29.959864,0.007436514,0.0047180653,0.8,-0.004088091664016247,0.020034359768033028,72
5,2026-08-06,PURI,134.21457,135.19035,0.0074141147,0.00013399124,0.6,-0.0085945725440979,0.02584097348153591,73
5,2026-08-06,BATR,89.969955,90.636154,0.0074109556,0.0073525906,1.0,0.001927495002746582,0.012986802496016026,74
5,2026-08-06,ESIP,122.7687,123.65432,0.0073580025,0.0026079416,0.6,-0.007856547832489014,0.025889039039611816,75
5,2026-08-06,KSIX,283.8719,285.83755,0.0070730327,0.005338788,0.8,-0.002548015210777521,0.018277404829859734,76
5,2026-08-06,MBTO,117.967186,118.81303,0.007055235,0.00571692,0.6,-0.001059198402799666,0.016533970832824707,77
5,2026-08-06,BTPN,2182.1274,2197.3064,0.007050276,0.008333445,0.8,-0.006903576664626598,0.019103383645415306,78
5,2026-08-06,FUTR,275.54108,277.26547,0.0069667697,0.008952737,0.6,-0.021548081189393997,0.03710567578673363,79
5,2026-08-06,FOLK,202.07089,203.54747,0.0068864822,0.007725477,0.8,-0.009900903329253197,0.023112867027521133,80
5,2026-08-06,SUPA,612.12683,616.2653,0.006853342,0.0075722933,0.6,-0.006641387939453125,0.0215634573251009,81
5,2026-08-06,DNAR,121.24066,122.050125,0.0067202924,0.00780046,0.6,-0.0024678469635546207,0.015353106893599033,82
5,2026-08-06,PSAB,426.8685,429.69507,0.006692791,0.0011600256,0.8,0.00011510848707985133,0.01738603040575981,83
5,2026-08-06,BFIN,907.6491,913.5724,0.006607592,0.007589221,0.8,-0.0007354854606091976,0.01252355519682169,84
5,2026-08-06,KEEN,833.92224,839.2728,0.00652256,0.009730339,0.8,-0.003760814666748047,0.015313982032239437,85
5,2026-08-06,PGUN,7406.5874,7454.569,0.0065187933,0.0118768215,0.6,-0.0020863651297986507,0.012242508120834827,86
5,2026-08-06,PART,99.8349,100.446205,0.0064919232,0.004530072,0.8,-0.0029573440551757812,0.018137428909540176,87
5,2026-08-06,RANC,502.4522,505.5666,0.006277895,0.0032758713,0.8,0.0001207590103149414,0.014454244635999203,88
5,2026-08-06,CHEK,129.57806,130.33902,0.00589633,0.010806441,0.6,-0.002332019619643688,0.011472177691757679,89
5,2026-08-06,DOOH,250.53096,251.81152,0.0058698417,0.0058846474,0.6,-0.006872320082038641,0.01870407909154892,90
5,2026-08-06,DILD,116.54696,117.22505,0.0058488725,0.007932425,0.6,-0.004017936997115612,0.015175079926848412,91
5,2026-08-06,RGAS,233.2913,234.65125,0.0058239936,0.006104231,1.0,0.0021417378447949886,0.009667014703154564,92
5,2026-08-06,MPXL,152.81656,153.70117,0.005797565,0.0039801598,0.6,-0.0046002743765711784,0.017431162297725677,93
5,2026-08-06,BBSS,89.3041,89.798386,0.0056699156,0.0011587143,0.6,-0.007398843765258789,0.02216162532567978,94
5,2026-08-06,WAPO,122.14552,122.834305,0.0056693554,0.003884077,1.0,0.0023392438888549805,0.009978723712265491,95
5,2026-08-06,MIKA,1716.9186,1726.1594,0.0055486797,0.0038220882,0.6,-0.005091953091323376,0.018583057448267937,96
5,2026-08-06,GTRA,238.10124,239.31087,0.005404091,0.013635755,0.8,-0.01274716854095459,0.017090843990445137,97
5,2026-08-06,BAPA,167.59206,168.39099,0.005104816,0.0012965202,0.6,-0.0036069632042199373,0.017264626920223236,98
5,2026-08-06,SAGE,32.420807,32.58015,0.004913819,0.008176208,0.8,-0.0018463251180946827,0.009162616916000843,99
5,2026-08-06,BRNA,594.0461,596.9589,0.004895902,0.004689455,1.0,0.0008830547449178994,0.009692906402051449,100
5,2026-08-06,AREA,270.59952,271.893,0.0048333406,0.007421255,0.8,-0.01984221860766411,0.027492590248584747,101
5,2026-08-06,URBN,212.98413,213.97519,0.004738307,0.0014915466,0.8,-0.004372715950012207,0.014698815532028675,102
5,2026-08-06,CHEM,63.610596,63.896965,0.0046259165,0.0016144514,0.6,-0.004603755660355091,0.01602940447628498,103
5,2026-08-06,BDMN,4163.017,4182.008,0.0046185255,0.0034822226,0.8,-0.002564978552982211,0.013025354593992233,104
5,2026-08-06,PRDA,2344.0747,2354.7917,0.0046105147,0.0025565624,0.8,-0.0025377036072313786,0.013277363032102585,105
5,2026-08-06,AMAR,210.70987,211.66904,0.004552543,0.0033704042,0.8,0.00034533743746578693,0.00927820149809122,106
5,2026-08-06,KIJA,122.28499,122.80296,0.004373467,0.0020102262,0.6,-0.007451951503753662,0.017145251855254173,107
5,2026-08-06,IPOL,104.419815,104.86598,0.004296458,0.0072155,0.6,-0.0010810733074322343,0.008289885707199574,108
5,2026-08-06,GPSO,260.98395,261.883,0.0042934776,0.0041383505,0.6,-0.020378172397613525,0.027812335640192032,109
5,2026-08-06,TALF,575.8906,578.33856,0.004108143,0.00233531,0.6,-0.0023745179641991854,0.012209414504468441,110
5,2026-08-06,FMII,249.727,250.74911,0.0040937425,0.0032429695,0.6,-0.0036893009673804045,0.012718796730041504,111
5,2026-08-06,HAIS,177.97514,178.69704,0.004060316,0.006016135,0.6,-0.002252888632938266,0.00916600227355957,112
5,2026-08-06,ASDM,509.2503,511.24722,0.004037714,0.007638693,0.8,-0.004753470420837402,0.010402345098555088,113
5,2026-08-06,PNIN,719.1472,721.99207,0.00393579,0.0047570467,0.8,0.00013942719670012593,0.0073309894651174545,114
5,2026-08-06,ISAP,23.397161,23.484848,0.003870833,0.0069715977,0.6,-0.014289474114775658,0.021114753559231758,115
5,2026-08-06,BTON,353.02313,354.31726,0.00371871,0.0027747154,0.6,-0.006391155533492565,0.01454467698931694,116
5,2026-08-06,LTLS,799.35126,802.3163,0.0037102937,0.004322648,0.8,-0.0034759759437292814,0.009952878579497337,117
5,2026-08-06,TRIS,167.25241,167.8725,0.0036997558,0.0033359528,0.8,0.00022122857626527548,0.007309841923415661,118
5,2026-08-06,PTMP,60.599506,60.81441,0.0036084414,0.006772995,0.8,-0.004467415623366833,0.009784888476133347,119
5,2026-08-06,KKES,68.8349,69.08578,0.00359025,0.0025798082,0.6,-0.0062312837690114975,0.013332151807844639,120
5,2026-08-06,BSIM,685.33685,687.7992,0.0035833002,0.0020221472,0.6,-0.0066571831703186035,0.014601921662688255,121
5,2026-08-06,DAAZ,1590.7664,1596.3982,0.003574562,0.0049364567,0.8,-0.0003851652145385742,0.006117796991020441,122
5,2026-08-06,JAWA,119.50651,119.926476,0.0035518766,0.0025521517,0.8,-0.0030293345917016268,0.011120222508907318,123
5,2026-08-06,ELIT,169.60153,170.21487,0.0035159588,0.0013645887,0.6,-0.009412502869963646,0.019516609609127045,124
5,2026-08-06,DSSA,782.48126,785.06506,0.0035153865,0.0098570585,0.8,-0.017490386962890625,0.017551731318235397,125
5,2026-08-06,MICE,511.05118,512.8185,0.0035113096,0.0046566725,0.8,-0.0030646324157714844,0.008765529841184616,126
5,2026-08-06,ICON,102.08246,102.427574,0.0034525276,0.010878205,0.6,-0.008164703845977783,0.011060332879424095,127
5,2026-08-06,UVCR,144.11226,144.5631,0.0034414171,0.006166935,0.6,-0.012237047776579857,0.018306421115994453,128
5,2026-08-06,KETR,541.68494,543.631,0.003373456,0.009256721,0.6,-0.01812192052602768,0.021036194637417793,129
5,2026-08-06,LPPS,77.314445,77.55995,0.0033586859,0.006606698,0.6,-0.006984519772231579,0.012603902257978916,130
5,2026-08-06,AISA,116.65697,117.06699,0.0033577085,0.00078880787,0.6,-0.011841129511594772,0.0199280958622694,131
5,2026-08-06,MINE,212.68596,213.34615,0.003316295,0.0035461187,0.6,-0.014088522642850876,0.0224118921905756,132
5,2026-08-06,PRAY,732.12213,734.44556,0.0032366752,0.0036697388,0.8,-0.0033744333777576685,0.009065985679626465,133
5,2026-08-06,SHID,607.40283,609.33875,0.0032022237,0.0058658123,0.8,-0.007101655006408691,0.011736130341887474,134
5,2026-08-06,ALDO,826.2505,828.84485,0.0031535507,0.0021705627,0.8,-0.0030681490898132324,0.00980751495808363,135
5,2026-08-06,CENT,78.52823,78.76787,0.0031011582,0.00021600723,0.6,-0.013570678420364857,0.02141392230987549,136
5,2026-08-06,INPS,652.05835,654.5846,0.0030918717,0.006774783,0.6,-0.026566267013549805,0.031157802790403366,137
5,2026-08-06,DYAN,80.2831,80.52702,0.0030828477,0.0030050278,0.6,-0.003671061946079135,0.009607266634702682,138
5,2026-08-06,GEMA,80.06033,80.27812,0.0027795911,0.00031387806,0.8,-0.0051579829305410385,0.01272716373205185,139
5,2026-08-06,JKON,66.90727,67.09318,0.002779448,0.0012364388,0.6,-0.0013640522956848145,0.008102082647383213,140
5,2026-08-06,RIGS,670.9535,672.81805,0.002777374,0.0005750656,0.6,-0.0032818675972521305,0.011640118435025215,141
5,2026-08-06,SMBR,154.82506,155.25749,0.002741623,0.0016270876,0.8,-0.004455852322280407,0.01052079163491726,142
5,2026-08-06,PWON,267.0902,267.8427,0.0026735305,0.0029248,0.6,-0.0038575888611376286,0.009963225573301315,143
5,2026-08-06,AKPI,486.93854,488.20932,0.0026228428,0.0009242296,0.6,-0.0008769273990765214,0.007458948530256748,144
5,2026-08-06,LPGI,628.3614,629.9799,0.0025992512,0.004739523,0.6,-0.00529977073892951,0.009080767631530762,145
5,2026-08-06,TOSK,67.43485,67.60015,0.002527666,0.002124548,0.8,-0.003502702573314309,0.00882403738796711,146
5,2026-08-06,PSAT,831.1994,833.1906,0.0025092482,0.0024276972,0.6,-0.006837141700088978,0.012035464867949486,147
5,2026-08-06,DEPO,239.84839,240.43315,0.0024620295,0.0014407635,0.8,-0.003825569059699774,0.00898053590208292,148
5,2026-08-06,KAEF,442.0791,443.14615,0.0024476647,0.005920291,0.6,-0.00912710465490818,0.010918878950178623,149
5,2026-08-06,SOHO,1216.1692,1219.2018,0.0023774027,0.0008240938,0.8,-0.002870023250579834,0.009064815938472748,150
5,2026-08-06,TRON,105.49288,105.70659,0.0023683428,0.005995035,0.8,-0.019784724339842796,0.021234342828392982,151
5,2026-08-06,BMAS,479.10944,480.2356,0.0023407699,0.0019936562,0.6,-0.005015206523239613,0.010418128222227097,152
5,2026-08-06,NICK,1192.0413,1194.9066,0.0023273826,0.002158165,0.6,-0.005645954515784979,0.010860132053494453,153
5,2026-08-06,BNBA,739.0807,740.7436,0.0022697686,0.002886176,0.8,-0.0009670972358435392,0.004777693655341864,154
5,2026-08-06,DGIK,127.43423,127.71611,0.0022629618,0.010299563,0.6,-0.014909457415342331,0.015028023160994053,155
5,2026-08-06,WMUU,51.057106,51.16907,0.0022093058,0.0018166304,1.0,0.000885820365510881,0.00396649818867445,156
5,2026-08-06,BOLA,161.25931,161.61603,0.0021594763,0.004164815,0.8,-0.002371239708736539,0.005374598316848278,157
5,2026-08-06,YUPI,1286.2314,1289.0334,0.0021458983,0.0007046461,0.6,-0.00328810210339725,0.008067297749221325,158
5,2026-08-06,MDLA,208.49844,208.93884,0.0021098852,0.0008866787,0.6,-0.003057813737541437,0.008207106031477451,159
5,2026-08-06,MTEL,456.12125,457.08414,0.0021075488,0.0017522573,0.6,-0.001478946185670793,0.006430172361433506,160
5,2026-08-06,DLTA,1765.2826,1768.9115,0.0020597219,0.00026786327,0.8,-4.312991222832352e-05,0.005178856663405895,161
5,2026-08-06,BRAM,4478.5923,4487.634,0.0020346164,0.0019702911,0.6,-0.0034789799246937037,0.007739900611341,162
5,2026-08-06,MSJA,407.09058,407.90622,0.002006948,0.0023305416,0.6,-0.002184450626373291,0.006379436701536179,163
5,2026-08-06,BNII,187.503,187.86876,0.0019400954,0.002854824,0.6,-0.0034553171135485172,0.006739783100783825,164
5,2026-08-06,CMNT,826.4469,827.9626,0.0019358278,0.00086033344,0.6,-0.007366180419921875,0.012122200801968575,165
5,2026-08-06,KICI,189.434,189.79697,0.0019079089,0.004670024,0.8,-0.006475412752479315,0.007483053021132946,166
5,2026-08-06,CYBR,539.34705,540.3495,0.0018738031,0.0016634464,0.8,-0.0012778043746948242,0.004930829629302025,167
5,2026-08-06,TSPC,2912.0925,2917.4658,0.0018325329,0.0008456707,0.6,-0.010450243949890137,0.014423464424908161,168
5,2026-08-06,DGWG,270.687,271.18863,0.0018137812,0.0032030344,0.6,-0.008106100372970104,0.010779619216918945,169
5,2026-08-06,HELI,181.25662,181.58456,0.0018093467,0.0031046867,0.6,-0.005654740147292614,0.008440637029707432,170
5,2026-08-06,UFOE,135.88387,136.1289,0.0017797112,0.000567317,0.8,-0.0005299925687722862,0.005364274140447378,171
5,2026-08-06,HGII,120.345825,120.55916,0.0017761469,0.0016247034,0.6,-0.000436758971773088,0.004196190740913153,172
5,2026-08-06,BVIC,92.09303,92.25197,0.001721406,0.00172925,0.8,-0.006764340214431286,0.00917115155607462,173
5,2026-08-06,BJTM,512.0728,512.9454,0.0017150998,0.0010905266,0.6,-0.0027019500266760588,0.006426190957427025,174
5,2026-08-06,ASBI,415.67706,416.38617,0.0016884923,0.00018632412,0.8,-0.0011431812308728695,0.005592727102339268,175
5,2026-08-06,RDTX,13720.906,13743.7295,0.0016825318,9.608269e-05,0.6,-7.722377631580457e-05,0.004946326836943626,176
5,2026-08-06,EKAD,167.22752,167.50656,0.0016635538,0.0015318394,0.8,-0.0011761068599298596,0.004614639095962048,177
5,2026-08-06,BLTA,31.279285,31.317291,0.0015869259,0.00014567375,0.6,-0.012054979801177979,0.01753528043627739,178
5,2026-08-06,CGAS,150.6678,150.90448,0.0015795946,0.00079369545,0.6,-0.0012520551681518555,0.004697918891906738,179
5,2026-08-06,CEKA,2189.6692,2192.9194,0.0015567184,0.00013244152,0.6,-0.011419439688324928,0.014060449786484241,180
5,2026-08-06,PUDP,299.57135,300.0362,0.0015545487,0.0010654926,0.8,6.555317668244243e-05,0.00315701961517334,181
5,2026-08-06,TOOL,64.757866,64.857544,0.0015436054,0.002121091,0.6,-0.00426217308267951,0.007005047053098679,182
5,2026-08-06,AGII,2898.2622,2902.2266,0.001525271,0.0038102865,0.8,-0.007155763916671276,0.0077301026321947575,183
5,2026-08-06,MRAT,438.49893,439.16974,0.0015228987,0.0019418001,0.8,-0.00040254590567201376,0.0031810044310986996,184
5,2026-08-06,EXCL,2440.136,2443.5134,0.0014474511,0.000505805,0.6,-0.004767703823745251,0.008537053130567074,185
5,2026-08-06,SURE,2760.414,2764.284,0.0014122367,0.0010772943,0.8,-0.004558121785521507,0.007169580087065697,186
5,2026-08-06,ASGR,1854.7965,1858.0869,0.001412201,0.0025689602,0.6,-0.011069631204009056,0.013103174977004528,187
5,2026-08-06,TRJA,109.959305,110.09308,0.0014036417,0.00070881844,0.8,-0.013523626141250134,0.015233730897307396,188
5,2026-08-06,IRRA,374.9599,375.48346,0.0013970255,0.0016012192,0.8,-0.00016261340351775289,0.00288467388600111,189
5,2026-08-06,VERN,200.92935,201.23235,0.0013727068,0.0028713942,0.8,-0.008603394031524658,0.00961439497768879,190
5,2026-08-06,BKSW,52.36898,52.436226,0.0013318419,0.0015093088,0.6,-0.004431461915373802,0.006819462403655052,191
5,2026-08-06,LFLO,473.93903,474.55093,0.0012481451,0.00012552738,0.6,-0.0027889967896044254,0.006146001163870096,192
5,2026-08-06,AMFG,3257.5776,3261.39,0.0012368083,0.0020365715,0.6,-0.00833282433450222,0.010311102494597435,193
5,2026-08-06,OBAT,241.08064,241.3647,0.0011743665,0.0044822693,0.6,-0.006584036163985729,0.006774783134460449,194
5,2026-08-06,CRSN,106.65562,106.75967,0.0011698722,0.0056290627,0.6,-0.012627875432372093,0.012656878679990768,195
5,2026-08-06,SDPC,181.24376,181.43915,0.0011062026,0.003770113,0.6,-0.00620268564671278,0.006919216830283403,196
5,2026-08-06,AADI,9096.995,9106.609,0.0010992885,0.0035321712,0.6,-0.011473333463072777,0.011083555407822132,197
5,2026-08-06,GOOD,288.36905,288.67462,0.0010706305,0.0025099516,0.6,-0.0047092437744140625,0.005769300274550915,198
5,2026-08-06,GULA,855.2853,856.21643,0.0010506749,0.00062584877,0.6,-0.029561102390289307,0.03162846341729164,199
5,2026-08-06,NPGF,58.387352,58.43435,0.0010396957,0.007652998,0.6,-0.017054211348295212,0.01356737595051527,200
5,2026-08-06,SRTG,1779.6492,1781.416,0.0010120987,0.00041377544,0.6,-0.0033388971351087093,0.0059018125757575035,201
5,2026-08-06,TRIM,551.1558,551.64417,0.0009909987,0.0014371872,0.6,-0.006144237704575062,0.008161567151546478,202
5,2026-08-06,MPOW,102.63542,102.737144,0.0009319186,0.004341483,0.6,-0.009335959330201149,0.008951138705015182,203
5,2026-08-06,PSGO,196.76091,196.93883,0.0009013176,0.0005891323,0.6,-0.002770936582237482,0.0050761220045387745,204
5,2026-08-06,TIRA,475.1541,475.63354,0.0008852482,0.002092719,0.8,-0.006172251421958208,0.006884502712637186,205
5,2026-08-06,DKHH,60.682556,60.72334,0.0007904768,0.0010778904,0.6,-0.007510649971663952,0.009513210505247116,206
5,2026-08-06,PGEO,1013.3262,1014.07715,0.00078148843,0.0018488169,0.6,-0.007752490229904652,0.00938267633318901,207
5,2026-08-06,POLU,12184.894,12192.561,0.0007500887,0.0014690161,0.6,-0.016179967671632767,0.016713904216885567,208
5,2026-08-06,BYAN,11810.877,11820.107,0.0007043481,0.0014013052,0.6,-0.009064018726348877,0.010193108581006527,209
5,2026-08-06,PNBS,49.86855,49.900875,0.0006483793,0.00015258789,0.6,-0.00033652782440185547,0.0019164085388183594,210
5,2026-08-06,CAMP,167.87827,167.98083,0.00061975716,0.0007054806,0.8,-0.0031863092444837093,0.004329323302954435,211
5,2026-08-06,SCCO,2260.976,2262.2886,0.00061923265,0.00052535534,0.6,-0.004356729798018932,0.005305218510329723,212
5,2026-08-06,NOBU,431.08954,431.31866,0.00060999393,0.002579093,0.6,-0.010913586243987083,0.010714100673794746,213
5,2026-08-06,LRNA,183.6088,183.71481,0.00056967733,0.0011065006,0.6,-0.001224219799041748,0.0020971295889467,214
5,2026-08-06,ASLC,61.465034,61.491516,0.00054947136,0.0008816719,0.6,-0.01691807433962822,0.017690300941467285,215
5,2026-08-06,BBSI,4695.07,4697.3813,0.0004954934,0.00037932396,0.8,-0.00125199556350708,0.0022727488540112972,216
5,2026-08-06,MTLA,512.9679,513.1959,0.00046942235,0.0014624596,0.8,-0.005430412478744984,0.005015206057578325,217
5,2026-08-06,RBMS,63.44649,63.432556,0.00037523507,0.0025556087,0.6,-0.027976011857390404,0.026131201535463333,218
5,2026-08-06,MKAP,1163.3694,1163.7913,0.00036129952,0.00059115887,0.6,-0.0005544185405597091,0.0011473654303699732,219
5,2026-08-06,GHON,1638.987,1639.4531,0.00028210878,0.0005110502,0.8,-0.000370776659110561,0.0007707118638791144,220
5,2026-08-06,PNLF,225.5013,225.57422,0.00026973485,0.00013792515,0.6,-0.008191382512450218,0.008138870820403099,221
5,2026-08-06,KOIN,79.242,79.26151,0.00024645327,0.000156641,1.0,0.00015664100646972656,0.0004260778077878058,222
5,2026-08-06,KDSI,451.92618,452.02994,0.00024096966,0.0011786222,0.6,-0.0030247210524976254,0.003322624834254384,223
5,2026-08-06,MDRN,24.452236,24.45763,0.00021731853,8.2850456e-05,0.8,-0.0013235568767413497,0.0018926617922261357,224
5,2026-08-06,AMAG,381.569,381.64972,0.00020416974,0.00079870224,0.6,-0.006634759716689587,0.007028006948530674,225
5,2026-08-06,ABBA,29.759323,29.765293,0.00020051003,0.00020051003,1.0,0.00020051002502441406,0.00020051002502441406,226
5,2026-08-06,INDX,57.451805,57.463287,0.00019979477,0.00019979477,1.0,0.00019979476928710938,0.00019979476928710938,227
5,2026-08-06,SOUL,38.17733,38.184628,0.00019224882,1.3589859e-05,0.6,-0.0010124444961547852,0.0015532969264313579,228
5,2026-08-06,BLTZ,2546.7202,2547.195,0.00018644333,0.00018644333,1.0,0.00018644332885742188,0.00018644332885742188,229
5,2026-08-06,LPCK,515.3761,515.5133,0.00017341375,4.720688e-05,0.6,-0.005580532364547253,0.005791806615889072,230
5,2026-08-06,UNSP,218.18938,218.22339,0.000156188,7.343292e-05,1.0,7.343292236328125e-05,0.00032169814221560955,231
5,2026-08-06,ARKA,22.678047,22.681019,0.00013101101,0.00013101101,1.0,0.0001310110092163086,0.0001310110092163086,232
5,2026-08-06,POLY,32.658924,32.662525,0.00011026859,0.00011026859,1.0,0.00011026859283447266,0.00011026859283447266,233
5,2026-08-06,BATA,59.559956,59.564995,8.4638596e-05,8.4638596e-05,1.0,8.463859558105469e-05,8.463859558105469e-05,234
5,2026-08-06,ATLA,50.092083,50.096294,8.4090236e-05,4.9948692e-05,1.0,4.9948692321777344e-05,0.0001523733080830425,235
5,2026-08-06,BHAT,1800.5095,1800.6462,7.593632e-05,7.593632e-05,1.0,7.593631744384766e-05,7.593631744384766e-05,236
5,2026-08-06,UNTD,78.34883,78.44938,7.3730946e-05,0.006546259,0.8,-0.024938499554991722,0.017616795375943184,237
5,2026-08-06,INOV,134.79312,134.8201,5.5778026e-05,0.0035369396,0.8,-0.009528076276183128,0.006145572755485773,238
5,2026-08-06,MAXI,49.92856,49.930447,3.7789345e-05,3.7789345e-05,1.0,3.7789344787597656e-05,3.7789344787597656e-05,239
5,2026-08-06,CBDK,3541.1887,3541.6328,3.410578e-05,0.0019388199,0.6,-0.02078193426132202,0.017970489338040352,240
5,2026-08-06,FOOD,178.55733,178.56027,1.6617774e-05,2.1219254e-05,0.6,-0.00019944905943702906,0.00025143619859591126,241
5,2026-08-06,EDGE,4787.2534,4787.293,8.225441e-06,8.225441e-06,1.0,8.225440979003906e-06,8.225440979003906e-06,242
5,2026-08-06,RAFI,35.920822,35.921055,6.4373016e-06,6.4373016e-06,1.0,6.4373016357421875e-06,6.4373016357421875e-06,243
5,2026-08-06,ZINC,29.766125,29.76627,4.7683716e-06,4.7683716e-06,1.0,4.76837158203125e-06,4.76837158203125e-06,244
5,2026-08-06,GTBO,166.84724,166.8479,3.9339066e-06,3.9339066e-06,1.0,3.933906555175781e-06,3.933906555175781e-06,245
5,2026-08-06,ADCP,49.968204,49.96831,2.1457672e-06,2.1457672e-06,1.0,2.1457672119140625e-06,2.1457672119140625e-06,246
