ticker,last_close,expected_close_10bar,expected_return_10bar,median_return_10bar,probability_up,downside_p10,expected_peak_return_10bar,forecast_dispersion,predicted_up,rank
FAST,310.0,336.48413,0.08543266050277216,0.08076920047883074,1.0,0.044615458826864886,0.10623676915322586,0.04200482049741757,True,1
SINI,7125.0,7718.371,0.08328009868421057,0.09043064692982461,0.8,0.0027863898026316176,0.0947141173245614,0.08815161103923297,True,2
TIFA,320.0,345.76013,0.08050043106079097,0.0623266220092773,0.6,-0.00896295547485355,0.09708570480346679,0.09428036301220492,True,3
MSIE,103.0,110.83075,0.07602669428853157,0.06477622615480882,1.0,0.04680646877844356,0.0891734891724818,0.03482354003102436,True,4
IFSH,1090.0,1159.9679,0.06419072982368121,0.08901579970613538,0.8,-0.08169151376146788,0.11849427949397935,0.1474127301206721,True,5
ELTY,30.0,31.902637,0.06342118581136065,0.08001823425292964,0.8,-0.008633728027343766,0.07920013427734371,0.07078612304870112,True,6
BAPI,20.0,21.165422,0.05827108383178712,0.05504417419433594,1.0,0.04741098403930666,0.06520627975463866,0.01182753490695013,True,7
HADE,18.0,19.038616,0.05770098368326826,0.04965580834282779,1.0,0.03024790022108297,0.0622388627794054,0.02882361152959201,True,8
NSSS,1090.0,1148.4945,0.05366472996702978,0.037281169366399025,1.0,0.03029852350917426,0.07858055744696105,0.034824858439979726,True,9
MAPB,1165.0,1227.2468,0.05343083590397,0.03362487007108372,1.0,0.01173413190718886,0.057061950945547266,0.05830585667653384,True,10
SOCI,440.0,463.23438,0.05280535611239345,0.06087590997869308,0.8,-0.007897338867187485,0.059419874711470186,0.058497330347773185,True,11
TAMU,21.0,21.960142,0.04572107224237354,0.05179986499604716,1.0,0.0337451753162203,0.04576392400832403,0.01089662217762692,True,12
HRME,42.0,43.82863,0.04353875659760975,0.053365889049711734,1.0,0.00859852745419456,0.048478771391369066,0.03314716988395174,True,13
ANDI,17.0,17.694311,0.04084183188045727,0.05160006354836866,0.8,-0.005437402164234807,0.06155662536621094,0.045925884426467216,True,14
IKAI,20.0,20.814686,0.040734214782714814,0.04277362823486319,0.8,-0.017224216461181684,0.06587438583374024,0.055525150352318337,True,15
RLCO,5575.0,5800.5923,0.04046493133408071,0.033669510229820565,1.0,0.01846475616591925,0.05930153447309414,0.0290573918525401,True,16
HATM,570.0,590.36414,0.03572648968612939,0.04231374640213814,0.8,0.01339406866776316,0.03804529022752194,0.023061809215182614,True,17
ISAP,24.0,24.85288,0.035536670684814455,0.03707472483317065,1.0,0.027383915583292628,0.04244165420532227,0.0077670262369,True,18
IKAN,83.0,85.937706,0.035394103268542976,0.016205017825207113,1.0,0.008311517554593452,0.04146412309393823,0.05019066407100227,True,19
SMIL,398.0,411.88818,0.03489488764623903,0.02730740494464512,1.0,0.014971417757733984,0.035872615641685,0.02161836323955476,True,20
GMTD,1375.0,1422.4434,0.034504296874999986,0.03856756036931808,0.8,-0.01293140980113636,0.03775712002840914,0.05101474790988019,True,21
INPS,660.0,682.38086,0.033910411487926104,0.028013657078598486,1.0,0.018113070401278363,0.04117751612807767,0.022530914289852946,True,22
KKES,67.0,69.1996,0.03282983125145753,0.03056437933622891,1.0,0.00860884936887829,0.05164268835267025,0.025237286550840194,True,23
ALKA,1715.0,1770.8293,0.03255358281705543,0.024412923651603524,1.0,0.02163905908345485,0.04392037172011665,0.020285764704062393,True,24
BLES,202.0,208.48051,0.03208170975788986,0.02957893598197714,0.8,-0.025910995030167115,0.05101958926361392,0.05683588581641551,True,25
MIRA,21.0,21.660622,0.03145817347935267,0.03258814130510612,0.8,0.011407924833751816,0.040953990391322526,0.020935087373896155,True,26
ESTI,171.0,176.31491,0.031081296686540583,0.031233759651407178,1.0,0.020947729634959833,0.050862826520239414,0.010636354111505925,True,27
OMRE,1080.0,1113.4342,0.03095752857349541,0.028954060872395937,1.0,0.00860249837239584,0.04507177282262735,0.02650481784458126,True,28
MPPA,47.0,48.341713,0.028547100310629993,0.016320005376288194,1.0,0.01022288545649106,0.04492992644614362,0.0247002434476053,True,29
NASA,30.0,30.84798,0.028265940348307338,0.021973228454589933,0.8,-0.012881927490234356,0.04380730946858724,0.044236775770324664,True,30
AIMS,392.0,402.9652,0.02797248996033961,0.02234275973573019,1.0,0.006888502471301062,0.040588955003388036,0.023236132574893768,True,31
TBMS,1160.0,1188.2938,0.024391247979525854,0.027983145878232696,1.0,0.009165712553879369,0.030595050680226298,0.014156547662678008,True,32
STAA,1095.0,1120.8768,0.023631809182363028,0.027300161422659786,1.0,0.013285374750285373,0.02673096817922378,0.010548596057504616,True,33
URBN,208.0,212.852,0.02332688845120945,0.015876476581279997,1.0,0.004041921175443219,0.032891625624436614,0.021304144621663187,True,34
LPPS,78.0,79.81888,0.023318970509064528,0.022359114426832916,1.0,0.010369931734525207,0.027449231270032026,0.013099135996044196,True,35
PURA,31.0,31.647818,0.020897379229145675,0.022393257387222754,1.0,0.012451381068075884,0.022421769172914587,0.008595110087922785,True,36
OILS,232.0,236.68672,0.020201400230670807,-0.002618592360923988,0.4,-0.010589717996531522,0.03257237138419318,0.03869084542682221,False,37
KBAG,41.0,41.79168,0.019309234619140626,0.024266312762004638,1.0,0.0010240322206078734,0.03265062657798205,0.017074317920291186,True,38
TLDN,515.0,524.8347,0.019096513766686883,0.01780128849362872,1.0,0.014919433593750009,0.01926309826304613,0.005502759732085151,True,39
IPAC,162.0,165.06027,0.01889053156346452,0.023260799455053993,1.0,0.00895626868730708,0.026025880413290948,0.009054868014237896,True,40
APLN,122.0,124.25044,0.01844626254722721,0.021941075559522183,1.0,0.01179873357053669,0.02520281682248977,0.005929776863870735,True,41
MANG,39.0,39.714333,0.01831622001452322,0.020930265768980272,1.0,0.011305588942307754,0.02912537012344756,0.007172561896747807,True,42
DMMX,178.0,181.12202,0.0175394465414326,0.015670347749517255,1.0,0.011778687895014083,0.022401119617933674,0.007249869501386026,True,43
LPCK,515.0,524.02484,0.01752398740898058,0.018534895517293704,1.0,0.006653969773968438,0.026666129399271866,0.01180665970140785,True,44
RSCH,314.0,319.02673,0.016008685652617462,0.013906491030553303,0.8,-0.0013713472208399576,0.02297542110370223,0.01746439049049832,True,45
RONY,1300.0,1320.404,0.0156954627403846,0.00732421875,0.8,-0.0024281287560096398,0.040002065805288464,0.022410038256410237,True,46
RMKO,280.0,284.34427,0.015515223911830356,0.018205915178571397,0.8,0.004301103864397327,0.022734876360212077,0.010917187212325447,True,47
BWPT,80.0,81.22711,0.01533885955810541,0.009086799621581987,0.8,-0.0005942916870117498,0.019941997528076173,0.017259011250824595,True,48
MTMH,900.0,913.5658,0.015073174370659737,0.011382581922743107,0.8,0.001053588867187494,0.024602634006076363,0.014569211476075783,True,49
SMKM,70.0,71.04326,0.01490373883928573,0.004139273507254515,0.8,0.000990491594587084,0.019413059779575904,0.026117205371244973,True,50
ZATA,64.0,64.94839,0.01481856107711792,0.012011051177978516,0.6,-0.010502469539642335,0.04022152423858642,0.03103267434706614,True,51
SHID,615.0,624.10864,0.014810820788871948,0.005396301765752121,0.6,-0.0020376413236788734,0.021856461191565035,0.019663086704801283,True,52
KLAS,75.0,76.104546,0.014727315266927077,0.016662089029947813,1.0,0.008322753906250036,0.021075459798177043,0.0059220303876197315,True,53
YPAS,605.0,613.8693,0.014660019047004157,0.01987082741477275,0.8,-0.00024075090392561282,0.02244657153925622,0.01383342850073828,True,54
PMJS,107.0,108.56083,0.014587145653840538,0.01931277836594636,1.0,0.005374601845429305,0.020152696270809,0.008266754084711836,True,55
SSMS,990.0,1004.31165,0.014456219913983537,0.014604048295454586,1.0,0.004806191800820603,0.018991884173768937,0.01117817187157027,True,56
ZONE,755.0,765.4044,0.013780719681291442,0.0035253259519867353,1.0,0.0016991055722269,0.018217191380380804,0.019082620921721926,True,57
YULE,3370.0,3416.278,0.013732439261869445,0.02201452962722561,0.6,-0.0353018940096439,0.030836351887054848,0.04730525051615473,True,58
ERTX,175.0,177.32434,0.01328194754464287,-0.009056745256696419,0.2,-0.02011274065290176,0.02717049734933037,0.058726982408579965,False,59
CBDK,3690.0,3737.3032,0.01281931476541327,0.0032001609078591287,0.8,-3.035547933605276e-05,0.02277506510416667,0.018159301617205758,True,60
TRJA,110.0,111.4073,0.012793592973188873,0.012510681152343661,1.0,0.008977189497514183,0.016846965443004302,0.004538760520286758,True,61
PGJO,685.0,693.69824,0.012698145956888673,0.009322340471030977,0.8,0.0014819870552007066,0.02136258981523729,0.014633264642881207,True,62
BBCA,6400.0,6480.7163,0.012611968994140632,0.012420272827148526,1.0,0.006533355712890554,0.01367813110351559,0.006771618708155816,True,63
SAMF,274.0,277.42664,0.012505947586393696,0.011420479656135907,1.0,0.009445168154082983,0.016627290823163766,0.0035240449497525804,True,64
LSIP,1435.0,1452.8285,0.012424086726916351,0.014060628538762998,1.0,0.007080027085148011,0.016729519408754355,0.005127793810536637,True,65
KBLM,296.0,299.63196,0.01227012840477193,0.01099529781857056,1.0,0.006169767637510581,0.014625466836465328,0.006243037080803171,True,66
BRNA,590.0,597.2246,0.012245121325476704,0.014852750099311418,1.0,0.006069294557733107,0.017363136420815682,0.006472849970370047,True,67
WMUU,52.0,52.61186,0.011766521747295667,0.011524934035081147,1.0,0.009180509127103331,0.02614035973182092,0.0027168944992964116,True,68
AMOR,340.0,343.9809,0.011708517635569838,0.011760307760799726,1.0,0.008883702895220492,0.014041586483226131,0.0030636525780198334,True,69
MOLI,266.0,269.0921,0.011624397908834582,0.005931194563557396,0.6,-0.004338888297403675,0.019565668321193597,0.017256065282014302,True,70
DATA,2050.0,2073.7556,0.011588104992378057,0.012391863567073225,0.8,-1.8411775914639475e-05,0.016592392339939054,0.01180928014613032,True,71
BFIN,920.0,930.5348,0.011450805664062513,0.018149798849354637,0.6,-0.020420492421025793,0.03381522800611418,0.03307054985064405,True,72
CMNT,820.0,829.1497,0.011158223966272862,0.010988709984756095,1.0,0.0100636105421112,0.013633854563643277,0.0010998167133728272,True,73
RIGS,665.0,672.3245,0.011014340049342097,0.009727443609022446,1.0,0.0064731775728383845,0.022389365748355282,0.005660645636690066,True,74
CLEO,382.0,386.1421,0.010843151152446006,0.0061492919921875,1.0,0.00258415182223497,0.01413171578452226,0.010578232979642986,True,75
ALDO,840.0,848.98645,0.010698154994419572,0.004857817150297539,0.8,-0.005306541806175646,0.030236104329427072,0.018188073927701946,True,76
GMFI,56.0,56.592033,0.010572092873709527,0.0027378627232141906,0.6,-0.003036321912493012,0.012196704319545181,0.019525791001806667,True,77
NATO,660.0,666.94684,0.010525494199810614,0.010859818892045459,1.0,0.00354499585700756,0.019142678000710234,0.006750802894388012,True,78
TGKA,4810.0,4859.7363,0.010340213260135168,0.01154972956730771,1.0,0.002049664598492784,0.013910574486746308,0.008082763230010908,True,79
EURO,1950.0,1969.9167,0.010213729467147426,0.0039528245192308464,0.8,-0.0019743088942307807,0.012913636818910178,0.014126845771457132,True,80
CTRA,570.0,575.77325,0.010128537897478074,0.01215959515487941,0.8,0.0010654596696820563,0.012765620716831138,0.008716733602353154,True,81
KAQI,93.0,93.921486,0.009908401325184845,0.009355114352318505,0.8,-0.0035030077862482573,0.01575855542254705,0.014980938210308064,True,82
PSAB,424.0,428.14325,0.00977181488612917,0.011108686339180496,1.0,0.0008303228414284103,0.01560552345131927,0.00865239966710351,True,83
TARA,30.0,30.290873,0.009695727030436219,0.007819811503092522,0.6,-0.021024958292643236,0.020256716410319075,0.031988544767139034,True,84
SPRE,89.0,89.85038,0.009554779395628498,0.009399928403704294,0.8,0.001463609331109561,0.014264173186227191,0.00819114901283741,True,85
ERAL,304.0,306.87457,0.009455811349969156,0.0104425329911082,0.8,0.002517820659436687,0.014324368928608156,0.006827937779892214,True,86
SIMP,590.0,595.5336,0.009379055217161003,0.008204262943591,0.8,0.001158612784692803,0.01263529114804025,0.008437081497398526,True,87
NISP,1270.0,1281.7516,0.00925321804256889,0.01258535310039366,1.0,0.0019210791400098514,0.010727000799704723,0.0068396349001496205,True,88
DRMA,935.0,943.4618,0.009050097134024049,0.014414676115474645,0.8,-0.0023829430564839657,0.012236824239638988,0.010281527305684535,True,89
GOLD,266.0,268.393,0.008996329630227918,0.008176072199541862,1.0,0.007226493663357614,0.01581849980175045,0.001977590872142774,True,90
GGRM,19025.0,19195.504,0.008962077036793659,0.007456985052562315,1.0,0.004218770532194505,0.010756426576872525,0.005360277791449335,True,91
RICY,77.0,77.673965,0.008752798105215075,0.009258617054332285,1.0,0.0032813134131493894,0.016961253773082375,0.0054940118282219945,True,92
GIAA,53.0,53.459187,0.008663897244435503,0.009922675366671685,1.0,0.003402206132996799,0.017984080764482612,0.005366278441909399,True,93
CPIN,3240.0,3268.007,0.008644175588348735,0.009379295066550997,0.8,-0.0020805453076774725,0.011338840060763888,0.010545028012299205,True,94
NEST,695.0,700.866,0.008440292687724792,0.003858914821267989,0.6,-0.004215008852293178,0.015040537882194283,0.013972103043086891,True,95
CTTH,126.0,127.06325,0.008438425215463785,0.006543537927052423,0.8,-0.005127158997550851,0.04273793054005463,0.014514714152647438,True,96
PTSN,266.0,268.24304,0.008432511637981643,0.00903010547609262,0.6,-0.002722099132107658,0.01465812052102915,0.010690956897562932,True,97
MBTO,118.0,118.98708,0.00836515264996025,0.011803707834017407,0.8,1.8232959811981275e-05,0.014671506720074135,0.007704220397006019,True,98
SAFE,372.0,375.08466,0.008292134602864553,0.011505619172127002,0.8,-0.0028563796832997033,0.01285867998676915,0.010925860197530553,True,99
AYAM,412.0,415.3523,0.008136593716815832,0.013566841199559976,0.8,-0.006965548320881365,0.011202232583055216,0.01405084374972713,True,100
BPTR,74.0,74.59929,0.008098478575010582,0.009235897579708663,1.0,0.003463167757601404,0.013348450531830602,0.00448223026868652,True,101
PLAN,39.0,39.31313,0.008028940054086586,0.012944832826272012,0.8,-0.0013896648700419956,0.016153130164513252,0.008492195431567871,True,102
BSDE,580.0,584.5492,0.007843417463631463,0.010443957098599244,0.8,-0.0006707974137931004,0.01457319588496766,0.007775204326258471,True,103
WGSH,155.0,156.21158,0.007816555884576614,0.012569698210685543,0.8,-0.03750381961945568,0.012768160912298376,0.04620500555644381,True,104
UNIQ,109.0,109.83456,0.007656524378225349,0.006859875600272458,1.0,0.004544879318377282,0.013189907248960742,0.004024854588135391,True,105
ARGO,1165.0,1173.8883,0.007629425965665226,0.010442093615879777,0.8,-0.0027644682135193,0.015286933342274623,0.009718495963975591,True,106
WIIM,1715.0,1727.9011,0.007522577669460628,0.008191095913812063,0.8,-0.0018690779883382413,0.011099444241982549,0.009858860739230632,True,107
MUTU,108.0,108.80123,0.0074188514992042705,0.007179472181532143,1.0,0.00517339353208186,0.010603261876989345,0.002304656781232148,True,108
NAYZ,55.0,55.405903,0.007380079789595229,0.010115536776456047,0.8,0.0010397616299716362,0.012097917036576745,0.005774393140858158,True,109
LCKM,107.0,107.77964,0.007286356988354248,0.0029002394631645334,1.0,0.001042431982878167,0.01627291385258469,0.007850078556723114,True,110
LIVE,202.0,203.46896,0.007272051820660619,0.012494531008276688,0.8,-0.00475284085415375,0.011168632885016993,0.01120437098253574,True,111
PBRX,26.0,26.186672,0.0071797444270207626,0.0024547576904296875,0.8,-0.024954854525052573,0.026799715482271624,0.03350751732053039,True,112
GWSA,125.0,125.89409,0.007152697753906256,0.008268005371093734,1.0,0.0029921630859374828,0.01063426513671879,0.003964165978778326,True,113
LAJU,64.0,64.4543,0.00709836483001709,0.011003494262695312,0.8,-0.00461130142211914,0.014490890502929687,0.011431525101909838,True,114
WEHA,102.0,102.714355,0.007003514906939378,0.006209055582682366,0.8,0.0011072046616498413,0.014082530900543854,0.006124630107723905,True,115
PRIM,102.0,102.705666,0.006918230243757683,0.009749393837124698,0.8,-0.002099100748697902,0.011693707634420968,0.008845316973731665,True,116
TRST,454.0,457.07635,0.006776152623382425,0.009169389497866165,0.8,-0.0003402642741602733,0.01376986734667538,0.0070831803788316845,True,117
JKON,66.0,66.4374,0.00662726199988164,0.006355863628965341,1.0,0.003647752241654878,0.014356994628906295,0.003187427591211819,True,118
SAGE,33.0,33.21788,0.006602431788588969,0.016620867180101806,0.8,-0.019231761585582416,0.02087071736653643,0.024522040407842848,True,119
HMSP,730.0,734.7358,0.006487368230950375,0.0035189693921233722,0.6,-0.005954439346104468,0.010097622806078777,0.013173770327045533,True,120
BEER,74.0,74.46933,0.006342295053842895,0.010244833456503288,0.8,-0.004916856095597532,0.01960828626478035,0.010664234657924297,True,121
ASRM,260.0,261.61798,0.006223074106069681,0.006528766338641745,1.0,0.0031827016977163504,0.006699124849759608,0.0029922807743996546,True,122
UANG,2190.0,2203.1794,0.006018055258276233,0.007504147046232923,0.6,-0.004691156535388141,0.010339210545091303,0.010415756573812855,True,123
UNIC,12650.0,12726.127,0.006017925518774758,0.005833127470355803,1.0,0.0041274703557312884,0.00792754137845848,0.0019044590124978904,True,124
TSPC,2840.0,2857.0835,0.006015384297975368,0.005361895494058189,1.0,0.0014296840613996053,0.008901968942561655,0.004795767006725074,True,125
JARR,1900.0,1911.3834,0.005991275185032929,-0.0003664036800986592,0.4,-0.0050800524259868585,0.011989013671875015,0.01564057373145457,False,126
KOPI,208.0,209.2441,0.005981151874248835,0.0009494928213267251,0.8,-0.003390194819523673,0.012851876478928803,0.011530815777406422,True,127
SILO,2060.0,2072.2734,0.005957967517445373,0.0029078807645630533,0.6,-0.004740796135467229,0.011482241732402887,0.013699277864769694,True,128
MPXL,154.0,154.91556,0.005945121467887638,0.005159749613179887,0.6,-0.0011970024604301744,0.007006558504971583,0.007282645851025739,True,129
PORT,860.0,865.0487,0.005870574241460758,0.0032489155614099374,0.8,-0.0004637252452761808,0.010039630268895382,0.007209171679004799,True,130
SMBR,161.0,161.94423,0.005864739269943709,0.007927367405861752,0.8,-0.004155546389751574,0.008779319621020965,0.010053016569954021,True,131
KOTA,150.0,150.87497,0.005833129882812438,-0.0012051391601562988,0.4,-0.03310984293619794,0.01690236409505206,0.04421533202553243,False,132
PRAY,720.0,724.09894,0.005692986382378451,0.0003440856933594194,0.6,-0.0017793782552083526,0.01206490410698784,0.009876492667247876,True,133
SCCO,2270.0,2282.906,0.005685486646475768,0.006312379542951607,0.8,0.0010064186398678569,0.01022090962279738,0.004608000675214741,True,134
ANJT,1445.0,1453.1287,0.005625422388624579,0.004274741836072682,0.8,-0.00017223318555366048,0.009268456693339066,0.005967914106376448,True,135
STRK,67.0,67.37105,0.005538029457206162,0.005082770959654814,0.8,-1.1910965193551127e-05,0.013344562587453312,0.006175257837115641,True,136
BTPS,1000.0,1005.4064,0.005406384277343768,0.0024766235351563193,0.6,-0.0019496704101562789,0.006271813964843753,0.008178853987783632,True,137
BBLD,580.0,583.11383,0.0053686312971444,0.01051235856681032,0.8,-0.009652394261853447,0.01696745773841597,0.015403888186793852,True,138
ARKO,4660.0,4684.5664,0.005271781954130872,-0.007529590262875585,0.4,-0.019594558912285433,0.02232660776555797,0.029284251208550185,False,139
ELIT,171.0,171.901,0.005269029405381986,0.0019152011090552978,0.6,-0.004289022523757335,0.014162226448282179,0.011558933641848243,True,140
TOOL,65.0,65.33786,0.005197847806490352,0.002275202824519207,0.8,-0.0021272395207331705,0.014930795522836516,0.008428025183646536,True,141
DSSA,840.0,844.3621,0.005192987351190448,-0.0015889485677083037,0.4,-0.012293134416852713,0.017608846028645875,0.024890678435065275,False,142
MLIA,230.0,231.19067,0.005176829462466048,0.00528232740319301,0.8,-0.0030723638119904747,0.00824713665506116,0.00827202069954898,True,143
INKP,8200.0,8242.391,0.0051696122332316905,0.0016833793826218635,1.0,0.0009660108612804308,0.012495117187500026,0.005550966851568803,True,144
ALII,720.0,723.7214,0.005168609619140651,0.004888831244574732,0.8,-0.0011382548014323033,0.008783145480685794,0.006253799832926465,True,145
DOID,210.0,211.07803,0.005133449009486623,8.501325334830945e-05,0.6,-0.007800234840029762,0.014312656947544643,0.01604933422803888,True,146
LTLS,810.0,814.1249,0.005092456958912051,0.006355342158564925,0.6,-0.0037892132040894698,0.010821322217399709,0.008419332751597782,True,147
ISEA,79.0,79.400734,0.0050726009320609,0.005111887485166111,0.8,-0.004459236241594167,0.008870706678945784,0.009432377590364598,True,148
VINS,139.0,139.70294,0.005057135931879531,0.004983147271245603,0.8,0.0010181673996740414,0.009486356227517945,0.004072654285582221,True,149
SMSM,1775.0,1783.9421,0.005037824603873231,0.003916703345070438,0.8,-0.0018003273547535057,0.0067613473811619414,0.008011761393320839,True,150
DKFT,655.0,658.29395,0.005028924141221402,0.004764096791507688,1.0,0.001806547441555395,0.00991548261569659,0.003931320134003498,True,151
DSNG,1360.0,1366.7657,0.004974796070772047,-0.0026331284466911686,0.4,-0.011560291963465086,0.014473697437959565,0.019825309809114313,False,152
HELI,182.0,182.89865,0.0049376938369247725,0.007091228778545622,0.8,-0.004638302981198494,0.009811887636289462,0.00909566917686841,True,153
GTRA,242.0,243.17029,0.004835863349851532,0.00673498989136756,0.6,-0.007777707438823577,0.010036058662351532,0.012707890906251466,True,154
BSIM,700.0,703.36395,0.004805698939732128,0.005390799386160605,0.8,0.0010993826729910339,0.01264214215959818,0.003560824950477278,True,155
REAL,50.0,50.23751,0.004750259399414114,0.005156860351562598,1.0,0.0024312133789062607,0.008250030517578156,0.002156387900222336,True,156
ESTA,175.0,175.82018,0.0046867152622767526,0.003664899553571521,1.0,0.00173889160156242,0.013751220703125,0.003996451163395476,True,157
AKRA,1445.0,1451.7516,0.004672344696150544,0.006067528114186871,0.8,-0.00011103752162624483,0.008335535386029403,0.0043647478639493005,True,158
FORE,635.0,637.9483,0.004642958753690962,0.0018437423105315265,0.6,-0.002578221118356305,0.011180275744340573,0.009538664192273751,True,159
HOMI,177.0,177.82153,0.004641465009269119,0.008142762264963022,0.6,-0.004323875297934321,0.009071065611758477,0.008452527500437181,True,160
BHIT,26.0,26.119516,0.004596754220815802,-0.0010588719294621907,0.4,-0.01254755166860726,0.010745180570162249,0.021525684975844967,False,161
UNTD,79.0,79.358505,0.004538021811956105,0.004295638844936667,0.8,-0.0012121852440170277,0.012633968304984177,0.006119344860034911,True,162
IPOL,105.0,105.47548,0.004528372628348177,0.006277683803013412,0.8,-0.0006748308454241677,0.012515040806361588,0.0053500291591116675,True,163
PWON,266.0,267.2019,0.004518391315202042,0.004273722942610414,0.8,-0.003589165479617051,0.007141044444607614,0.00817317312892577,True,164
MGRO,685.0,688.079,0.004494931854470763,0.0036794843464871274,0.6,-0.002216297901459896,0.007641227332344869,0.008373157490619216,True,165
AMAR,210.0,210.93289,0.004442342122395804,0.005970691499255887,0.8,-0.0004130336216518148,0.008338695707775257,0.004449655799258685,True,166
DIVA,122.0,122.53528,0.004387477186859656,0.005483408443263338,0.6,-0.00946114962218234,0.01836307713242826,0.013083891452793497,True,167
SKBM,540.0,542.348,0.004348121925636561,-0.0027817337601273584,0.4,-0.009486174406828685,0.010345798068576407,0.020938554090126855,False,168
BDKR,155.0,155.673,0.004341981949344787,0.004549974010836788,1.0,0.0018219781691028113,0.009627173639112963,0.0025120448915951638,True,169
JPFA,2160.0,2169.297,0.004304199218749982,0.004754525643807961,0.6,-0.00500137894241901,0.008185831705729152,0.010141791631495185,True,170
ADMF,8375.0,8410.496,0.004238362873134327,-0.002202425373134309,0.4,-0.0031483675373134234,0.006365555037313442,0.010919253617227105,False,171
SMKL,151.0,151.63004,0.004172480501086495,0.009875872277266051,0.6,-0.009985109038700335,0.012875305579987551,0.013301606747346463,True,172
LRNA,184.0,184.76622,0.004164239634638234,0.004637013310971438,1.0,0.0013336845066236336,0.013614057457965335,0.0026458888141769354,True,173
PUDP,300.0,301.2414,0.004138020833333344,0.0031152343750000533,0.8,0.00036210123697917335,0.0084242960611979,0.004281630330520512,True,174
PTSP,890.0,893.62744,0.004075804292485952,0.003129457623771037,0.6,-0.0030936457601826286,0.014408589909585646,0.009039172636049708,True,175
WMPP,24.0,24.096035,0.004001410802205396,0.014898379643758064,0.8,-0.026488224665323943,0.023552401860555027,0.030780865145899308,True,176
IRRA,374.0,375.4628,0.003911243785511376,0.0037308147246823964,1.0,0.0017729244130181066,0.006094197155957604,0.002581276792269714,True,177
TINS,3560.0,3573.5715,0.0038122558593750135,0.0018466906601124489,0.8,-0.015250106982970489,0.010395823275105309,0.02047280491780155,True,178
TPMA,462.0,463.73322,0.003751535126657224,0.006190708705357206,0.8,-0.008163095449472378,0.007825010885923933,0.011218152279327575,True,179
MMIX,725.0,727.66815,0.0036802094558189722,0.0012907462284483806,0.6,-0.010352926320043143,0.021304502289870665,0.014427901085129952,True,180
CFIN,340.0,341.24347,0.0036572445140165668,0.0036440681008731435,0.6,-0.0018769567153033239,0.0073754344267003445,0.006205510520980656,True,181
BAYU,1145.0,1149.1819,0.003652322427674681,0.0055570244268559055,0.6,-0.0009003991539301204,0.005118019070687785,0.004200570319222747,True,182
CASS,1890.0,1896.7942,0.0035948350694444907,0.0039862738715277235,0.8,0.0007054759837963331,0.00518289878885585,0.0028470073822877513,True,183
PEGE,92.0,92.326935,0.0035536392875339605,0.002255232437797128,0.8,-1.4396335767652359e-05,0.008140414694081199,0.004489942359954819,True,184
AALI,6850.0,6874.253,0.00354063070255477,0.002199047673357768,0.8,-0.0007939096715328109,0.006017121920620427,0.005506013873120624,True,185
KREN,14.0,14.049316,0.0035225595746721126,0.02023935317993164,0.6,-0.04094215120588034,0.012746783665248307,0.04090907700801083,True,186
TOTO,242.0,242.84897,0.003508197374580324,0.003889604048295414,0.8,0.00010828696006586207,0.008630320651472134,0.0032429114376599528,True,187
BPII,432.0,433.50708,0.0034886254204644198,0.005537103723596726,0.6,-0.009526471738462083,0.01486016732675055,0.012446182774705886,True,188
MCOR,68.0,68.2351,0.0034573947682100315,0.0031573351691751572,0.8,-5.603117101329324e-05,0.009957885742187455,0.004094207833930905,True,189
SGRO,3260.0,3271.2112,0.003438982817292935,-0.0005182371549079523,0.4,-0.002815974884969341,0.006780833612921722,0.007510923678576996,False,190
BOLA,162.0,162.54254,0.003349021629050908,0.00423374882450811,0.8,-0.0023369306399498415,0.005835884000048197,0.005296004587466973,True,191
DMND,605.0,606.9924,0.0032931543775826634,0.001757913384555776,0.6,-0.0041631222559400435,0.009610081191890486,0.008124532159568846,True,192
SRTG,1735.0,1740.5413,0.0031937393056556294,0.00398498007474779,1.0,0.0017672404088617366,0.004603253894992809,0.0012676654658612648,True,193
LPPF,1565.0,1569.9495,0.0031625648961661535,-0.00020560852635786997,0.4,-0.0016447902106629497,0.0058071616663338595,0.006286206900738832,False,194
SURE,2760.0,2768.7114,0.003156349071557951,0.009993931867074313,0.6,-0.014173477836277227,0.01130043803781704,0.01610675985212705,True,195
BSML,510.0,511.60352,0.0031441961550245034,0.0022590188419118196,0.8,-0.004691951976102948,0.013335966222426433,0.009768722632611356,True,196
IPCC,1140.0,1143.5813,0.0031414473684210353,0.0038129839980811653,0.6,-0.0010887386924342212,0.008463113349780737,0.004286441962194136,True,197
GSMF,87.0,87.27013,0.0031048478751346752,0.002968799108746367,0.8,-0.005604640916846248,0.010912472078169921,0.008910129210776467,True,198
MTEL,454.0,455.39166,0.0030652823427175235,0.0009740081652671595,0.6,-0.002394056950371737,0.005697255407661106,0.006077421912734756,True,199
RALS,378.0,379.14084,0.0030181077422288373,0.002118872587012266,0.8,-0.0018183793971147553,0.005949103138434131,0.004975947744381262,True,200
TUGU,1195.0,1198.5914,0.0030054017390167553,-9.152719665272979e-05,0.4,-0.003983802955020899,0.006468582472541851,0.0096602418496819,False,201
JAYA,131.0,131.39365,0.003004933131560117,0.0027020869364264843,1.0,0.0013457320118678952,0.011117274160603551,0.00192553852229364,True,202
ROTI,590.0,591.7687,0.0029976951469809165,0.00360107421875,0.8,-0.0019153038930085132,0.009025982355667362,0.004794706146651039,True,203
HOKI,54.0,54.161266,0.0029863852041738916,0.00793344003182872,0.6,-0.010691593311451086,0.012571278324833601,0.012515759762033406,True,204
PEVE,330.0,330.98203,0.002975815281723504,-0.0006625088778409172,0.4,-0.0026990116003787535,0.006795173413825762,0.007502553813893485,False,205
TRUS,416.0,417.22134,0.0029359524066631558,0.005855266864483122,0.6,-0.005906310448279739,0.008487363962026696,0.00808103919321037,True,206
CTBN,4280.0,4292.5283,0.0029270863755841425,0.0058622271101052,0.6,-0.005507926584404177,0.006829662857768715,0.007968561924880175,True,207
GEMA,80.0,80.231735,0.002896671295165998,0.0067596435546875,0.6,-0.0066065025329589576,0.009181175231933602,0.00888911506055009,True,208
EPMT,2280.0,2286.599,0.0028943085252192803,0.001709626850328938,0.8,0.00027219538103069325,0.008453347724780657,0.003077312161545437,True,209
BUKK,1020.0,1022.8989,0.0028420840992646745,0.0038425819546568096,0.8,-0.010081739238664199,0.014143114276960755,0.013456980695947649,True,210
IATA,57.0,57.161335,0.0028304518314830273,0.006630546168277185,0.6,-0.009981577019942445,0.00687156811095122,0.011882705100153039,True,211
CMRY,4670.0,4683.003,0.0027842905179336517,0.002195906383833046,1.0,0.0005794549652034409,0.004319522048982893,0.002387317942196082,True,212
IMPC,1525.0,1529.2435,0.0027826588114753916,-0.0027864850153688225,0.4,-0.0049976946721311585,0.019661789190573754,0.01070547895935561,False,213
ATAP,560.0,561.5119,0.0026998901367187855,-0.0014087132045200734,0.4,-0.01084392002650667,0.010006953648158535,0.01781281316092848,False,214
ITMA,1360.0,1363.6182,0.002660378848805145,0.004352345186121376,0.6,-0.0015574197208179986,0.00681922463809741,0.003848899476454395,True,215
PACK,226.0,226.59712,0.002642079581201595,0.0062850682081374565,0.6,-0.011788656859271307,0.006715352556346787,0.013314446448815107,True,216
BCIC,125.0,125.32865,0.0026291748046875173,0.0015148925781249822,0.6,-0.003524511718750012,0.012179089355468742,0.006321266076682518,True,217
CITA,3260.0,3268.398,0.0025760580425613798,0.006549933497891125,0.6,-0.006724157040835866,0.006932095954754613,0.008361700603493576,True,218
ASBI,414.0,415.04297,0.002519203960031735,-0.0020255121056008685,0.4,-0.0025394900409495547,0.014090334390096614,0.006693183067833528,False,219
PGUN,7475.0,7493.797,0.0025146321070234068,-0.006738477215719074,0.4,-0.016057352633779297,0.019211486204013382,0.022152598839230195,False,220
UNVR,1710.0,1714.2463,0.002483252809758829,0.00505956460160828,0.6,-0.003052000525402043,0.0035799296418129066,0.0049865324815376,True,221
FUJI,208.0,208.50606,0.002432969900277948,0.014658634479229216,0.6,-0.03055237990159252,0.007149960444523718,0.02965192253609409,True,222
INDF,6900.0,6916.7295,0.0024245923913043255,0.004175158514492683,0.8,-0.0013475713315217464,0.004237092391304364,0.003385206155840845,True,223
CARS,90.0,90.21413,0.002379201253255214,0.0021709865993924105,0.8,-0.0012720404730902856,0.006838328043619812,0.003738245228283751,True,224
VOKS,202.0,202.46489,0.002301478621983266,0.010192568939511037,0.6,-0.013704145072710405,0.00883570000676821,0.014307022200065111,True,225
DFAM,79.0,79.17867,0.0022617195225969277,-5.041194867483334e-05,0.4,-0.0029741890822784665,0.007293198983880545,0.006525742315483862,False,226
HOPE,204.0,204.4598,0.0022538428213082274,0.00025064804974728183,0.6,-0.011889079972809458,0.017499676872702218,0.014350813456741498,True,227
SKRN,408.0,408.90527,0.002218837364047155,0.008867600384880436,0.6,-0.012855469946767761,0.005083704929725786,0.013556797435096758,True,228
CGAS,151.0,151.33464,0.002216222902007403,0.002232633679118301,0.6,-0.006378679086040972,0.010364557733598923,0.008497133651988358,True,229
CLPI,1545.0,1548.3942,0.0021968231694984076,0.0027508090614887237,0.8,0.000718879576254028,0.004259124064522668,0.0013925408934849697,True,230
MDIY,915.0,916.9889,0.0021736253415300054,0.0031688919484289535,0.8,-0.0006156479465505792,0.003369821016905683,0.00252444858389767,True,231
ICON,106.0,106.22908,0.0021611339641067094,0.002205398847471951,0.8,-0.00018412751971552677,0.010008542042858216,0.002497003597906247,True,232
HEAL,795.0,796.70154,0.002140268769654097,0.005534314809355401,0.6,-0.011603082620872663,0.008468163448309762,0.012993660375356446,True,233
MKPI,21600.0,21645.715,0.0021164279513889105,0.0015182834201388218,1.0,0.0010119719328704146,0.004234772858796277,0.0013304281845249542,True,234
BMAS,480.0,480.9602,0.0020004526774088705,0.0019186019897461382,0.6,-0.0023230489095051876,0.00533031463623046,0.004386528691854158,True,235
PZZA,185.0,185.35721,0.001930855415962851,0.0040225467166385975,0.6,-0.003037142366976342,0.005973576726140228,0.004541749669879184,True,236
MEJA,96.0,96.18446,0.0019214630126953125,0.005454619725545173,0.6,-0.006012312571207645,0.010746065775553416,0.0071901189094858865,True,237
MDKA,2690.0,2695.059,0.001880645184711871,0.002733830448420127,0.8,-0.008241425127788138,0.010747723774395946,0.010358155552195603,True,238
TBIG,1415.0,1417.6233,0.0018538814045936602,0.003602238847173256,0.6,-0.0036843322106890008,0.005960395732111312,0.0052246054938866705,True,239
SMRA,326.0,326.59787,0.0018339566657879836,-8.15362286713528e-05,0.4,-0.003967041764522605,0.005720005152415597,0.006301100665213175,False,240
NELY,199.0,199.36191,0.001818663630653261,0.005242199154954497,0.8,-0.010877415642666465,0.013317947771081907,0.012549579550564688,True,241
SMMA,20200.0,20236.488,0.001806311881188094,0.003081489789603875,0.6,-0.0025203821163366723,0.0029654045482673474,0.0040090178695873085,True,242
ATLA,50.0,50.087837,0.001756744384765696,0.001756744384765696,1.0,0.001756744384765696,0.001766204833984375,0.0,True,243
BRAM,4480.0,4487.846,0.0017513820103236765,-0.0031503949846539703,0.4,-0.010629076276506711,0.007595672607421911,0.013443629975834438,False,244
SMMT,1855.0,1858.1608,0.0017038646605458175,0.0038979584316036764,0.6,-0.005853676191880086,0.005000421159029678,0.007062491033205364,True,245
MIDI,288.0,288.486,0.0016874949137369645,0.0025565889146592635,0.8,-0.0041984770033095305,0.0065808614095052235,0.005945040172910298,True,246
GULA,855.0,856.4095,0.0016485345851608101,0.0019035116273757868,0.6,-0.007081577234100878,0.005881005002741224,0.008417718019184965,True,247
GEMS,6425.0,6435.118,0.0015748267266537219,0.0019271339980544422,0.8,-0.0004539457684824555,0.005278194917315205,0.0019235012522139771,True,248
NICK,1235.0,1236.9338,0.0015658013347671807,0.003987399576163897,0.8,-0.023045214448380567,0.007128688796811744,0.02660991276318089,True,249
PTPS,144.0,144.22015,0.0015288247002495537,-0.0009172227647569198,0.4,-0.0028694152832031694,0.009824392530653236,0.005150394769928328,False,250
BUKA,117.0,117.16734,0.0014302832448584324,-0.0035753168611445396,0.4,-0.009571486253004835,0.010232139652610783,0.012129561051746346,False,251
BOLT,795.0,796.0778,0.0013557635613207664,0.0021631012922562753,0.8,-0.0021858263315644552,0.004001311296187171,0.0037554502377440545,True,252
OMED,216.0,216.28928,0.001339297824435781,-0.002431375009042225,0.4,-0.009175293533890372,0.007780089201750573,0.011700173325491137,False,253
MDLN,50.0,50.06444,0.0012888031005858559,0.0014179992675780184,1.0,0.0009424133300780735,0.001532531738281273,0.0003749218753184257,True,254
TRUK,420.0,420.53848,0.0012820870535714013,0.0022176106770832593,0.6,-0.006432713099888398,0.008250165666852638,0.007865772516621305,True,255
CEKA,2210.0,2212.6904,0.0012174110930430083,0.0011629268594457454,0.6,-0.00814274162188915,0.005474450296945732,0.01076911514630809,True,256
LEAD,104.0,104.12473,0.0011993995079627284,0.0008919055645282281,0.6,-0.004291020906888532,0.011280485299917365,0.006808285923608594,True,257
ITMG,24800.0,24829.11,0.0011737651209677625,-0.00025760773689520455,0.4,-0.007423780871975771,0.005128969254032301,0.008903630151264873,False,258
HERO,354.0,354.41254,0.001165392169844659,-0.0007210424390889925,0.4,-0.01434189963475454,0.010855326679466848,0.017367291673722408,False,259
SONA,2500.0,2502.8755,0.0011502343750000588,0.001476953125000069,0.8,-0.0067350390624999696,0.003964960937500028,0.008390712416948283,True,260
AKPI,492.0,492.56503,0.0011484285680258832,0.0013252816549160773,0.8,-0.00017135744172382946,0.005510184435340459,0.001320023765466535,True,261
MLBI,6525.0,6532.407,0.0011352221024904408,0.001707974137931112,0.8,-0.0010079172653256528,0.0031347581417624504,0.002056623905130886,True,262
BAUT,29.0,29.0315,0.0010862416234509453,0.004276275634765625,0.6,-0.02386581157815868,0.014932132589405955,0.024146673815367233,True,263
SFAN,1965.0,1967.0004,0.0010180477695610258,0.0020422083730915475,0.6,-0.0016834272622455516,0.002718061684955475,0.0024417355357950503,True,264
ISSP,430.0,430.43124,0.0010028643940770189,-0.00319036439407705,0.4,-0.009429548396620645,0.00447079680686775,0.011930820931708781,False,265
AGRO,144.0,144.14175,0.0009843614366319199,-0.0026702880859375,0.4,-0.00405021243625221,0.00897057851155596,0.006286947334001555,False,266
DCII,191350.0,191536.4,0.0009742128298928732,0.0004801411026913449,0.6,-0.002982541808204853,0.003779723020642778,0.004664371990200697,True,267
CASA,1810.0,1811.7389,0.000960740568888152,0.0005190348756907159,0.6,-0.002156584513121551,0.005559756452865994,0.004004057685733696,True,268
TLKM,2660.0,2662.464,0.0009263576421522979,0.0008204409950658409,0.6,-0.010481177308505639,0.004999798079182338,0.012953568298949229,True,269
SCMA,199.0,199.18234,0.000916263446137,0.005741215231430674,0.8,-0.010845747904561831,0.005038620838567831,0.011586240593447388,True,270
INAI,179.0,179.15738,0.0008792472285265474,0.003675322292903349,0.6,-0.008546285789106123,0.01508635622163057,0.008666389024523088,True,271
KONI,2450.0,2452.1218,0.0008660714285714688,0.0014918486926021046,0.6,-0.010046855070153082,0.007527503188775509,0.012239766137562613,True,272
ULTJ,1380.0,1381.1542,0.0008363585541213636,-0.0009793046591938248,0.4,-0.004239997310914867,0.0032276629019474925,0.005810584785921227,False,273
MERI,101.0,101.0818,0.0008099546526918244,0.0026071378500154285,0.6,-0.003313649999033097,0.008943674824025426,0.0037221650761319973,True,274
PJAA,452.0,452.3576,0.0007912289779798076,0.000569773986276223,0.6,-0.0005506532382121065,0.005437975858165078,0.0014736969566446314,True,275
PANI,6175.0,6179.875,0.0007894420546558755,0.0036128858805668518,0.6,-0.011442212803643725,0.013131594762145737,0.011478895778404816,True,276
ENAK,244.0,244.18887,0.0007740833720222495,-3.439481141132017e-05,0.4,-0.005651392702196478,0.008846032814901372,0.006555364444960262,False,277
BUAH,498.0,498.3816,0.0007662118199359691,-0.0006803949195218761,0.4,-0.0032125204921247706,0.0033617502235504305,0.004812305226765934,False,278
BNGA,1645.0,1646.149,0.0006985093322568803,0.001501650360942186,0.8,-0.0018437737462005499,0.002081324800531936,0.002437344296068939,True,279
BBRI,2980.0,2981.859,0.000623771104236548,0.006561238333682828,0.8,-0.014845044436870847,0.006093258441694616,0.01576967141286428,True,280
GDYR,1090.0,1090.6292,0.0005772245914564156,0.0030123369409402745,0.6,-0.004210664241685769,0.007113697856938117,0.004297520531615358,True,281
UNTR,23925.0,23938.191,0.0005513322884012517,0.007225623693834837,0.6,-0.01153229493207939,0.01060294213688615,0.01088615545564816,True,282
AUTO,2770.0,2771.5083,0.0005444776624548675,-0.001424653091155248,0.2,-0.002624309002707559,0.0055737216550090455,0.005067427906649608,False,283
BDMN,4130.0,4132.2427,0.0005430207702784128,0.0007993388695519688,0.6,-0.0022477962318401936,0.0016633247578692334,0.002700784398116134,True,284
BYAN,12075.0,12081.542,0.0005417637163560807,0.0006263748706003547,0.6,-0.0038688535196687466,0.003817870082815733,0.004267927089037863,True,285
CSMI,73.0,73.038536,0.0005279122966609818,0.005394399982609155,0.6,-0.011411818412885277,0.0058234645895762546,0.011378935935669568,True,286
PNBS,50.0,50.02591,0.0005182189941406179,0.00045410156249992006,1.0,0.00042816162109380327,0.0006442108154296911,0.00011075637789956762,True,287
ESIP,125.0,125.06348,0.0005077636718749945,-0.0034711914062499627,0.4,-0.006711206054687513,0.008254553222656247,0.009205496133888068,False,288
NINE,74.0,74.03744,0.000505931957348027,0.0011030661093223149,0.6,-0.0033414067448795937,0.005453573690878333,0.0037335308247695782,True,289
AMAG,382.0,382.1841,0.0004819380675310736,-0.0007716473484538078,0.4,-0.00394216807100789,0.004169356261248369,0.0052125805901318874,False,290
POLU,12125.0,12130.742,0.0004736146907216465,-0.0016843588917525576,0.4,-0.011815721649484546,0.004149726159793854,0.013588073281189475,False,291
BCIP,64.0,64.02782,0.00043468475341796876,-0.0004673004150390625,0.4,-0.005997598171234131,0.007840561866760253,0.00677902893405892,False,292
ATIC,474.0,474.14413,0.0003041198988000815,-0.0021371962148931667,0.2,-0.008223199643163249,0.011938643958498174,0.0117082590317536,False,293
BCAP,50.0,50.014156,0.0002831268310545809,0.0002831268310545809,1.0,0.0002831268310545809,0.0003025054931640181,0.0,True,294
SMAR,5675.0,5676.577,0.00027796324339204317,0.0009664096916299769,0.6,-0.008221554928414098,0.0020594541574889603,0.008593817089986192,True,295
PTMP,62.0,62.015495,0.00024996111469886004,0.0017899544008317392,0.6,-0.003712598739131834,0.007280349731445357,0.003660838521827073,True,296
PJHB,165.0,165.03801,0.0002303799715908994,-0.005820441968513279,0.4,-0.006554879853219719,0.004935117779356046,0.008893339457854532,False,297
PEHA,260.0,260.0552,0.0002123084435096123,-0.001607689490685127,0.2,-0.0039810415414663234,0.004442655123197148,0.006204936472496358,False,298
MINE,216.0,216.04578,0.00021189936885126492,0.0024432429560907742,0.6,-0.005562633938259553,0.004302441632306175,0.005174229580824848,True,299
CUAN,650.0,650.1327,0.00020413912259615864,-0.0015719839242788192,0.4,-0.005605562650240414,0.01570400766225961,0.006636345497819588,False,300
SQMI,66.0,66.01328,0.00020127729936079142,0.0028434522224194403,0.6,-0.006781699440695977,0.014609018961588527,0.0063192381022398,True,301
PNBN,900.0,900.1745,0.00019388834635418738,9.9351671007053e-05,0.6,-0.0032102864583333445,0.0034528266059028036,0.0034359600891811924,True,302
BANK,282.0,282.0529,0.00018756406527040693,0.0004376350565160614,0.6,-0.005002761732601946,0.008639028562721673,0.005578593658523533,True,303
JSMR,2720.0,2720.4565,0.00016788258272062428,0.00023166432100185652,0.6,-0.0024191822725183384,0.002515869140625027,0.0025815418594091304,True,304
MKAP,1165.0,1165.1332,0.00011431649007507261,7.313740611580855e-05,0.8,-0.00013129107430258634,0.0005953049557403834,0.00028452176595354596,True,305
AISA,120.0,120.008316,6.928761800129024e-05,-0.0011323293050130578,0.4,-0.012729543050130165,0.008798904418945264,0.01270059364463664,False,306
AGII,2890.0,2890.1455,5.0331828503447085e-05,0.0027437520274653515,0.6,-0.006462022193987904,0.00889820772058827,0.00594947711221686,True,307
CINT,173.0,173.00716,4.1366312545165763e-05,-0.001306875592711365,0.2,-0.002567039886650968,0.0021680710632676846,0.003854633925455683,False,308
CMNP,1340.0,1340.0541,4.0356080923498186e-05,-1.5486532182862334e-05,0.4,-0.002147927355410406,0.0035640522971082333,0.0022065894066791557,False,309
ICBP,7050.0,7050.212,3.0072584219875686e-05,-4.5226617907845323e-05,0.4,-0.0030578457446808205,0.001072265625000024,0.0033162886111864904,False,310
PSAT,830.0,830.01953,2.3561041039155127e-05,0.0019313582454818512,0.6,-0.005996020213667141,0.009511924651731918,0.005625047078762525,True,311
BABP,50.0,50.0,0.0,0.0,0.0,0.0,0.0,0.0,False,312
DADA,50.0,50.0,0.0,0.0,0.0,0.0,0.0,0.0,False,313
GOTO,50.0,50.0,0.0,0.0,0.0,0.0,0.0,0.0,False,314
JATI,95.0,94.99929,-7.43665193254639e-06,0.0019380268297697345,0.8,-0.008455633866159551,0.006508355391652998,0.008353095142752062,False,315
IRSX,312.0,311.97998,-6.418472681293252e-05,-0.001420143323066947,0.4,-0.003450931646885058,0.006798123090695096,0.004034549044828696,False,316
BJTM,520.0,519.9449,-0.0001060368464543382,-0.00033886249248793465,0.2,-0.004823960524338955,0.001825514573317344,0.005674564430828626,False,317
IMAS,850.0,849.9069,-0.00010953297334557189,0.00017355526194862136,0.6,-0.006666546989889732,0.003721737132352909,0.006334379875424913,False,318
GUNA,200.0,199.9723,-0.0001385040283202743,-0.002450180053710893,0.4,-0.00584437561035156,0.00486982727050782,0.006406527649091644,False,319
WEGE,50.0,49.991787,-0.00016426086425780362,-0.00016426086425780362,0.0,-0.00016426086425780362,-0.00016418457031253109,0.0,False,320
BJBR,785.0,784.8605,-0.00017777169585986297,-0.001631621342555678,0.4,-0.0042642192476114674,0.0028807194217754352,0.0044172915881770525,False,321
KIJA,125.0,124.9766,-0.00018720703124999182,-0.005019409179687462,0.4,-0.008971887207031237,0.0070252319335937456,0.010066363601701532,False,322
MAXI,50.0,49.989265,-0.00021469116210937056,-0.00021469116210937056,0.0,-0.00021469116210937056,-0.0002128601074218306,0.0,False,323
BSSR,4300.0,4299.0576,-0.0002192042151162754,0.0012545421511627186,0.6,-0.0029749500363371872,0.0009905750363372156,0.0024526840166139013,False,324
BEKS,22.0,21.995121,-0.0002217726273970433,-0.001219229264692867,0.2,-0.006020910089666232,0.005691979148171189,0.007518850702818241,False,325
SUPA,610.0,609.8428,-0.0002577084400614993,-0.0016863713498975752,0.4,-0.005286424980788973,0.00842509285348363,0.006020903559257135,False,326
SLIS,62.0,61.979836,-0.0003252460110572342,0.0019037185176726812,0.6,-0.013799876551474322,0.013180689657888146,0.01312945351168279,False,327
MRAT,440.0,439.84726,-0.0003471651944246812,0.0003441550514915459,0.6,-0.00256586248224433,0.0022067676890979993,0.002104111648499516,False,328
BBHI,900.0,899.6751,-0.00036104329427082414,-0.0019402398003471877,0.4,-0.00474754503038195,0.005244723849826371,0.0048732714176459606,False,329
DMAS,142.0,141.94795,-0.0003665333062830456,-0.0015927167005942433,0.4,-0.007443559673470523,0.0026788201130611756,0.007299219455042627,False,330
JRPT,1075.0,1074.5541,-0.00041483466569764983,-0.0006034247819767247,0.4,-0.0013164289607558333,0.0008808593749999982,0.0009310321414053936,False,331
LPLI,244.0,243.89499,-0.0004303353731749837,-0.004523042772637043,0.4,-0.008600491383036646,0.014168586105596815,0.009154221972074805,False,332
PBID,535.0,534.7567,-0.00045474043516358087,-0.00136775792202104,0.4,-0.0025862021758177754,0.002828585900992975,0.0023657571480922095,False,333
ASPR,147.0,146.92479,-0.0005116365393813549,0.0002234841690582634,0.6,-0.0072199399779443,0.012227936829028474,0.00646226629647435,False,334
HDIT,50.0,49.97358,-0.0005284729003906197,-0.0011297607421875133,0.2,-0.0013296203613280878,0.001652923583984367,0.001510394805327424,False,335
INDY,2580.0,2578.5054,-0.0005793513808139527,-0.0008094491884690358,0.4,-0.00614322159641476,0.012295962784641512,0.00586045417599965,False,336
PTPW,1120.0,1119.3002,-0.0006247820172991192,0.00014201572963168374,0.6,-0.0036665126255580826,0.001010654994419613,0.0029434899975625682,False,337
WOMF,248.0,247.84164,-0.000638494183940308,-0.0013893496605658084,0.4,-0.004256562263734875,0.005678176879882835,0.003718825110017514,False,338
PNLF,228.0,227.8486,-0.000663998252467124,-0.0020739237467447547,0.4,-0.00558606867204634,0.006225960714775236,0.005447576265365913,False,339
AMIN,240.0,239.83542,-0.0006857299804687855,-0.0018084208170573435,0.4,-0.0028070704142252765,0.002570813496907598,0.002507654884118107,False,340
CSAP,288.0,287.79645,-0.0007068422105577232,-0.0033843782212998885,0.2,-0.005201064215766049,0.004811223347981719,0.006295650477400638,False,341
INTP,4580.0,4576.745,-0.0007106944254912983,-0.00186623652429041,0.2,-0.0031236780158297337,0.0034154740379367166,0.0032036725628062325,False,342
TAPG,1785.0,1783.6696,-0.0007453469669117307,-0.002106106114320716,0.4,-0.005722068124124635,0.004539839373249288,0.005213715305635828,False,343
SRAJ,11600.0,11590.565,-0.0008133250269396264,-0.0013721544989223622,0.2,-0.008235048491379326,0.008420645878232724,0.008599551520144744,False,344
CNMA,90.0,89.918175,-0.0009091525607638929,-0.0012340121799044868,0.2,-0.004560546874999983,0.00457639906141496,0.004200361390560161,False,345
AMFG,3200.0,3196.7876,-0.0010039367675781729,0.003083419799804643,0.6,-0.009020858764648441,0.006358703613281213,0.007824637225326165,False,346
AWAN,155.0,154.84428,-0.0010046386718749912,8.682743195564946e-05,0.6,-0.0052583165322581,0.00868738974294354,0.004036950975151134,False,347
MEDC,1290.0,1288.698,-0.0010093416908914855,0.0012776692708333925,0.8,-0.017496366279069787,0.01016860843628875,0.016660937930766125,False,348
DVLA,1595.0,1593.2555,-0.0010937653066222853,-0.002221067422609746,0.2,-0.004433563136755514,0.0024451257592084776,0.0040744842407037405,False,349
CHEK,130.0,129.85562,-0.0011105816180889238,0.0011075533353366307,0.6,-0.007722496619591323,0.003935969426081742,0.006201518713290178,False,350
JTPE,610.0,609.3201,-0.0011146020107581922,-0.0021734519082992065,0.2,-0.005325007204149568,0.005390144723360635,0.00578305523894684,False,351
INCI,665.0,664.2313,-0.0011559048989661536,0.0009383811090224459,0.6,-0.007826726239426662,0.005992752878289487,0.006454923325159019,False,352
ZYRX,122.0,121.85415,-0.0011955011086385748,-0.0013172587410348324,0.4,-0.003351017686187241,0.003052870953669329,0.0021553200562515365,False,353
BLTA,32.0,31.959103,-0.001278054714202881,-0.0029252171516418457,0.4,-0.040487802028656004,0.019865083694458007,0.03870108735489144,False,354
SPTO,605.0,604.2252,-0.0012807092587810097,3.1274212293430637e-05,0.6,-0.006864104467975207,0.0028230323476239327,0.0054375517460514755,False,355
IGAR,424.0,423.41153,-0.0013878876308225153,-0.0035505474738355414,0.2,-0.005094837692548637,0.008315435445533592,0.00512961293873187,False,356
PTBA,2340.0,2336.7488,-0.0013893479567307799,-0.003302262787126087,0.2,-0.004211363181089722,0.0037465152577457637,0.003963046367730943,False,357
GJTL,1225.0,1223.2156,-0.0014567323022959045,-0.00010931521045920434,0.4,-0.00742861128826533,0.001500298947704115,0.005909822656297505,False,358
MAYA,197.0,196.70796,-0.0014824571948365728,-0.0001948012918384645,0.4,-0.005542317501784577,0.002908402651094555,0.003727675681664422,False,359
NPGF,61.0,60.908955,-0.001492597236007942,-0.004973739874167493,0.4,-0.010104232537941881,0.005144475718013597,0.00954264507398048,False,360
TEBE,1095.0,1093.3599,-0.0014978194563356473,-0.001364289026826504,0.4,-0.012545483732876693,0.010821182041952015,0.011161290462075086,False,361
PALM,296.0,295.55496,-0.0015035268422719517,-9.619223104939678e-05,0.4,-0.00964532800622886,0.0031049367543813265,0.008325548222754327,False,362
GRPM,214.0,213.67514,-0.0015179643007082523,0.00518699004271328,0.6,-0.028867176091559598,0.018528533650335865,0.026415227495007205,False,363
VTNY,63.0,62.903786,-0.0015272594633556126,0.002677433074466773,0.6,-0.01179432944645955,0.010210212828621001,0.009516045871666618,False,364
SOHO,1195.0,1193.158,-0.0015414364866631835,-0.0020031789356694807,0.4,-0.003701274025889112,0.005766642422855695,0.0022555090517432305,False,365
SMGA,71.0,70.89015,-0.0015471767371808998,-0.000850408849581874,0.4,-0.012611690037687051,0.00417332179109815,0.011300442517815125,False,366
PTIS,268.0,267.5833,-0.0015547339595965103,0.001453798208663759,0.6,-0.01546783447265625,0.007156873105177275,0.013858639464772312,False,367
BBSI,4690.0,4682.6587,-0.001565373467483977,-0.0029074077158848244,0.4,-0.007403509794776086,0.005196395255863484,0.0067009384297829055,False,368
TMAS,122.0,121.8077,-0.0015761828813396273,-0.0008779431952804506,0.4,-0.005106453817398826,0.0019331009661565312,0.00325406565583496,False,369
ARNA,488.0,487.22162,-0.0015950562524013722,-0.002203831907178544,0.4,-0.004033861003938277,0.0017488198202164408,0.0025465352093196683,False,370
MYOR,1720.0,1717.1223,-0.0016731297692587522,-0.0024216053097747547,0.2,-0.003240413222202054,0.002613454419513106,0.0018079930435395818,False,371
BOBA,234.0,233.6031,-0.0016961252587473163,0.0014842758830795333,0.6,-0.00861756414429755,0.004388127775273776,0.006340177416558221,False,372
HRUM,820.0,818.5665,-0.0017481361947408569,0.0040257151533917845,0.6,-0.013180497332317053,0.007185639172065539,0.010179256935891485,False,373
HDFA,90.0,89.841896,-0.001756693522135433,-0.002788374159071183,0.4,-0.004702504475911473,0.0044601949055989906,0.00327494470080182,False,374
PGLI,202.0,201.64357,-0.0017645203241027474,0.001658600155669765,0.6,-0.009324177657023513,0.0076345160455987045,0.00759647645280741,False,375
ARII,274.0,273.5098,-0.0017890874486769849,-0.0034638564952098605,0.2,-0.008185126311587586,0.0019338788777372607,0.008140266575048027,False,376
ACRO,60.0,59.891254,-0.0018124389648437544,-0.0006863911946614065,0.4,-0.007412885030110661,0.006235733032226509,0.00536018244028623,False,377
TRIN,322.0,321.4079,-0.0018388262446622505,-0.0037306317631502495,0.4,-0.013729668848262832,0.004790160374611796,0.01306706527702417,False,378
RISE,1015.0,1013.12744,-0.0018449093673029715,-0.0025623941656404137,0.4,-0.017576068445966774,0.0023117591594827625,0.015905061079951453,False,379
DEWI,120.0,119.77297,-0.0018919372558593884,-0.005383872985839866,0.4,-0.009392776489257848,0.0015618896484374644,0.008374346877514267,False,380
BGTG,112.0,111.78575,-0.0019128935677664716,-0.003451619829450303,0.4,-0.01118110929216658,0.0048107010977608946,0.009514618026913484,False,381
CHIP,910.0,908.24493,-0.001928657280219781,-0.0023571643200549497,0.4,-0.006615580464457404,5.4247510302207755e-05,0.004999715392434079,False,382
BRRC,57.0,56.888386,-0.001958130953604753,0.0005241527891994835,0.6,-0.008687484473512863,0.0015055472390693493,0.006141188670278429,False,383
SDPC,180.0,179.63943,-0.002003089057074625,-0.0006853739420572547,0.4,-0.008309004041883662,0.004731648763020768,0.0059604003906120195,False,384
ABDA,3420.0,3413.0015,-0.0020463124771564535,-0.0019077947962353736,0.4,-0.005490951091922547,0.0020772226790934933,0.0033533989073681165,False,385
CAMP,170.0,169.65044,-0.0020562205595128667,-0.0017852783203125,0.0,-0.0029476749195772147,0.0019220329733455666,0.0008580100211755315,False,386
OBMD,187.0,186.61467,-0.002060605625417744,-0.005869085138494268,0.2,-0.007071135005848927,0.0059557909634024185,0.009354535821402813,False,387
TMPO,107.0,106.77777,-0.002076863796911499,-0.0009950299129307671,0.4,-0.006965195129964963,0.006340725622444543,0.004584581585530887,False,388
BALI,1245.0,1242.3969,-0.002090902673192785,-0.002471997364457801,0.4,-0.010786505396586366,0.004323524567018078,0.008712587449578698,False,389
TAMA,228.0,227.52092,-0.002101255718030437,-0.00600212498715047,0.2,-0.012374208684553167,0.00897109717653508,0.015193207132912964,False,390
DLTA,1785.0,1781.2386,-0.00210715926995797,-0.0037133994222688926,0.4,-0.005429810596113427,-0.0003334947260154264,0.003969295777173321,False,391
OPMS,104.0,103.780685,-0.002108735304612375,-0.006054217998798128,0.2,-0.008663221505972051,0.0014510228083683963,0.008892711196848958,False,392
WOWS,58.0,57.87681,-0.0021239708209859877,-0.002095386899750862,0.4,-0.009569076011920785,0.003013531915072787,0.007512439773796233,False,393
PAMG,57.0,56.877766,-0.002144502338610188,-0.0024760731479578357,0.2,-0.005303058289645013,0.007814735278748586,0.0033848212137653415,False,394
BTON,352.0,351.23694,-0.002167805758389529,-0.0019399469549005177,0.4,-0.008481389825994334,0.007533767006614012,0.006414647605863377,False,395
RELI,486.0,484.94052,-0.002179947213380884,0.0020368913564172697,0.6,-0.010307431319122973,0.003693493501639633,0.007496231103855924,False,396
EAST,91.0,90.80083,-0.002188747531765056,6.975446428580945e-05,0.6,-0.007479154146634603,-0.0015208820720295391,0.005550952710285907,False,397
BACA,114.0,113.74855,-0.00220571149859512,-0.002773753383703448,0.2,-0.006532903303179816,0.0034548173870956765,0.005059613712098999,False,398
WTON,77.0,76.82857,-0.0022264554903104862,-0.0032016704608868185,0.4,-0.009163814396053183,0.0026707835011667846,0.007177275691639042,False,399
TBLA,650.0,648.55194,-0.002227783203125022,-0.0012523475060096656,0.4,-0.007116436298076966,0.0010684908353364886,0.004584897763345385,False,400
FAPA,7350.0,7333.596,-0.0022318505527210595,-0.002702420812074835,0.2,-0.0038207376700680083,-0.00065760522959184,0.0018545237382712669,False,401
AXIO,111.0,110.74379,-0.0023082698787654675,-0.00328112078142595,0.2,-0.003891169917476045,0.00023997538798563588,0.002253894517020289,False,402
SIDO,362.0,361.15976,-0.002321089433701662,-0.0029616382240590378,0.4,-0.007986871708822552,0.0022700694384495622,0.0056289755318495805,False,403
FWCT,87.0,86.79767,-0.002325667458019054,-0.001213424507228833,0.4,-0.007706477724272664,0.007734767869971293,0.005076745486273387,False,404
PNGO,3570.0,3561.521,-0.0023750574448529126,-0.001831191460959336,0.2,-0.004851546087184855,0.0005335532650560415,0.0023061830830717047,False,405
AMRT,1325.0,1321.8169,-0.002402325324292476,-0.004599885760613209,0.4,-0.009686873525943395,0.00341634728773581,0.007967839577262862,False,406
VIVA,38.0,37.90865,-0.0024039419073807354,0.00843058134380148,0.8,-0.035404386018451944,0.026151516563014,0.033794148551980235,False,407
MPIX,96.0,95.76748,-0.0024220784505208258,-0.002210060755411747,0.2,-0.006615861256917332,-5.548795064287404e-05,0.004206304610342442,False,408
BVIC,93.0,92.77373,-0.0024330713415658734,-0.004040215605048747,0.2,-0.005281952888734875,0.004839087045320945,0.0048411537586434735,False,409
SMGR,1455.0,1451.4333,-0.002451238992697613,-0.0018373469716495006,0.4,-0.011020776283290411,0.007889400102018884,0.008395569052269776,False,410
BMTR,114.0,113.71538,-0.002496659128289469,-0.0049591064453125,0.2,-0.008121450323807577,0.00813106068393643,0.007203939284906877,False,411
SKLT,197.0,196.49916,-0.0025423466251586423,-0.005563029177902967,0.4,-0.018763291412198613,0.004413151620003175,0.017244216605943698,False,412
SRSN,66.0,65.83206,-0.002544495553681347,-0.005852439186789793,0.4,-0.020003555760239086,0.006613205418442214,0.018073746732329195,False,413
HUMI,132.0,131.65858,-0.0025865265817353487,-0.010736176461884517,0.4,-0.01650249596798059,0.009231058756510424,0.017305873242422033,False,414
MTLA,515.0,513.6637,-0.0025948474476638504,-0.000981540124393221,0.4,-0.008709776054308293,-0.0004574910876820715,0.005570191432898488,False,415
APEX,146.0,145.61491,-0.0026375757504815576,-0.008326700288955435,0.4,-0.012826412671232856,0.006475161199700352,0.012869489408121545,False,416
BINO,109.0,108.706345,-0.0026940861973193675,-0.0023370445321458932,0.0,-0.00549988352924311,0.005333436738460429,0.002641911308947291,False,417
RANC,505.0,503.63834,-0.0026963760829207704,-0.002058455967667072,0.2,-0.0061580484220296935,0.0003264836981744956,0.003421109862034564,False,418
KDTN,324.0,323.1222,-0.0027092639310860147,-0.009428707169897743,0.4,-0.017116367669753062,0.03245047110098378,0.01707965555124256,False,419
KIOS,94.0,93.74092,-0.002756143123545507,-0.002911100996301541,0.4,-0.014222944543716731,0.004551015001662262,0.011170335903774127,False,420
GOLF,158.0,157.56299,-0.0027659162690367944,-0.0017885618571993334,0.4,-0.007543829422962833,0.00499257920663565,0.004595096743846576,False,421
HAIS,181.0,180.48868,-0.0028249329624913553,-0.0034947685115245264,0.2,-0.004815066848670546,0.0005005220023307944,0.0022131427347995055,False,422
BIRD,1605.0,1600.4382,-0.002842222790109017,-0.003021563473520228,0.0,-0.00422831787869935,0.0008388854410047219,0.0014066785900211768,False,423
PANS,1570.0,1565.4373,-0.0029061753582802384,-0.002638507041202276,0.2,-0.006375553592754768,-0.0006246578921178303,0.0038497599026535373,False,424
MPMX,990.0,987.0239,-0.0030060985834911235,-0.00246514214409721,0.2,-0.006442599826388862,-0.0006679218947285293,0.003306738742835024,False,425
VERN,200.0,199.39717,-0.003014160156250023,-0.004897384643554714,0.4,-0.01237001037597658,0.0022171020507812723,0.009672680728453023,False,426
MAHA,143.0,142.56862,-0.003016673268138148,-0.0036255096222137517,0.2,-0.005204826301628063,0.00028485918378493567,0.002356506184864093,False,427
HALO,71.0,70.783356,-0.0030513064962038204,-0.020227244202519756,0.4,-0.03375779272804802,0.007427849568111822,0.03897023457689697,False,428
HEXA,4470.0,4456.303,-0.003064177852349004,-0.0015516857172819254,0.4,-0.01096450293624165,0.0016375445679529753,0.0073125296473410045,False,429
BNBA,740.0,737.6847,-0.0031287775812922193,-0.0012926256334458985,0.4,-0.00953271814294765,0.0015862872149493335,0.006097039528949397,False,430
BMHS,185.0,184.40543,-0.003213962864231412,-0.0032355231207770174,0.0,-0.004348474451013495,0.0001627659153293548,0.0012251786327712219,False,431
JAST,82.0,81.73576,-0.003222414342368518,-0.000542152218702352,0.4,-0.012461164521008004,0.00906003626381482,0.009304779981910104,False,432
GRIA,119.0,118.613914,-0.0032443904075301956,0.0008644296341584479,0.6,-0.011183204971441717,0.004933538356748946,0.0072826778366096405,False,433
BBNI,3530.0,3518.3457,-0.003301459034171406,-0.0031329535897662852,0.2,-0.006163810751593534,-3.654501593484127e-05,0.002853804302460458,False,434
SHIP,1935.0,1928.6008,-0.0033070645591085635,-0.0017449430717054737,0.4,-0.014280245679909553,0.005873379966085257,0.010677165823178153,False,435
GZCO,154.0,153.4877,-0.0033266736315442193,-0.007007648418476009,0.2,-0.011257835487266643,0.004500550109070622,0.011666061655513506,False,436
GGRP,296.0,295.01285,-0.0033349733094911295,-0.00019918905722127178,0.4,-0.010885929416965801,0.001372177536423136,0.008111572351955715,False,437
PSGO,197.0,196.33527,-0.003374299180084095,-0.003177468546756046,0.0,-0.0046932007455584126,-3.203571145302675e-05,0.0013671633042007427,False,438
ARCI,1055.0,1051.4325,-0.003381521215936001,-0.00394084623074642,0.2,-0.008571742631812795,0.006695192165284381,0.005513780297179048,False,439
FIRE,106.0,105.63979,-0.0033981323242187945,-5.3549712558997875e-05,0.4,-0.010379100295732612,0.0040430320883696694,0.0069560840398225805,False,440
AMMS,278.0,277.0509,-0.003413994878316129,-0.004129094185589044,0.4,-0.01245947089984265,0.009107257650910494,0.009042578121032081,False,441
MBSS,2760.0,2750.5183,-0.0034353593466938336,-0.004626199473505399,0.2,-0.008289158033288068,0.003860553243885878,0.006434395209523263,False,442
DEPO,242.0,241.1659,-0.003446720848398743,-0.002145183973075948,0.2,-0.00733981802443826,0.004792823476239683,0.0036168864475771296,False,443
ASII,4920.0,4902.839,-0.0034880549733231846,-0.001511885480182884,0.2,-0.009749726086128053,0.001845385543699174,0.00623670833420476,False,444
AVIA,318.0,316.8905,-0.0034890036912834433,-0.005878280543681225,0.4,-0.00785430332399768,0.004556562315742907,0.005009422541903995,False,445
HAJJ,105.0,104.62671,-0.003555152529761951,0.002271743047804975,0.6,-0.02582962762741818,0.0012673223586309624,0.02074513176199624,False,446
KETR,555.0,553.02313,-0.003561923740146389,-0.003056486662443736,0.2,-0.00827819274352477,0.0057106251759572405,0.004588593497561075,False,447
SIPD,680.0,677.57306,-0.003569066664751852,-0.0007646448471967382,0.2,-0.01080480238970587,0.0027453254250918934,0.006720999959676665,False,448
RUIS,200.0,199.28275,-0.0035863189697265653,-0.0019221496582031428,0.2,-0.008441375732421874,0.0008388214111328506,0.004506720351956365,False,449
SOTS,585.0,582.90027,-0.003589242788461533,-0.0039726061698718285,0.0,-0.006118956997863223,0.0046316189236110805,0.0026284351974897417,False,450
PTPP,200.0,199.27608,-0.003619628906249983,-0.0069390106201171475,0.4,-0.008954010009765612,0.0034456939697266042,0.006510731766262775,False,451
LABS,152.0,151.44743,-0.0036353261847244856,-0.001927526373612265,0.2,-0.009017502634148822,-0.0007693441290604452,0.004976551248887356,False,452
AYLS,148.0,147.45932,-0.0036532427813555923,-0.003937695477459924,0.2,-0.006816967113598004,-0.00013157612568621692,0.0035105723208535577,False,453
BMRI,4140.0,4124.765,-0.003679930461201697,-0.0007580153608092166,0.2,-0.01005211871603262,0.004007703993055523,0.005724966410357137,False,454
CARE,418.0,416.44037,-0.0037311170660137226,-0.005960856898549638,0.2,-0.007600629158567562,0.001944290964226969,0.005212274075980245,False,455
TKIM,6275.0,6251.28,-0.0037801139193227363,-0.007275507345617549,0.2,-0.010157043700199209,0.0036806057021912418,0.008794870745249891,False,456
GRPH,60.0,59.7725,-0.0037916946411132857,-0.001806513468424531,0.4,-0.010869954427083339,0.001406148274739616,0.007245582232729389,False,457
PSKT,218.0,217.17224,-0.0037970726643133503,-0.0034671748450042505,0.2,-0.012797910357834041,0.002791266485091759,0.009276281210319096,False,458
CAKK,138.0,137.46164,-0.0039012300795402853,0.004936771116395011,0.6,-0.026252481211786673,0.006550354888473708,0.02040682563234644,False,459
SATU,262.0,260.97626,-0.003907391497197055,-0.004224354984196044,0.2,-0.009342758528148854,0.0006197863862714703,0.005704278458191192,False,460
NOBU,448.0,446.242,-0.003924151829310873,8.18797520227843e-05,0.6,-0.015547588893345465,0.000844751085553841,0.010658722793958972,False,461
DAAZ,1550.0,1543.8933,-0.003939846900201572,-0.0054362241683467705,0.2,-0.008881977696572552,0.0020852917086693567,0.00563575185745829,False,462
ASLC,64.0,63.747852,-0.00393986701965332,-0.005951881408691406,0.2,-0.014396250247955322,0.002136838436126709,0.013378247903678097,False,463
BOGA,1500.0,1494.0184,-0.0039876790364583355,-0.0048770345052083774,0.0,-0.0049551269531249885,-0.003040315755208334,0.001321177814891296,False,464
IOTF,52.0,51.78826,-0.00407185187706578,-0.004108062157264114,0.2,-0.008009617145244907,-0.0007760121272160303,0.004098340738214025,False,465
POWR,725.0,721.9998,-0.004138217268318978,-0.0032766197467672953,0.0,-0.007704320447198309,-0.0006759327855603292,0.0036367147468436343,False,466
RUNS,63.0,62.736797,-0.004177795894562219,0.0040743388826884885,0.6,-0.022253539070250496,0.003546966068328361,0.01638596431531392,False,467
PART,102.0,101.57281,-0.004188163607728268,-0.004771213905484073,0.2,-0.011334213556027928,0.005616565779143689,0.008023112640443414,False,468
WINS,510.0,507.84,-0.004235313265931384,-0.0052859437231923545,0.2,-0.007951193416819869,0.0003433287377450966,0.004640415828168366,False,469
PKPK,3910.0,3893.298,-0.004271611752717397,-0.003538915141464205,0.4,-0.017926840233375964,0.0037971422434462943,0.013498968325318363,False,470
MTWI,254.0,252.89705,-0.004342326967734978,-0.0022248996524359965,0.2,-0.01617097629336861,0.0032195924773929406,0.012596064523542139,False,471
PANR,414.0,412.17236,-0.004414581446256016,-0.0062855153843977,0.2,-0.007828422214673902,0.00151582432253925,0.0046034599710213795,False,472
TIRA,498.0,495.78436,-0.0044490584407943954,-0.005578159807197558,0.4,-0.012884974958427442,0.005315524794490467,0.008436838817217763,False,473
SMDR,290.0,288.7022,-0.004475139749461188,-0.004439255286907362,0.4,-0.014021648538523678,0.0037106007543103335,0.009325545524852409,False,474
BREN,3260.0,3245.124,-0.0045631979725843765,0.0011234962135735493,0.6,-0.026694770298121173,0.006515948523773019,0.021379624396373288,False,475
SPMA,163.0,162.2476,-0.004615942832151054,-0.0053354275007189145,0.4,-0.013043400115030667,-4.8023060055601975e-05,0.0084708155850257,False,476
MITI,161.0,160.25333,-0.004637686214091619,0.00204344565823944,0.6,-0.02795434797772709,0.006737845284598221,0.02186406218958514,False,477
SOFA,212.0,211.01582,-0.004642385806677462,-0.005752491501142432,0.2,-0.009091272893941581,0.0014137555968086525,0.006195715183204962,False,478
GOOD,288.0,286.63696,-0.004732810126410603,-0.005542225307888504,0.2,-0.0113115946451823,0.004285685221354152,0.006909948417989485,False,479
GPSO,284.0,282.64648,-0.00476592157928033,-0.004763750962808122,0.4,-0.01680809343364873,0.0027129052390514998,0.011595744847160925,False,480
BBYB,242.0,240.83875,-0.0047985738959194,-0.006351376367994543,0.2,-0.010531225283283808,0.005749675656153119,0.0060488663372190036,False,481
BTPN,2150.0,2139.6511,-0.004813408430232568,-0.00640852107558143,0.2,-0.00869617550872095,0.002344408611918625,0.004495431890023269,False,482
CSRA,795.0,791.16223,-0.004827335765526764,-0.006949332375196571,0.2,-0.008545490000982703,1.670597484275671e-05,0.004392395931407788,False,483
KDSI,452.0,449.8084,-0.004848689526583239,-0.004932369806070258,0.2,-0.007927156971619165,-0.0002291248962942749,0.003304989179933435,False,484
BNII,189.0,188.0789,-0.004873495757895152,-0.004535412662243665,0.0,-0.0070556963562334206,-0.0006101578000991869,0.0020535176877163595,False,485
JIHD,420.0,417.9515,-0.004877348400297632,-0.0047643025716145315,0.0,-0.006558154878162225,-0.0016744413829984817,0.0017177136096417033,False,486
JAWA,121.0,120.408676,-0.004886986598495624,-0.005585347325348655,0.0,-0.006964451813500782,0.0024292874927363205,0.0025408939920398047,False,487
DSFI,80.0,79.60847,-0.004894199371337904,-0.0062916755676269975,0.2,-0.01151372909545898,0.006148471832275381,0.007988468582576468,False,488
MSKY,58.0,57.714134,-0.004928680946086983,-0.004535017342403025,0.2,-0.010907745361328103,0.005579178908775595,0.005789323680714383,False,489
MAPI,1515.0,1507.3679,-0.005037644389438966,-0.003654535375412493,0.2,-0.009876350428011582,0.0005690974370874847,0.004534128022583731,False,490
TRIS,170.0,169.14014,-0.005058001349954067,-0.005609489889705888,0.0,-0.007328042423023917,-0.0008920467601102767,0.002412679229125549,False,491
UCID,370.0,368.1122,-0.0051021101668074385,-0.0009592417124155705,0.4,-0.013985480231207737,0.001584802576013522,0.008128201508290443,False,492
ASRI,117.0,116.40019,-0.005126496665498093,-0.008508991991352799,0.4,-0.010966074364817025,-0.0009243565746861248,0.006935030822659687,False,493
MAIN,715.0,711.2719,-0.0052140754753059685,-0.0024498572716346034,0.0,-0.01110706676136366,-0.0023213675972465486,0.005284005164448538,False,494
ESSA,635.0,631.6835,-0.005222840797244088,-0.005111766424704678,0.0,-0.008357433409202742,0.0011752391424704855,0.0029975816748696233,False,495
LOPI,63.0,62.66974,-0.0052422417534722324,-0.003928653777591773,0.4,-0.018775407094804075,0.0012767852298797289,0.01283088344319389,False,496
SCNP,157.0,156.17447,-0.0052581981488853515,-0.006333077789112296,0.4,-0.031974549506120595,0.00970544511345548,0.026413137817909108,False,497
DART,128.0,127.32351,-0.005285108089447021,-0.005405724048614502,0.2,-0.008792078495025635,0.0004846334457397461,0.0038459658387831894,False,498
ACES,350.0,348.14838,-0.00529038783482143,-0.008374546595982135,0.4,-0.012584577287946463,0.0019010532924107037,0.008118965462682017,False,499
BUDI,208.0,206.89798,-0.005298189016488886,-0.007899431081918595,0.2,-0.009462136488694428,-0.0008946638840895416,0.004983819059800382,False,500
DGNS,234.0,232.74507,-0.005363007895966864,-0.0055180737096020005,0.0,-0.007845286833934307,0.003376822186331463,0.0029751968343993004,False,501
AGRS,62.0,61.66668,-0.005376114383820551,-0.00038374623944681385,0.4,-0.014404235347624717,-0.0008504806026335743,0.008002061858704489,False,502
TOSK,67.0,66.6386,-0.005393959159281691,-0.009502012338211241,0.2,-0.012300770318330212,0.011203868353544788,0.00996502604332504,False,503
KBLI,324.0,322.2514,-0.005396901825327949,-0.004576412248022743,0.0,-0.008201617959104946,-0.0006189228575906647,0.0026590529839297748,False,504
GDST,98.0,97.46868,-0.005421587885642532,-0.001763246497329396,0.0,-0.013758071588010169,0.002212119589046524,0.00801198562788173,False,505
FITT,350.0,348.09897,-0.005431518554687487,0.00022809709821425272,0.6,-0.021879237583705337,0.012004917689732154,0.01555662888442989,False,506
BSBK,52.0,51.716297,-0.005455809373122,-0.004612409151517394,0.0,-0.010802694467397877,0.0014557765080378982,0.0050161214561406245,False,507
AMAN,256.0,254.60063,-0.005466270446777344,-0.0033270716667175293,0.4,-0.013560199737548828,0.0023812770843505858,0.007636096927627946,False,508
BIPP,62.0,61.6603,-0.005478975849766888,-0.005174759895570813,0.2,-0.011008564118416086,0.009162164503528181,0.005485416974380151,False,509
DNET,9675.0,9620.343,-0.005649285368217049,-0.008358466569767464,0.2,-0.009560440891472876,0.00358680555555555,0.006115584421976022,False,510
BELI,254.0,252.55879,-0.005674034779466042,-0.005441680667907289,0.2,-0.009980113112081712,-0.0015523234690268284,0.004609858928949191,False,511
NICL,486.0,483.22675,-0.005706284762409952,-0.001581890592849744,0.4,-0.016420416184413544,0.004830832147794473,0.00996233865483382,False,512
PGAS,1490.0,1481.4817,-0.005717019714765082,-0.004398791421979853,0.2,-0.01182840027265104,0.00504165137374164,0.006415300395189926,False,513
ENZO,67.0,66.61649,-0.005723981714960358,-0.007214446565998123,0.4,-0.017688420993178643,0.0001675733879430874,0.012153518702884425,False,514
MERK,3940.0,3917.4453,-0.005724552367544411,-0.005218970594067285,0.2,-0.013239052089942915,-0.0026666600571065625,0.007910395429688478,False,515
ASSA,595.0,591.5783,-0.005750763195903374,-0.0069254899225315025,0.4,-0.01799796481092435,0.0047753906249999424,0.012492041416987341,False,516
IFII,206.0,204.80228,-0.0058142504645782855,-0.0027638407586847435,0.2,-0.013705577665162316,0.0028742373568340306,0.00721193091651635,False,517
DGWG,280.0,278.3645,-0.005841064453125,-0.009034184047154059,0.4,-0.015504826136997796,-0.002156459263392829,0.010550337629277172,False,518
IKPM,185.0,183.91489,-0.005865462019636803,-0.002547805373733114,0.4,-0.017345119167018575,0.0026817527977196056,0.010522920888175113,False,519
KSIX,286.0,284.3193,-0.005876554475797646,-0.009441242351398649,0.2,-0.013880205487871477,0.003015904993444041,0.010069480465929606,False,520
JECC,615.0,611.36194,-0.0059155471925813165,-0.005808363503556957,0.2,-0.010474664951727664,0.0015670652311991606,0.004897347096225597,False,521
LMAX,113.0,112.330505,-0.005924704222552535,-0.0008341696410052446,0.4,-0.024284578846619186,0.016693560845029022,0.017195834229480213,False,522
CCSI,248.0,246.52983,-0.005928051856256311,-0.006013378020255811,0.4,-0.013568804340977824,-0.0005058903847971585,0.0075393563544852455,False,523
STTP,9850.0,9790.496,-0.006041025539340117,0.0011045566307106292,0.6,-0.020329909581218296,0.005840894670050711,0.012723265411924704,False,524
ACST,82.0,81.50135,-0.006081129864948531,-0.004545258312690592,0.2,-0.019226334734660823,0.0038302165705983216,0.013058695322372506,False,525
BBTN,1200.0,1192.7018,-0.0060819091796875165,-0.0036492919921875533,0.0,-0.013846944173177066,0.002702229817708357,0.008174606978444729,False,526
NRCA,476.0,473.10416,-0.006083717666754196,-0.0028117845038405642,0.0,-0.015071247004661247,0.003617897354254174,0.00880174000240028,False,527
MDKI,182.0,180.87573,-0.00617729438530219,-0.007004874093191948,0.0,-0.00800367082868303,0.0005900456355168559,0.002144736895357778,False,528
AADI,9275.0,9217.403,-0.0062099267183288506,-0.005959610849056607,0.0,-0.010225846529649574,0.0017345013477088722,0.0038175411245392706,False,529
KOBX,158.0,157.01797,-0.006215329713459283,-0.0042245599287974445,0.4,-0.019652315936511087,0.004629477971716756,0.013447409579395638,False,530
VRNA,76.0,75.52484,-0.006252108122173116,-0.0034922549599095687,0.0,-0.014181458322625427,0.0010225797954358518,0.008350793113612608,False,531
NASI,128.0,127.19324,-0.006302881240844727,-0.00991898775100708,0.2,-0.013389289379119873,-0.0018844366073608398,0.008148381874302078,False,532
BISI,645.0,640.92615,-0.006315993671269404,-0.00773727062136631,0.2,-0.011986869398013545,0.000941985374273302,0.006188899777458281,False,533
ELSA,690.0,685.581,-0.006404321642889466,-0.005315808282382206,0.0,-0.010578560207201049,-0.003252731544384058,0.0038552888735629157,False,534
AGAR,630.0,625.96497,-0.0064048742869543766,-0.007981170169890861,0.4,-0.1056649150545635,-0.0003443932911705749,0.10021323502318431,False,535
CBUT,825.0,819.68146,-0.00644677734375001,-0.0058327414772727515,0.0,-0.009146114464962118,-0.0036988784327651293,0.002666332410373404,False,536
CBPE,304.0,302.03662,-0.006458503321597431,-0.008082339638157854,0.2,-0.014435758088764383,0.004843962819952763,0.008299909900142968,False,537
WINR,20.0,19.870462,-0.006476879119873024,-0.02140398025512691,0.2,-0.028267898559570303,0.04345079421997071,0.03136622603838584,False,538
APII,184.0,182.80508,-0.006494157210640283,-0.0063267583432404795,0.0,-0.011456597369650124,-0.0020398678986922603,0.004866646893701477,False,539
BBKP,52.0,51.66218,-0.0064964587871845,-0.00036393679105317656,0.2,-0.024073982238769484,0.00977158179649935,0.018250930282899144,False,540
SURI,72.0,71.532104,-0.006498591105143214,-0.006158404880099777,0.0,-0.009853850470648861,-0.0018152448866102454,0.0032970598511190153,False,541
CBRE,685.0,680.5238,-0.006534539661268246,-0.007124094719434315,0.2,-0.01270878478558395,0.003164311986770074,0.0062951622696432825,False,542
GHON,1640.0,1629.2518,-0.0065537466653963206,-0.007712164157774426,0.2,-0.012882184284489284,-0.0008280237709603844,0.006616659166767782,False,543
MSTI,1330.0,1321.2557,-0.006574615249060112,-0.004610678307095828,0.2,-0.01677468206649435,1.5602972274653126e-06,0.009637860109786218,False,544
MBAP,1415.0,1405.5964,-0.0066455768275176744,-0.008010831907023008,0.2,-0.012900994506404584,-0.003925142861086561,0.006564588173150495,False,545
NCKL,885.0,879.1066,-0.006659190722104502,-0.011020259533898291,0.2,-0.017718029992055094,-0.002255183505473135,0.015564504377098082,False,546
HYGN,172.0,170.84073,-0.006739931328352111,-0.0050509253213572025,0.2,-0.0143279142157976,0.003127608188362996,0.007381834490296008,False,547
DGIK,126.0,125.14701,-0.006769731309678839,-0.008210378979879751,0.2,-0.013466692727709572,0.0042907472640749235,0.0070899050213229795,False,548
KPIG,81.0,80.45006,-0.006789369936342648,0.0032915656949266126,0.6,-0.028538098747347626,0.005011890552662069,0.019723026331648023,False,549
MARK,1085.0,1077.6262,-0.0067961774553571665,-0.010600203413018483,0.4,-0.017025737147177412,0.004364671838997691,0.011306410718083587,False,550
TCPI,5275.0,5238.7085,-0.006879868927725097,-0.019268920319905236,0.4,-0.035230191054502355,0.008295505035545058,0.035493159518699295,False,551
TRGU,163.0,161.8768,-0.006890775528422166,-0.007863799487154877,0.2,-0.010754113694641455,0.00029721874400880923,0.004644330089897093,False,552
MICE,520.0,516.4066,-0.006910341702974776,-0.0025563166691706662,0.4,-0.019952451265775228,0.004418569711538467,0.011825464814561171,False,553
PDES,414.0,411.13638,-0.006917008109714673,-0.006892697246754231,0.2,-0.019144915152287112,-0.0034239690660854195,0.013663702151037781,False,554
RAAM,206.0,204.57079,-0.006937919542627413,-0.007617098613850071,0.0,-0.012167521356378951,0.0004301348936210481,0.005355817102533367,False,555
GLVA,306.0,303.86658,-0.006971950157015949,-0.006606058357587874,0.0,-0.011208867091758612,-0.001795869715073528,0.00402719262662875,False,556
PPGL,210.0,208.51872,-0.007053673153831852,-0.008526974632626527,0.2,-0.01311149960472473,-0.000924973260788664,0.006300567652400413,False,557
NICE,250.0,248.23337,-0.007066528320312538,-0.011762878417968747,0.2,-0.013362243652343796,-0.0004422363281249897,0.008236805742096207,False,558
MNCN,204.0,202.55734,-0.007071790508195464,-0.008688459209367339,0.0,-0.01117101931104474,0.0015624401616114892,0.004720242799112372,False,559
DEFI,104.0,103.26286,-0.007087868910569428,-0.001554635854867814,0.4,-0.023730835547814008,0.006519229595477771,0.015710516516196135,False,560
YELO,85.0,84.39031,-0.007172797707950362,-0.012292390711167278,0.2,-0.02254940257352942,0.015545941521139684,0.018260589744475524,False,561
TCID,2760.0,2740.14,-0.0071956734035325985,-0.007299627774003614,0.0,-0.013416588824728293,-0.0008657438858695743,0.006096606578045571,False,562
PGEO,1025.0,1017.61115,-0.007208639005335371,-0.005032274199695097,0.0,-0.011167468559451254,-0.0030720631669207688,0.0036444100715981127,False,563
ADHI,159.0,157.85063,-0.007228712165880525,-0.008150112703911194,0.0,-0.009482694421924153,-0.0031981078333824576,0.0034199657252870033,False,564
CSIS,178.0,176.71191,-0.00723647214053722,-0.0052538239554073,0.2,-0.014639607975991953,-0.0008450111646330693,0.006921834696937772,False,565
EKAD,170.0,168.75876,-0.007301456227022052,-0.004837664435891509,0.0,-0.01594556023092828,-0.0019434670840992707,0.008271410899464093,False,566
ANTM,2840.0,2819.1436,-0.007343818772007071,-0.00734803105743842,0.2,-0.01413134077904934,0.001621557961047504,0.007506109960531649,False,567
YOII,84.0,83.3736,-0.007457170032319604,-0.007377352033342666,0.2,-0.01472698393322176,0.005892908005487319,0.008292995073629107,False,568
CASH,236.0,234.23782,-0.007466888427734397,-0.0035492848541777144,0.2,-0.0216252601752847,5.9948937367604316e-05,0.013618186217545276,False,569
ADMG,224.0,222.31534,-0.007520880017961784,-0.006494249616350478,0.0,-0.011882536751883378,-0.0005999565124511719,0.004253438978576064,False,570
BNLI,2190.0,2173.4604,-0.007552217109018255,-0.0066057318421803846,0.2,-0.017812544591894963,-0.0006975287171803402,0.010138486881877445,False,571
RMKE,408.0,404.90552,-0.00758454565908393,-0.004860522700291026,0.2,-0.01873290118049171,0.0005722494686350998,0.01114452177243005,False,572
BULL,448.0,444.56967,-0.007656996590750542,-0.007390771593366319,0.4,-0.036508015223911824,0.017721516745431053,0.029799426525308828,False,573
SMLE,156.0,154.80452,-0.007663315993088915,-0.005579434908353331,0.4,-0.027927183493589757,0.008461741912059307,0.01958528210500973,False,574
HBAT,222.0,220.293,-0.007689233728357237,-0.0008349719348254014,0.4,-0.021304348782376147,-0.0006254178983670755,0.012111236183111714,False,575
KAEF,448.0,444.5419,-0.007719012669154557,-0.00701904296875,0.0,-0.010409041813441645,0.0006831169128417968,0.002575083007455319,False,576
KKGI,272.0,269.8952,-0.007738203160903035,-0.0030900169821346246,0.0,-0.01689682006835942,-0.0009160658892463092,0.00829267233461582,False,577
SAME,300.0,297.6627,-0.007790974934895845,-0.006869303385416692,0.0,-0.01416965738932292,0.0003074951171875284,0.006292777269408027,False,578
NIKL,185.0,183.55783,-0.0077954926361908814,-0.01190746410472976,0.2,-0.012041856920396943,-0.0016498957453547013,0.006752876296412646,False,579
KEJU,550.0,545.7005,-0.007817338423295439,-0.010681374289772783,0.2,-0.012286931818181811,-0.002350541548295437,0.0056011748083721665,False,580
KRYA,60.0,59.527588,-0.00787353515625,-0.009020360310872388,0.2,-0.013770484924316383,0.0031074651082356073,0.007729576629865031,False,581
BPFI,270.0,267.87323,-0.007876835575810181,-0.0063589590567129095,0.2,-0.018279780635127297,0.004333450882523171,0.010858621378381186,False,582
ISAT,1910.0,1894.873,-0.007919909092768296,-0.014522852073789227,0.2,-0.022096043132362554,0.005353058021106039,0.020938371905601168,False,583
DEWA,450.0,446.42807,-0.007937635633680551,-0.008325466579861107,0.4,-0.01647220865885417,0.005222927517361064,0.00851390427565144,False,584
ASPI,396.0,392.8473,-0.007961373377327963,-0.006242077760022058,0.0,-0.015478546450836506,-0.00031164920691291177,0.007642845064849058,False,585
SULI,89.0,88.285126,-0.00803227799662043,-0.011920200305038597,0.4,-0.018295750993021387,-0.0012858187214712213,0.011183394692188682,False,586
KMTR,232.0,230.13492,-0.008039145634092115,-0.007504956475619662,0.4,-0.022956058896821084,0.004282655387089207,0.01452378386073105,False,587
ABMM,2500.0,2479.8962,-0.00804146484374999,-0.007150097656249965,0.0,-0.012871855468750004,-0.003595136718750025,0.004731355468703246,False,588
SBMA,107.0,106.139565,-0.008041467399240654,-0.00790883001880116,0.0,-0.010889941063996766,-0.0016723775418005405,0.0028961032392343304,False,589
PRDA,2380.0,2360.8542,-0.008044433593749978,-0.010633247439600813,0.2,-0.012387982536764697,-0.005720891872373968,0.005616922969124517,False,590
MMLP,290.0,287.66086,-0.008066006364493571,-0.01133012442753234,0.2,-0.012105607657597028,-0.0013916436557111834,0.005417187484876493,False,591
TNCA,162.0,160.69168,-0.008076062614535107,-0.015664936583719147,0.4,-0.023330255202305205,0.005447783293547448,0.017212770319069343,False,592
INET,222.0,220.20312,-0.008094017784874685,-0.0072877213761612936,0.0,-0.01620909544798701,0.00887018152185388,0.007646092543953542,False,593
INPP,695.0,689.3314,-0.008156211359037768,-0.006639483335206808,0.2,-0.015711344986510813,-0.0032764550078686837,0.00761369739735256,False,594
IPCM,304.0,301.52032,-0.008156886853669842,-0.012537705270867616,0.4,-0.018512525056537867,-2.0458823756164257e-05,0.011517535051791664,False,595
MLPT,1595.0,1581.9714,-0.008168333047609755,-0.004586093627547028,0.2,-0.022975255314459254,0.009704934242750785,0.014003353316135517,False,596
SDRA,212.0,210.2626,-0.008195351654628525,-0.010327465129348457,0.0,-0.011305150445902102,-0.005151036100567485,0.004240744018400859,False,597
BRPT,1775.0,1760.4492,-0.008197636993837997,-0.01031855193661968,0.4,-0.01766298965669013,0.0007603295554577727,0.009737941375982086,False,598
PURI,136.0,134.87392,-0.008280047248391532,-0.007291232838350203,0.0,-0.01301918029785154,-0.0006300309125115034,0.004764771894223762,False,599
UDNG,1105.0,1095.7521,-0.008369184813348408,-0.003163001979638036,0.2,-0.019156400240384563,0.0005974264705882248,0.009758263478036275,False,600
CENT,81.0,80.321625,-0.00837498417607061,-0.00927197491681131,0.0,-0.013304025155526644,0.00036971480758103415,0.00522254825298783,False,601
BMSR,312.0,309.37308,-0.00841962374173677,-0.008647429637419823,0.2,-0.01349585117437906,0.0019266959948417873,0.005760431529509835,False,602
MPOW,105.0,104.11509,-0.008427734374999996,-0.009992327008928603,0.0,-0.011557660784040169,-0.003978140694754462,0.004376283312623395,False,603
CYBR,555.0,550.27527,-0.008513051625844592,-0.008484546558277017,0.2,-0.024415668109515808,-0.005189549901463963,0.0166558444698279,False,604
NAIK,87.0,86.25685,-0.008542010427891511,-0.008763105019755746,0.0,-0.011305657748518282,-0.0018027820806393758,0.003287946198044955,False,605
MSJA,404.0,400.5487,-0.008542791687616024,-0.010775877697632996,0.2,-0.01797086507967207,-0.0014159249787283334,0.009908048998020868,False,606
AHAP,90.0,89.22853,-0.008571896023220482,-0.0026100158691406694,0.4,-0.02555379231770836,0.004271240234375018,0.015309166905329474,False,607
BAIK,785.0,778.2318,-0.008621927249203831,-0.00437128346437099,0.2,-0.01945091684912419,-0.0025849360569267566,0.00976640328463043,False,608
INTD,252.0,249.82309,-0.008638460673983151,-0.007943774026537676,0.0,-0.015103100973462324,0.003121088421534002,0.006537798585409046,False,609
MTDL,515.0,510.54657,-0.008647401680066747,-0.009774869159587363,0.0,-0.009998317088895625,-0.006288481777154109,0.0027136842425303344,False,610
DKHH,63.0,62.452076,-0.008697255452473952,-0.008639926002139142,0.0,-0.014825560554625472,-0.0023902529761904876,0.006012547026140629,False,611
SUNI,725.0,718.6919,-0.008700851966594847,-0.016679855872844818,0.2,-0.018533405172413774,0.00120474137931037,0.01322515653865135,False,612
PPRI,150.0,148.69339,-0.008710734049479174,-0.00867899576822917,0.0,-0.01223860677083335,0.001334187825520794,0.0035186238927767633,False,613
MAPA,635.0,629.42957,-0.008772299458661426,-0.008986105130413424,0.0,-0.009564449280265763,-0.0038577102300689113,0.0009300687577808864,False,614
VICO,141.0,139.76297,-0.008773349193816515,-0.0078527572307181,0.0,-0.015163794984208789,0.003585642280308088,0.006301769950726341,False,615
GPRA,105.0,104.07603,-0.008799787248883927,-0.009021577380952328,0.0,-0.010430021740141382,-0.002844993954613062,0.00201335311427175,False,616
BEST,100.0,99.11941,-0.008805923461914066,-0.004414215087890638,0.2,-0.01939944458007816,-0.0001505279541015536,0.009691176103955914,False,617
WAPO,122.0,120.921486,-0.008840292008196715,-0.010544948890561012,0.0,-0.011143030885790228,-0.004343001568903704,0.0033005138404285867,False,618
NIRO,147.0,145.70024,-0.008841855834130552,-0.011138189406622034,0.4,-0.022941952659970188,0.008495304860225362,0.014498366211724992,False,619
LMPI,144.0,142.72562,-0.00884990692138674,-0.0069267484876844865,0.0,-0.0154016494750977,-0.002440876430935357,0.006665078476756732,False,620
SICO,112.0,111.00792,-0.008857795170375281,-0.011841024671282119,0.2,-0.01526990618024553,-0.0020452635628836814,0.007163523017504017,False,621
ADRO,2480.0,2457.9702,-0.008882977885584698,-0.01111400973412302,0.2,-0.01769509592363914,-9.3777564264097e-05,0.00917387327587222,False,622
VKTR,715.0,708.5697,-0.00899337235030595,-0.01170509178321677,0.4,-0.023707215635926593,0.007275390625,0.015257075875961172,False,623
ASJT,154.0,152.60617,-0.009050800273944804,-0.006314067097453302,0.0,-0.016721472802100255,0.003900582449776757,0.008032648155408556,False,624
MLPL,95.0,94.1377,-0.009076811137952312,-0.0077045641447368585,0.0,-0.013956973427220376,-0.003614052220394748,0.005123100134662975,False,625
PDPP,282.0,279.43872,-0.009082550698138282,-0.0033929703083444007,0.0,-0.019697646553634752,-0.006309996259973416,0.009502185341143886,False,626
GTSI,140.0,138.72507,-0.009106685093470946,-0.0054803030831472865,0.4,-0.0237602015904018,0.004918387276785707,0.013593289547876336,False,627
RBMS,65.0,64.407715,-0.00911203237680287,-0.01254518949068506,0.2,-0.02077732966496395,-0.0020039954552283578,0.013468637425319854,False,628
MDLA,212.0,210.0629,-0.009137322767725563,-0.010443705432819916,0.2,-0.01383587819225387,-0.005538594947671016,0.006066079881362859,False,629
BATR,90.0,89.176414,-0.009150916205512139,-0.007063378228081563,0.0,-0.014663933648003447,-0.0008350457085503748,0.005547509242729605,False,630
LPIN,424.0,420.0602,-0.009291983550449601,-0.011027785966981174,0.0,-0.01343955273898143,-0.004804877515109096,0.005272485286090305,False,631
KING,264.0,261.52557,-0.009372757420395339,-0.0023151744495738535,0.4,-0.02902309533321499,0.001633129697857516,0.018409821836120725,False,632
VICI,570.0,564.6207,-0.009437320106907876,-0.014184141995614019,0.4,-0.0276123046875,0.012593266001918835,0.018927331220063487,False,633
LIFE,5850.0,5794.2437,-0.009530949519230747,-0.010440371260683756,0.0,-0.013893446180555524,0.00030687433226497254,0.004773595582146996,False,634
TFAS,189.0,187.19731,-0.009537986472800908,-0.00568700719762727,0.2,-0.020091158750826697,0.0035987329230737332,0.010332211554516536,False,635
RCCC,95.0,94.086655,-0.009614209626850312,-0.014295879163240155,0.4,-0.01982773630242598,-0.002108523720189126,0.011660118104629911,False,636
MGLV,8100.0,8022.057,-0.009622588734567871,-0.010571831597222192,0.2,-0.016907407407407392,-0.0004345823688271189,0.008114093777082134,False,637
DYAN,82.0,81.2062,-0.009680454905440205,-0.008498680300828898,0.0,-0.015037518012814454,-0.002122162609565592,0.005000995074928353,False,638
TYRE,113.0,111.89547,-0.009774591226493356,-0.00787569569275437,0.2,-0.021159160242671483,0.007595150027654896,0.010641326531367947,False,639
OLIV,51.0,50.501015,-0.009783980425666371,-0.0086625791063496,0.2,-0.01788774378159468,0.0017231660730698596,0.00827952103492851,False,640
CPRO,51.0,50.500664,-0.009790906719132941,-0.00848411111270675,0.2,-0.01989081887637867,-0.0013028612323835453,0.009767482319578006,False,641
BEEF,398.0,394.08774,-0.009829803926860859,-0.009919899791928422,0.2,-0.022949341433731153,0.005591065679962348,0.013650086926998962,False,642
PNIN,720.0,712.9015,-0.009859059651692714,-0.008832465277777812,0.0,-0.014324442545572923,-0.001317308213975732,0.004101333049163714,False,643
KOCI,97.0,96.04085,-0.009888182964521586,-0.0048829698071037875,0.0,-0.022526644677231,-0.001973999652665892,0.01139239583711799,False,644
KMDS,545.0,539.6027,-0.009903262077121555,-0.008510092639048117,0.0,-0.018582662879873847,-0.0005498987600344174,0.009037787650575805,False,645
MKTR,120.0,118.80922,-0.00992322285970051,-0.010430335998535156,0.0,-0.01587890624999999,8.378346761068744e-05,0.006222637091512651,False,646
ASMI,16.0,15.840462,-0.009971153736114503,-0.002824127674102783,0.2,-0.02487199306488037,0.03854677677154541,0.013635353972790991,False,647
PTRO,4620.0,4573.776,-0.010005284429112526,-0.008764437060335473,0.2,-0.022441998106060602,0.0024785452178030408,0.012107885688022898,False,648
NTBK,95.0,94.03991,-0.010106185109991773,-0.008487821880139856,0.2,-0.018361206054687475,-0.0036679559004934026,0.008613764300933807,False,649
COIN,680.0,673.1047,-0.010140183392693024,-0.007072987275965059,0.2,-0.027399884392233488,0.006403467514935634,0.01719206623994018,False,650
FMII,250.0,247.46304,-0.010147863769531251,-0.00943597412109376,0.0,-0.019093579101562487,-0.0011977661132812401,0.008531659213581563,False,651
CRSN,108.0,106.89668,-0.010215928819444465,-0.013201819525824665,0.2,-0.01453848944769962,-0.003216920075593177,0.0062037498202338,False,652
LPKR,62.0,61.36621,-0.010222367317445791,-0.012290462370841748,0.4,-0.022412970758253502,-0.003027626775926162,0.01252837242330418,False,653
BKSW,54.0,53.447803,-0.010225889417860245,-0.01128726535373259,0.0,-0.012915505303276942,-0.0032488505045572547,0.0038827206985433773,False,654
MIKA,1725.0,1707.2465,-0.010291935575181155,-0.007259680706521721,0.0,-0.016754061933876786,0.000690500452898557,0.006125215495617924,False,655
PPRE,102.0,100.94835,-0.010310244092754339,-0.005570280785654136,0.4,-0.026982116699218774,0.007963891122855404,0.015565899720497526,False,656
ASGR,1850.0,1830.8113,-0.010372202280405385,-0.009688225823479724,0.0,-0.015001702385979709,-0.002719370249155406,0.004456377390383143,False,657
SMDM,570.0,564.0803,-0.010385420949835522,-0.010937285841557065,0.0,-0.013178282620614,-0.004723328707510977,0.0028834980196566595,False,658
WBSA,615.0,608.5721,-0.01045191819105693,-0.0034983565167683306,0.2,-0.026765156567581317,-0.006601899930132138,0.014877365006844811,False,659
KUAS,90.0,89.05821,-0.010464324951171888,-0.0071902804904513395,0.0,-0.016677449544270882,-0.002490827772352433,0.005521683573339099,False,660
FPNI,326.0,322.5797,-0.010491662522766499,-0.0026746878594708923,0.4,-0.029975245189081658,-0.0007352676859662566,0.017614201094659523,False,661
ADES,37400.0,37005.562,-0.010546436330213904,-0.008735586564171172,0.0,-0.015341034425133682,-0.004150630848930481,0.004433394183084161,False,662
IKBI,575.0,568.9195,-0.010574834408967403,-0.012683848505434803,0.0,-0.017562330163043472,-0.002629543138586943,0.007677283376920693,False,663
OKAS,100.0,98.92523,-0.010747695922851585,-0.010959548950195352,0.0,-0.01392637634277345,0.00010057067871092063,0.003571110376963178,False,664
NETV,51.0,50.449413,-0.010795772776884172,-0.012520434809666026,0.0,-0.014176312614889674,-0.005135928883272056,0.005443137959877127,False,665
KICI,194.0,191.89215,-0.010865185924412036,-0.010808649751328891,0.0,-0.018853382228576042,0.0014139549019410503,0.007692809273540945,False,666
TOWR,404.0,399.59235,-0.010910079502823323,-0.004637236642365372,0.2,-0.025073121325804415,-0.007179230038482354,0.012752713180152758,False,667
KOKA,195.0,192.87112,-0.010917327098357377,-0.006071276542467974,0.0,-0.02115373660356572,0.010405680338541657,0.009400002879322526,False,668
STAR,270.0,267.04834,-0.010932052047164343,-0.009550080475983824,0.0,-0.01677286783854166,-6.826895254627985e-05,0.005506687134231831,False,669
ITIC,216.0,213.62341,-0.011002688937716987,-0.014357319584599293,0.2,-0.01580905207881218,-0.0020122951931423215,0.007509387588161856,False,670
ASHA,56.0,55.38257,-0.011025605882917122,-0.008951119014194986,0.0,-0.018639223916189995,-0.004245976039341559,0.0073313863358534116,False,671
LPGI,630.0,623.0438,-0.011041550409226187,-0.006343781001984072,0.4,-0.028997124565972233,0.004548184833829327,0.017037403493469435,False,672
BABY,187.0,184.91081,-0.01117209368211063,-0.012687479110962574,0.0,-0.0185278418229863,-0.00031136089467744823,0.0076359250372841254,False,673
WOOD,234.0,231.3826,-0.011185474884815716,-0.010037870488615153,0.2,-0.022406044984475137,-0.001056638538328003,0.010734819873888708,False,674
BAJA,228.0,225.44962,-0.011185923793859654,-0.022997939795778466,0.2,-0.03686125905890216,0.022351609614857427,0.03469707608220754,False,675
FORU,2930.0,2897.0415,-0.011248583484428342,-0.011518188059940315,0.2,-0.035799898010878864,0.01456886265465016,0.028600433621658792,False,676
VAST,112.0,110.735634,-0.01128898348127092,-0.012435572487967339,0.2,-0.020578275408063607,0.005190481458391493,0.010655242347370216,False,677
BESS,885.0,875.0008,-0.011298510880120061,-0.011236261917372925,0.2,-0.02075217381709038,-0.0014522780941031098,0.010666790820326108,False,678
INOV,136.0,134.45358,-0.011370625215418206,-0.009610568775850203,0.0,-0.015037559060489425,-0.00014464434455423446,0.0033184023217272636,False,679
EMDE,69.0,68.2098,-0.011452119246773095,-0.009170421655627314,0.0,-0.017964194477468286,-0.006082639832427539,0.0061560026631,False,680
DPUM,97.0,95.88704,-0.01147380710877095,-0.011690827989086716,0.0,-0.019226813562137558,-0.0038247177281330426,0.00807039194322889,False,681
IPTV,32.0,31.631552,-0.011514019966125489,-0.006586551666259766,0.4,-0.03898451328277588,0.00635753870010376,0.02637474351911466,False,682
ERAA,406.0,401.29047,-0.011599791578471352,-0.013861068951085298,0.0,-0.020644735702740124,-0.007321978789832229,0.009406769431966323,False,683
CITY,168.0,166.04881,-0.011614172799246657,-0.014341445196242586,0.2,-0.017925752912248894,3.022693452383596e-05,0.008647555053150926,False,684
DILD,117.0,115.64054,-0.011619346162192823,-0.012115478515625,0.0,-0.017104306995359208,-0.002619790623330687,0.006306056196531049,False,685
KEEN,845.0,835.1061,-0.011708796574519221,-0.01078892092732986,0.0,-0.01972789154955621,-0.0027496012851331076,0.007560433317419181,False,686
INDO,173.0,170.97421,-0.011709788768966755,-0.014348553784320761,0.2,-0.02147271481552566,-0.004677797879786905,0.01037470647236436,False,687
TOTL,1140.0,1126.6321,-0.01172622412966009,-0.007599733586896917,0.0,-0.022672932942708314,-0.005129437362938605,0.009889550369314867,False,688
EXCL,2440.0,2411.287,-0.011767618148053272,-0.010508152695952844,0.0,-0.020281061891649597,-0.0031241795274078,0.008976504607571918,False,689
MEGA,1975.0,1951.7253,-0.011784599980221544,-0.010640637361550631,0.2,-0.023611328125000018,-0.00578968057753162,0.011586480979816944,False,690
RSGK,980.0,968.4497,-0.011786000777263994,-0.011488435706313749,0.2,-0.0221068464006696,0.0012193329480229664,0.010062453819104138,False,691
KRAS,218.0,215.42143,-0.011828333303469019,-0.007547641019208684,0.0,-0.022446882615395604,-0.00033366352046302337,0.009892713052219405,False,692
PYFA,204.0,201.58188,-0.011853550929649214,-0.007784899543313406,0.0,-0.021531767003676493,-0.00019553689395679363,0.009121851697287275,False,693
CLAY,2350.0,2321.7708,-0.012012487533244687,-0.014829621010638339,0.2,-0.017735143783244655,0.0017189785571808613,0.008550708624333266,False,694
PICO,127.0,125.45079,-0.012198512760672964,-0.009555966835322338,0.0,-0.01857600174550935,-0.0018353800135334942,0.005985812451777626,False,695
EPAC,62.0,61.242146,-0.01222350828109251,-0.01139443920504657,0.2,-0.026628715761246213,-0.0028832220262096754,0.014002348546695412,False,696
ROCK,1780.0,1758.0852,-0.012311696256144655,-0.01437775686885534,0.0,-0.017980572989817433,-0.001147899841994371,0.006456565647493066,False,697
BAPA,169.0,166.90742,-0.012382119082840237,-0.006140714566383099,0.2,-0.036649679150101755,0.0035027678901627503,0.024083750711791082,False,698
SWID,104.0,102.7074,-0.012428870567908668,-0.008258672860952498,0.2,-0.025365829467773417,-0.002375397315392136,0.012057844224988498,False,699
BOAT,145.0,143.19046,-0.01247962688577584,-0.015293305495689635,0.2,-0.042128843110183146,0.003997108196390075,0.03258185811624984,False,700
IMJS,154.0,152.07768,-0.012482561383928604,-0.012856916947798336,0.0,-0.020511458756087685,-0.004964536196225655,0.008001053450779004,False,701
NANO,31.0,30.61117,-0.0125428968860257,-0.014464778284872692,0.2,-0.022596273114604347,0.0037731293709047263,0.01080330074533406,False,702
RGAS,242.0,238.9512,-0.012598337220751566,-0.014078376706966655,0.0,-0.02378917095089752,0.009189990335259557,0.011183462966802612,False,703
YUPI,1315.0,1298.3611,-0.012653168072718612,-0.012942330828184412,0.0,-0.01629342546934409,-0.008567460788973368,0.0036553808206706297,False,704
BBRM,116.0,114.52936,-0.012677935896248637,-0.023298658173659725,0.2,-0.03719815221326104,-0.004711795675343499,0.03389944520665289,False,705
CHEM,65.0,64.173874,-0.012709644024188704,-0.012469247671273997,0.0,-0.0193231670673077,-0.0016275259164663769,0.006835380515032268,False,706
HGII,122.0,120.44838,-0.01271822569800205,-0.010461088086737957,0.0,-0.018408428254674702,-0.0021046372710681327,0.005204907352824099,False,707
MBMA,490.0,483.75977,-0.012735122369260199,-0.010802350725446441,0.0,-0.019826460857780615,-0.007008156289859712,0.00654234175727556,False,708
MYOH,1045.0,1031.4149,-0.013000079433313383,-0.01385795921800237,0.0,-0.019731982655502377,-0.0019421445125597848,0.007978969960667028,False,709
PSSI,332.0,327.6364,-0.013143314223691638,-0.0113382913980139,0.0,-0.021564345761954096,-0.0035367115434393748,0.008582479961495528,False,710
ASDM,515.0,508.22574,-0.013153929478913851,-0.015120304440989107,0.0,-0.01799892388501214,-0.0028138273665048396,0.00702214196786916,False,711
WINE,153.0,150.98062,-0.013198593239379086,-0.008187786426419486,0.0,-0.022105956233404812,-0.0015984628714767134,0.007989949593116477,False,712
BRIS,1790.0,1766.3672,-0.01320264763006287,-0.014874165284567087,0.0,-0.020503461614001427,-0.004582601366096362,0.00790897064058533,False,713
ARTA,2460.0,2427.3833,-0.01325880097179879,-0.015033604071392315,0.2,-0.02890567438389229,0.002653451314786626,0.016099375500928628,False,714
MEDS,75.0,74.00545,-0.01326066080729169,-0.013646850585937509,0.0,-0.016298095703125015,-0.0002022298177083437,0.0031203576834187095,False,715
SEMA,98.0,96.69668,-0.013299186862244895,-0.014778215057995814,0.0,-0.018658820950255107,-0.004370677714445148,0.006557447679103556,False,716
TRIM,565.0,557.46967,-0.01332800400995573,-0.016610096619192438,0.0,-0.019757479777378295,-0.0007904970962389291,0.007353091061283707,False,717
KLBF,700.0,690.59015,-0.013442696707589286,-0.009290597098214337,0.0,-0.023146589006696396,-0.0060517403738839185,0.008825711250202591,False,718
BUVA,815.0,804.0402,-0.013447535228144148,-0.007979429280099648,0.0,-0.025906106211656454,-0.0010847931844325087,0.013083727323330943,False,719
SSIA,1605.0,1583.3762,-0.01347272926401868,-0.013490404741043571,0.0,-0.022505810698987515,-0.0023406925379672707,0.00923383953983849,False,720
OBAT,248.0,244.62566,-0.013606188374180928,-0.016189944359564,0.0,-0.022634887695312477,-0.004274552868258508,0.009548166793919332,False,721
FISH,620.0,611.52136,-0.013675163022933456,-0.006534502583165347,0.0,-0.028735528761340688,-0.001183077904485863,0.014005823741108779,False,722
MDIA,175.0,172.60318,-0.013696166992187541,0.007644304547991032,0.6,-0.08945439801897326,0.055656093052455356,0.06916094962764716,False,723
SSTM,400.0,394.51337,-0.01371652221679689,-0.010900497436523438,0.0,-0.023209716796875002,-0.004974243164062519,0.008756402167511012,False,724
BLOG,356.0,351.11166,-0.01373122997498244,-0.018048747201983795,0.0,-0.01888396873902738,-0.002645788299903451,0.007130617475831906,False,725
MINA,262.0,258.39594,-0.013756042946385971,-0.015443874679448966,0.2,-0.027289703602099237,-0.000706377102218525,0.015045374687765975,False,726
LINK,1405.0,1385.669,-0.013758792537811381,-0.012380101757117457,0.0,-0.01693510551045374,-0.004792940947508905,0.0028585467639624298,False,727
FUTR,282.0,278.11786,-0.013766414561170203,-0.02256298741550311,0.2,-0.025817957668439685,0.007246994126773054,0.01786645495413161,False,728
LABA,94.0,92.705185,-0.013774595869348417,-0.016929220645985676,0.0,-0.021612613759142318,-0.002514518575465452,0.008496445721414083,False,729
SDMU,78.0,76.91519,-0.013907779791416264,-0.009913713504106525,0.0,-0.023772058731470348,0.0008165995279947769,0.01062807455233925,False,730
DNAR,127.0,125.229774,-0.013938819705031991,-0.011917654923566667,0.0,-0.01979683703324926,-0.004203916534664143,0.0053040023177049166,False,731
INDS,272.0,268.18906,-0.014010799632352966,-0.016086690566119,0.0,-0.01903940088608689,-0.003219267901252265,0.005523181331271266,False,732
IDPR,294.0,289.8642,-0.014067337139934088,-0.011219465813669172,0.0,-0.025503477758290826,-0.006470183288159004,0.011001412991741172,False,733
PADA,139.0,137.04138,-0.014090800113815204,-0.014130626651022937,0.2,-0.05161273325089928,-0.003717041015624978,0.04063417465803658,False,734
SNLK,222.0,218.85579,-0.014163166767842062,-0.009377213211746893,0.0,-0.022289860355961387,-0.00938711080465231,0.007426667381770478,False,735
RODA,58.0,57.17571,-0.014211917745656,-0.01836329493029365,0.2,-0.022232450287917583,0.002809563998518305,0.010776950669051197,False,736
PMUI,84.0,82.787445,-0.014435159592401403,-0.004574003673735172,0.0,-0.033814293997628295,-0.004181998116629471,0.017347715651244364,False,737
INDR,1980.0,1951.3933,-0.014447847616792919,-0.017045577848800453,0.0,-0.022314749053030325,-0.003937186809501281,0.008581293080885361,False,738
PIPA,116.0,114.323746,-0.014450520482556573,-0.014028549194335938,0.0,-0.01892972485772495,-0.002177442353347292,0.004235857636115868,False,739
VISI,820.0,808.13605,-0.014468234922827738,-0.008428657345655455,0.2,-0.031026953720464934,0.0057855820074314,0.015445269242789697,False,740
BINA,4050.0,3991.246,-0.014507137345678989,0.0008148871527777768,0.6,-0.052814863040123484,-0.005166509934413588,0.034955004116262296,False,741
RAJA,880.0,867.2131,-0.014530528675426124,-0.014589552445845144,0.0,-0.020724404074928992,0.0004099620472301169,0.006195799134688283,False,742
UFOE,135.0,133.0294,-0.014596964518229161,-0.011628440574363408,0.0,-0.027726417824074076,-0.004793362087673625,0.01295622216452678,False,743
BKDP,169.0,166.53174,-0.014605080869776276,-0.01153681828425479,0.2,-0.032052919286242584,0.010171707424186405,0.016647269597518555,False,744
MGNA,123.0,121.2029,-0.014610501421176324,0.011682277772484762,0.6,-0.07259625690739331,0.01836647095719004,0.05477546462679296,False,745
SOLA,103.0,101.490395,-0.014656392810414132,-0.014327484427146486,0.0,-0.016781571767862567,-0.007132165408828906,0.002025018779253596,False,746
SAPX,216.0,212.8083,-0.014776328757957202,-0.015793623747649033,0.0,-0.01796843917281541,-0.0038012327971281624,0.004240319806812427,False,747
UVCR,149.0,146.78586,-0.014860012387269283,-0.01679224615929109,0.2,-0.025862643862730694,-0.008989966475723565,0.012276195695397158,False,748
TOBA,454.0,447.19742,-0.014983646880162427,-0.016730556404012886,0.2,-0.024277634137527527,-0.002517095221296772,0.010314385953537893,False,749
PSDN,119.0,117.202515,-0.015104970210740531,-0.01251945175042668,0.0,-0.029528847061285446,-0.0034640913250065576,0.01487926457019255,False,750
DAYA,990.0,975.0379,-0.015113241792929277,-0.007184084497316889,0.2,-0.039852874447600994,0.005427542021780285,0.025681061578281747,False,751
SGER,460.0,453.0397,-0.01513113270635189,-0.015362681513247267,0.0,-0.021805672023607347,-0.007749302076256792,0.007466360601515989,False,752
PNSE,494.0,486.45752,-0.015268129665359332,-0.013514097885564236,0.2,-0.028454886370824918,-0.001677416596818082,0.013040753490618385,False,753
WIRG,57.0,56.128113,-0.015296280174924593,-0.008871981972142229,0.0,-0.028078447308456655,-0.00435049492016173,0.011429523153602706,False,754
BBSS,95.0,93.52771,-0.015497789884868407,-0.015476989746093794,0.0,-0.02068635639391443,-0.0046168919613486905,0.005726556564356572,False,755
AKSI,230.0,226.41988,-0.015565756092900807,-0.018091483738111425,0.0,-0.01978599216627037,-0.0012141219429347538,0.005505456772433616,False,756
LUCY,254.0,250.04399,-0.015574826218011806,-0.015874306986651043,0.0,-0.024562469242125972,0.0030372319259042825,0.008998045445253327,False,757
NZIA,138.0,135.81581,-0.015827477496603293,-0.022995437400928465,0.2,-0.028096561155457465,-0.00019111080446103655,0.014327545995234687,False,758
TPIA,2100.0,2066.6296,-0.01589060174851189,-0.014296991257440439,0.0,-0.02241410900297618,-0.006185453869047608,0.006032188737799941,False,759
MASB,3390.0,3335.3403,-0.016123867878871722,-0.0058580786780974,0.2,-0.039399212412426256,-0.00690638539362094,0.02077496185229112,False,760
TALF,580.0,570.5168,-0.016350308122306,-0.011280349205280205,0.2,-0.03621257913523703,-2.8118265086218842e-05,0.019070657873309416,False,761
KBLV,128.0,125.851524,-0.01678495407104492,-0.01169806718826294,0.0,-0.0302793025970459,-0.009268355369567872,0.012227631334898518,False,762
MPRO,10175.0,9996.656,-0.017527641277641236,-0.022197961455773907,0.2,-0.03991231572481568,0.010448038237100698,0.023482597289335525,False,763
APLI,248.0,243.63664,-0.017594171339465725,-0.012010574340820312,0.0,-0.03281026040354083,-0.005809254800119712,0.013726838311223856,False,764
TRON,110.0,108.06022,-0.017634346701882086,-0.011420371315696065,0.0,-0.031032229336825236,-0.0022900390625000045,0.011948344622947478,False,765
BKSL,67.0,65.81356,-0.01770805245015159,-0.013040684941989289,0.0,-0.034752985256821335,-0.004749924389284055,0.01575077834169412,False,766
APIC,650.0,638.417,-0.01782003079927883,-0.017067401592548048,0.2,-0.04062284029447116,-0.0023190354567307558,0.022819880883156115,False,767
COCO,107.0,105.08528,-0.01789465217946844,-0.008871916298554328,0.2,-0.041359247225467265,-0.009519345292421133,0.021212851725689503,False,768
ENRG,1280.0,1256.9552,-0.01800374984741211,-0.01762523651123049,0.0,-0.029988574981689477,-0.0008830451965331721,0.011583700443585546,False,769
DOSS,165.0,162.01193,-0.018109519264914775,-0.03700829708214959,0.2,-0.06758550470525568,0.009844138405539793,0.0632861392630099,False,770
OASA,322.0,316.16446,-0.018122816381987584,-0.021479825795807428,0.0,-0.02382018284768055,-0.0029168928632084647,0.007179111338504883,False,771
ADMR,1500.0,1472.1787,-0.018547542317708342,-0.023872965494791676,0.0,-0.027275309244791667,-0.003428287760416704,0.010590649949130044,False,772
ASLI,193.0,189.39249,-0.018691842667179402,-0.019750802628116904,0.0,-0.028410394698226992,-0.004901217920174883,0.010377332861257298,False,773
LION,346.0,339.504,-0.01877451990381145,-0.01687092863755424,0.0,-0.02407988619942201,-0.008818768628070805,0.00517592909622983,False,774
MCOL,3700.0,3628.8223,-0.01923722550675675,-0.0196036343961149,0.0,-0.03296649334881754,-0.005634673247466226,0.013912086889285823,False,775
JGLE,64.0,62.767475,-0.019258177280426024,-0.023782670497894287,0.2,-0.031822168827056886,-0.0053732872009277345,0.01547574041243115,False,776
FLMC,75.0,73.55355,-0.019285949707031257,-0.024749857584635437,0.4,-0.04909665934244789,0.0022543131510416757,0.031060219415081105,False,777
EMTK,525.0,514.8532,-0.019327229817708336,-0.020824846540178577,0.0,-0.02930774507068452,-0.009799955822172635,0.011210246329283507,False,778
AMMN,3970.0,3891.9004,-0.019672445686397987,-0.019084478805887928,0.0,-0.02507762072969144,-0.006598659870906798,0.00575970993510988,False,779
EMAS,6325.0,6199.721,-0.019806957139328073,-0.018671875000000004,0.0,-0.029819926506917026,-0.006911561264822108,0.010747738006144602,False,780
POLA,57.0,55.86344,-0.019939636765864875,-0.02142354061729035,0.0,-0.02289035194798523,-0.007662669399328426,0.003447015683316317,False,781
FILM,1080.0,1058.1091,-0.02026934588396989,-0.019985509801794032,0.0,-0.02169646086516199,-0.0034824851707175863,0.001324581692090318,False,782
FOLK,206.0,201.8135,-0.02032284042210253,-0.01804588836373633,0.0,-0.028331556597959627,-0.008825624336316729,0.007378387400796127,False,783
MSIN,394.0,385.92126,-0.020504404445590096,-0.022786871430837574,0.0,-0.026885242752617344,-0.006693093546756046,0.007264023346173482,False,784
MORA,6225.0,6091.26,-0.021484359312249013,-0.02425287085843375,0.0,-0.029901888805220912,-0.006594142193775121,0.009206494870327334,False,785
DOOH,236.0,230.90364,-0.021594768459514045,-0.007820775953389814,0.4,-0.07573565466929293,0.025684356689453125,0.052010590057729386,False,786
WIFI,1970.0,1927.4453,-0.021601401391973373,-0.021209871708439132,0.0,-0.02920899676792512,-0.012136639435279161,0.007473197558580073,False,787
LUCK,109.0,106.639404,-0.021656827314184324,-0.02376983362600349,0.0,-0.03923948795423591,-0.0003857113899440767,0.01757169267301521,False,788
INPC,138.0,135.00229,-0.02172252268031021,-0.021916043931159424,0.0,-0.027244700556215994,-0.012661698935688404,0.006261211655352035,False,789
ECII,163.0,159.45535,-0.0217462457762174,-0.018688084889043277,0.0,-0.03293968153877493,-0.012838913619152615,0.010816443049317604,False,790
LFLO,474.0,463.43213,-0.02229506094244462,-0.00976884415381063,0.0,-0.04691973336135284,-0.005931084870286129,0.022538103059287547,False,791
HRTA,1865.0,1823.302,-0.02235820207774799,-0.018922338409014694,0.0,-0.03703007184148797,-0.009570783763404811,0.013876274548037311,False,792
ARTO,1240.0,1212.17,-0.022443552324848782,-0.02225381174395158,0.2,-0.0373017341859879,-0.0052718230216733716,0.016714264561254442,False,793
MHKI,134.0,130.98953,-0.022466130043143663,-0.022646662014633834,0.0,-0.028022401724288715,-0.009806049403859606,0.0062824413894481965,False,794
BELL,117.0,114.36189,-0.022548003889556644,-0.0221559573442508,0.0,-0.03147258269481175,-0.013729428022335743,0.008637688148349186,False,795
AREA,280.0,273.32013,-0.02385670253208705,-0.03094558715820317,0.2,-0.038169294084821434,0.0008945138113839235,0.017013046088991814,False,796
PBSA,750.0,732.055,-0.02392666015624998,-0.025013427734374982,0.0,-0.031832666015624955,-0.01005011393229165,0.008205937424864656,False,797
INCO,4900.0,4782.3267,-0.024014987244897944,-0.025463468590561256,0.0,-0.03356682477678567,-0.0070282206632652725,0.010729876877999178,False,798
RATU,5025.0,4902.8857,-0.024301325404228892,-0.02304774953358213,0.0,-0.04480367692786073,-0.0037286613805970203,0.01984186394186435,False,799
KJEN,154.0,150.20132,-0.024666684633725657,-0.012367942116477293,0.0,-0.04773383202490866,0.0011045579786424175,0.020466577914831065,False,800
TAXI,13.0,12.677664,-0.024795033381535457,-0.02842426300048828,0.4,-0.08108059809758113,0.02555787013127251,0.055269901632470565,False,801
KLIN,124.0,120.910324,-0.024916679628433712,-0.02771759033203125,0.2,-0.05345190725018902,0.00099303953109251,0.035403713014246774,False,802
BMBL,33.0,32.16503,-0.02530213558312615,-0.03181006691672583,0.0,-0.035688585223573585,-0.012194038159919485,0.013625835387255184,False,803
IDEA,60.0,58.474926,-0.025417925516764295,-0.0309807459513346,0.0,-0.04183751424153646,-0.011186447143554702,0.017613561034286785,False,804
LAND,78.0,75.97658,-0.02594134990985577,-0.02489148653470552,0.0,-0.040205559363731956,-0.011186218261718728,0.01374089766222714,False,805
IBOS,64.0,62.318584,-0.026272118091583252,-0.03085505962371826,0.0,-0.040906894207000735,-0.008499395847320557,0.0156465087102046,False,806
WIDI,26.0,25.315601,-0.026323039715106654,-0.0313857885507437,0.0,-0.04352105947641225,-0.004771100557767416,0.01900850256194867,False,807
NFCX,1570.0,1528.5543,-0.026398505921576422,-0.03697245409534233,0.0,-0.039427591311703813,-0.008746874377985691,0.016621310783915978,False,808
BUMI,162.0,157.68307,-0.026647685486593374,-0.025553008656442944,0.0,-0.0374370433666088,-0.0070453596703800025,0.011010262886947016,False,809
KINO,1245.0,1211.7444,-0.026711337537650603,-0.03059268323293174,0.2,-0.04943327999497993,-0.011146382404618493,0.028816829402268332,False,810
CDIA,645.0,627.5377,-0.02707337845203488,-0.029131181110707338,0.0,-0.03783808745155037,-0.018437462148740293,0.01256839391412296,False,811
BIPI,140.0,136.14664,-0.027524065290178545,-0.025205012730189713,0.2,-0.05079642159598215,0.005568607875278997,0.02343737045654923,False,812
MCAS,256.0,248.90742,-0.027705419063568115,-0.03524237871170044,0.0,-0.03569685220718384,0.00047684907913208007,0.013082016461979288,False,813
POLI,725.0,704.58826,-0.02815407799030172,-0.029239880792025885,0.0,-0.0395027276400862,-0.013394884832974152,0.012828151950642321,False,814
PCAR,41.0,39.842617,-0.02822883419874238,-0.02430315715510667,0.2,-0.05192763165729806,0.004219259866854008,0.02304601193496735,False,815
RELF,36.0,34.870667,-0.03137037489149308,-0.02023877037896049,0.0,-0.055110973782009576,-0.011778555976019955,0.021445198020730034,False,816
AEGS,44.0,42.59447,-0.031943893432617186,-0.01496765830300073,0.0,-0.06393037275834519,-0.011572647094726541,0.028342484925727874,False,817
BTEK,11.0,10.648134,-0.03198781446977097,-0.07563885775479406,0.2,-0.08589113408868965,0.03733074881813743,0.07641899797803077,False,818
BNBR,97.0,93.82263,-0.03275634136396586,-0.029316223773759642,0.0,-0.04527491933291723,0.00344875375020135,0.011617751903218088,False,819
BLUE,2500.0,2416.3413,-0.033463437500000005,-0.03173330078125003,0.0,-0.04316417968749999,-0.012788378906249998,0.009685829641889613,False,820
PPRO,16.0,15.459439,-0.03378506898880005,-0.021369457244873047,0.2,-0.07909384965896607,0.010077905654907227,0.04422514544361741,False,821
BRMS,555.0,535.3146,-0.0354692118876689,-0.028811892947635087,0.0,-0.052175336958051766,-0.014439554300394142,0.016000478250575552,False,822
DWGL,384.0,370.25867,-0.035784705479939796,-0.023715098698933956,0.0,-0.06592828432718914,-0.009000174204508448,0.032346821190167095,False,823
LAPD,62.0,59.70564,-0.03700582442745086,-0.038791656494140625,0.2,-0.05853662798481605,-0.015856552124023437,0.025428693033936425,False,824
ELPI,745.0,716.03925,-0.03887344667575503,-0.047487809354026855,0.0,-0.0498052937552433,-0.026968707398280188,0.015336153392649095,False,825
COAL,21.0,20.152174,-0.0403726305280413,-0.018336886451357892,0.2,-0.10281720842633932,-0.010773086547851519,0.06187680708417022,False,826
PADI,68.0,64.16467,-0.056401813731474015,-0.05211785260368795,0.0,-0.08091195050407855,-0.034841862846823314,0.023300697655856968,False,827
JSPT,1600.0,1480.971,-0.07439315795898435,-0.07490554809570316,0.0,-0.08326881408691404,-0.05957258605957032,0.008881261825454827,False,828
