horizon_bar,date,ticker,previous_expected_close,expected_close,expected_daily_return,median_daily_return,probability_daily_up,downside_p10,upside_p90,rank
1,2026-07-31 09:00:00,FAST,310.0,329.12784,0.06170274,0.064377904,0.8,-0.019558966159820557,0.1381191611289978,1
1,2026-07-31 09:00:00,MSIE,103.0,108.181335,0.05030427,0.038501978,1.0,0.01601281203329563,0.0939522236585617,2
1,2026-07-31 09:00:00,IFSH,1090.0,1139.2471,0.04518076,0.07073939,0.6,-0.009041691198945045,0.08576130867004395,3
1,2026-07-31 09:00:00,NSSS,1090.0,1139.2131,0.045149613,0.05557692,0.8,0.012665534391999245,0.06597435474395752,4
1,2026-07-31 09:00:00,RLCO,5575.0,5825.0903,0.04485922,0.04649067,1.0,0.032099317759275436,0.05540144443511963,5
1,2026-07-31 09:00:00,CTTH,126.0,131.13449,0.040749907,0.04669988,1.0,0.016150498762726784,0.06149566173553467,6
1,2026-07-31 09:00:00,MDIA,175.0,181.96846,0.03981974,0.047806382,0.6,-0.010612308979034424,0.0904027447104454,7
1,2026-07-31 09:00:00,ZATA,64.0,66.53186,0.039560296,0.017809272,1.0,0.005830598063766956,0.09393128752708435,8
1,2026-07-31 09:00:00,OMRE,1080.0,1113.3113,0.030843735,0.0382061,1.0,0.011569071561098099,0.04689595475792885,9
1,2026-07-31 09:00:00,RONY,1300.0,1337.3667,0.0287436,0.027347684,1.0,0.011705899611115456,0.045958612114191055,10
1,2026-07-31 09:00:00,TIFA,320.0,328.6849,0.027140368,0.027562618,0.8,-0.0026868460699915886,0.06097492575645447,11
1,2026-07-31 09:00:00,HADE,18.0,18.42786,0.02376995,0.006108165,1.0,0.005191206932067871,0.0539247952401638,12
1,2026-07-31 09:00:00,HRME,42.0,42.981388,0.023366403,0.017554998,0.6,-0.001676106359809637,0.0526813268661499,13
1,2026-07-31 09:00:00,ISAP,24.0,24.539276,0.02246983,0.025996923,1.0,0.012362122535705566,0.03014223463833332,14
1,2026-07-31 09:00:00,BAPI,20.0,20.448141,0.022407006,0.030818343,1.0,0.008416962809860706,0.03081834316253662,15
1,2026-07-31 09:00:00,WMUU,52.0,53.097267,0.021101236,0.014999151,1.0,0.010424375534057617,0.03714890033006668,16
1,2026-07-31 09:00:00,MANG,39.0,39.78355,0.020091057,0.017549753,1.0,0.01227724552154541,0.02931220456957817,17
1,2026-07-31 09:00:00,MTMH,900.0,917.58496,0.01953888,0.024567485,0.8,0.003157711587846279,0.031125973910093307,18
1,2026-07-31 09:00:00,IMPC,1525.0,1553.8689,0.018930387,0.021021128,1.0,0.010654354467988014,0.026485584676265717,19
1,2026-07-31 09:00:00,BFIN,920.0,936.9082,0.018378448,0.014117479,0.8,-0.0026766061782836914,0.04237618297338486,20
1,2026-07-31 09:00:00,LPCK,515.0,524.34534,0.018146228,0.02279973,0.8,0.003479528706520796,0.02950899675488472,21
1,2026-07-31 09:00:00,BLES,202.0,205.64517,0.018045355,0.0049245358,0.6,-0.006737649440765381,0.05061674118041992,22
1,2026-07-31 09:00:00,IPAC,162.0,164.87578,0.017751789,0.017454624,1.0,0.006278729531913996,0.028674554079771042,23
1,2026-07-31 09:00:00,RMKO,280.0,284.92548,0.017590951,0.016073108,1.0,0.009641623124480247,0.025817275047302246,24
1,2026-07-31 09:00:00,AIMS,392.0,398.5441,0.016694093,0.012056589,1.0,0.0047790054231882095,0.03055279143154621,25
1,2026-07-31 09:00:00,ALKA,1715.0,1743.3461,0.016528333,0.01251471,0.8,-0.009827077388763428,0.04752501845359802,26
1,2026-07-31 09:00:00,BEER,74.0,75.20738,0.016316056,0.01813066,1.0,0.012318777851760387,0.01895770989358425,27
1,2026-07-31 09:00:00,CBDK,3690.0,3749.8625,0.01622287,0.015110135,0.8,0.0036175609566271305,0.028055977076292038,28
1,2026-07-31 09:00:00,MMIX,725.0,736.2541,0.015522909,0.01715529,1.0,0.007718896958976984,0.021057534962892532,29
1,2026-07-31 09:00:00,TAXI,13.0,13.201731,0.015517676,0.013185024,0.8,0.0032515646889805794,0.02755439281463623,30
1,2026-07-31 09:00:00,LPPS,78.0,79.21019,0.015515268,0.016589522,0.8,0.0037654521875083447,0.026383351534605026,31
1,2026-07-31 09:00:00,BTEK,11.0,11.170481,0.015498233,0.0007532835,0.6,-0.03598630428314209,0.07127752155065536,32
1,2026-07-31 09:00:00,SMIL,398.0,404.12906,0.015399587,0.010103583,0.8,0.0009435772662982345,0.035654328763484955,33
1,2026-07-31 09:00:00,TAMU,21.0,21.322514,0.015357709,0.019175887,0.8,0.00022335059475153685,0.029416726902127266,34
1,2026-07-31 09:00:00,APLN,122.0,123.87337,0.015355444,0.013128877,1.0,0.00888052023947239,0.02303757704794407,35
1,2026-07-31 09:00:00,PMJS,107.0,108.64177,0.015343666,0.015620708,1.0,0.00927658099681139,0.021607350558042526,36
1,2026-07-31 09:00:00,LMAX,113.0,114.73069,0.015315843,0.017258167,0.8,0.00582499522715807,0.022625135257840157,37
1,2026-07-31 09:00:00,IKAN,83.0,84.25022,0.0150628565,0.018150449,0.8,0.004201841540634632,0.02338697947561741,38
1,2026-07-31 09:00:00,GRPM,214.0,217.19193,0.014915561,0.02150023,0.8,-0.0025397054851055145,0.02521662786602974,39
1,2026-07-31 09:00:00,ELTY,30.0,30.429544,0.014318156,0.00052654743,0.8,-0.005937003996223211,0.04688219353556633,40
1,2026-07-31 09:00:00,DMMX,178.0,180.53142,0.014221418,0.011879325,0.8,0.0012959125451743603,0.026873398572206497,41
1,2026-07-31 09:00:00,ASMI,16.0,16.214634,0.013414669,0.0035805702,0.8,-0.003122949507087469,0.03605461120605469,42
1,2026-07-31 09:00:00,SINI,7125.0,7219.651,0.01328429,0.022560835,0.8,-0.026770198717713356,0.045916032046079636,43
1,2026-07-31 09:00:00,BRNA,590.0,597.71606,0.013078069,0.012094617,1.0,0.010620927438139915,0.0160998348146677,44
1,2026-07-31 09:00:00,BAJA,228.0,230.96945,0.013023889,0.026145697,0.6,-0.019829165190458298,0.037485718727111816,45
1,2026-07-31 09:00:00,ARGO,1165.0,1180.1462,0.013001132,0.014218807,1.0,0.006908631417900324,0.018337368965148926,46
1,2026-07-31 09:00:00,LCKM,107.0,108.384544,0.012939716,0.01304698,1.0,0.006557941436767578,0.01932377740740776,47
1,2026-07-31 09:00:00,PGJO,685.0,693.7522,0.012776947,0.00792253,1.0,0.005795001983642578,0.02326226234436035,48
1,2026-07-31 09:00:00,SOCI,440.0,445.61362,0.012758267,0.015309691,0.8,-0.006144034676253796,0.027743840590119362,49
1,2026-07-31 09:00:00,STAA,1095.0,1108.7697,0.01257503,0.014356852,1.0,0.003508496331050992,0.021291183307766914,50
1,2026-07-31 09:00:00,BSML,510.0,516.3968,0.012542749,0.010296106,1.0,0.00953440647572279,0.01763899251818657,51
1,2026-07-31 09:00:00,ARKO,4660.0,4718.2354,0.012496913,0.014673591,0.6,-0.008983289822936058,0.032881904393434525,52
1,2026-07-31 09:00:00,ANDI,17.0,17.211527,0.0124427555,0.00622952,1.0,0.006229519844055176,0.02350623533129692,53
1,2026-07-31 09:00:00,RIGS,665.0,673.25366,0.012411523,0.008995056,1.0,0.004150581546127796,0.023085450753569603,54
1,2026-07-31 09:00:00,SAMF,274.0,277.38348,0.012348557,0.012359977,1.0,0.011395526118576527,0.013323354534804821,55
1,2026-07-31 09:00:00,PBRX,26.0,26.312677,0.012026096,0.013375044,0.8,0.002575945807620883,0.020268797874450684,56
1,2026-07-31 09:00:00,RSCH,314.0,317.74942,0.011940742,0.008982897,0.8,0.00010221009142696857,0.026841185986995697,57
1,2026-07-31 09:00:00,RICY,77.0,77.91208,0.011845231,0.012565374,1.0,0.004193020053207874,0.0186020378023386,58
1,2026-07-31 09:00:00,NELY,199.0,201.3476,0.011796951,0.015723825,1.0,0.002640366554260254,0.019150542095303535,59
1,2026-07-31 09:00:00,DIVA,122.0,123.430824,0.01172812,0.006368518,1.0,0.0026013136375695467,0.023598216474056244,60
1,2026-07-31 09:00:00,ALDO,840.0,849.8458,0.011721218,0.011805534,0.6,-0.0016086935065686703,0.02629709057509899,61
1,2026-07-31 09:00:00,KBLM,296.0,299.4527,0.01166451,0.01021564,1.0,0.00589098921045661,0.018395686522126198,62
1,2026-07-31 09:00:00,GMTD,1375.0,1390.9336,0.011588037,0.017555594,0.8,-0.029199326410889626,0.04477045685052872,63
1,2026-07-31 09:00:00,VICI,570.0,576.5716,0.011529088,0.009558678,0.8,0.00065107352565974,0.02446412853896618,64
1,2026-07-31 09:00:00,CUAN,650.0,657.3969,0.01137985,0.0073019266,0.8,0.0017469525337219238,0.022284865379333496,65
1,2026-07-31 09:00:00,TRST,454.0,459.13663,0.011314178,0.0092538595,1.0,0.007858514785766602,0.016311978921294212,66
1,2026-07-31 09:00:00,PANI,6175.0,6244.497,0.011254584,0.011407495,0.8,0.002661073114722967,0.01976954936981201,67
1,2026-07-31 09:00:00,JKON,66.0,66.709595,0.010751391,0.011394739,1.0,0.0028907060623168945,0.018725918605923653,68
1,2026-07-31 09:00:00,GOLD,266.0,268.81454,0.010580969,0.010159612,1.0,0.0066152336075901985,0.014671134762465954,69
1,2026-07-31 09:00:00,TRJA,110.0,111.139915,0.010362864,0.010396957,1.0,0.0069210766814649105,0.01339426077902317,70
1,2026-07-31 09:00:00,INAI,179.0,180.84978,0.010333991,0.014664769,0.6,-0.005850779823958874,0.02533109113574028,71
1,2026-07-31 09:00:00,BPTR,74.0,74.760635,0.010278845,0.010112166,1.0,0.0055068256333470345,0.015303324908018112,72
1,2026-07-31 09:00:00,PGUN,7475.0,7551.7524,0.010267913,0.010351896,0.8,0.0015190723352134228,0.0189423318952322,73
1,2026-07-31 09:00:00,STRK,67.0,67.677536,0.010112429,0.009530425,1.0,0.005244469735771418,0.014976429753005505,74
1,2026-07-31 09:00:00,ELIT,171.0,172.70073,0.009945798,0.008810282,1.0,0.006004524417221546,0.014891551807522774,75
1,2026-07-31 09:00:00,TBMS,1160.0,1171.2877,0.009730816,0.012443423,0.8,0.0012363195419311523,0.01613933965563774,76
1,2026-07-31 09:00:00,HOPE,204.0,205.9661,0.009637713,0.010930777,1.0,0.004665183834731579,0.013362430967390537,77
1,2026-07-31 09:00:00,ERAL,304.0,306.91022,0.0095730545,0.00999248,1.0,0.004669165704399347,0.014465665444731712,78
1,2026-07-31 09:00:00,DSSA,840.0,848.0316,0.009561467,0.0053180456,1.0,0.002114534378051758,0.019213056191802025,79
1,2026-07-31 09:00:00,SSMS,990.0,999.45184,0.009547353,0.007433653,1.0,0.006232714746147394,0.014545129612088203,80
1,2026-07-31 09:00:00,BCIC,125.0,126.176025,0.009408188,0.0055915117,1.0,0.002440166659653187,0.018073629587888718,81
1,2026-07-31 09:00:00,INDY,2580.0,2603.6382,0.009162093,0.008030534,1.0,0.0032377480529248714,0.01562356948852539,82
1,2026-07-31 09:00:00,PRIM,102.0,102.929,0.009107876,0.007851243,1.0,0.006307792849838734,0.012473058886826038,83
1,2026-07-31 09:00:00,TOOL,65.0,65.58557,0.009008801,0.011199951,0.8,0.0024324299301952124,0.013617420569062233,84
1,2026-07-31 09:00:00,HATM,570.0,575.13495,0.009008646,0.024794698,0.6,-0.015200376510620117,0.024794697761535645,85
1,2026-07-31 09:00:00,WEHA,102.0,102.91481,0.008968735,0.008695841,1.0,0.005969810299575329,0.01218552514910698,86
1,2026-07-31 09:00:00,KOPI,208.0,209.86372,0.008960163,0.010254502,0.8,-0.00030106306076049805,0.01841749995946884,87
1,2026-07-31 09:00:00,TLDN,515.0,519.5587,0.008851838,0.009113431,1.0,0.00231094378978014,0.015333270654082298,88
1,2026-07-31 09:00:00,MIRA,21.0,21.18476,0.008798098,0.00064098835,0.8,-9.515281999483705e-05,0.023688577115535736,89
1,2026-07-31 09:00:00,BBCA,6400.0,6454.5225,0.008519148,0.00937295,1.0,0.004192972555756569,0.011711478233337402,90
1,2026-07-31 09:00:00,BSDE,580.0,584.8962,0.008441734,0.007813454,0.8,-0.0018337485380470753,0.01937549002468586,91
1,2026-07-31 09:00:00,ASBI,414.0,417.48306,0.008413148,0.0073201656,1.0,0.004274225328117609,0.013784311711788177,92
1,2026-07-31 09:00:00,KDTN,324.0,326.683,0.008280921,0.008901715,0.8,-0.011667990125715733,0.02840108424425125,93
1,2026-07-31 09:00:00,IPOL,105.0,105.85814,0.008172775,0.0067597628,1.0,0.0017870903247967362,0.01549603883177042,94
1,2026-07-31 09:00:00,PSAB,424.0,427.45395,0.008146119,0.0044106245,1.0,0.0009039163705892861,0.01786341518163681,95
1,2026-07-31 09:00:00,KKES,67.0,67.54568,0.0081444625,0.010489702,0.8,0.0009212614968419075,0.013198518194258213,96
1,2026-07-31 09:00:00,KAQI,93.0,93.75716,0.008141434,0.0017648935,0.8,-0.0031059144530445337,0.02392132207751274,97
1,2026-07-31 09:00:00,ESTI,171.0,172.37212,0.008024121,0.020843267,0.6,-0.030954740941524506,0.040332600474357605,98
1,2026-07-31 09:00:00,SCCO,2270.0,2288.108,0.007977056,0.0064325333,1.0,0.004049563314765692,0.01348960306495428,99
1,2026-07-31 09:00:00,PPRE,102.0,102.81232,0.00796392,0.0049363375,1.0,0.002245354698970914,0.015231728553771973,100
1,2026-07-31 09:00:00,SQMI,66.0,66.52279,0.0079211,0.009942293,1.0,0.0025540352798998356,0.01245181541889906,101
1,2026-07-31 09:00:00,TGKA,4810.0,4848.0293,0.007906342,0.0076931715,1.0,0.0015099764568731189,0.014588617719709873,102
1,2026-07-31 09:00:00,MUTU,108.0,108.85388,0.007906318,0.0074492693,1.0,0.006647991947829723,0.009689092636108398,103
1,2026-07-31 09:00:00,BSIM,700.0,705.49384,0.00784837,0.0021407604,0.8,-0.0002812504826579243,0.018796037882566452,104
1,2026-07-31 09:00:00,CMNT,820.0,826.4266,0.007837224,0.008723974,1.0,0.00392415514215827,0.01160209160298109,105
1,2026-07-31 09:00:00,LEAD,104.0,104.811035,0.007798469,0.003068447,0.8,-0.003940022084861994,0.023484107106924057,106
1,2026-07-31 09:00:00,YPAS,605.0,609.7041,0.007775319,0.0053919554,0.8,-0.008317792788147926,0.02582556940615177,107
1,2026-07-31 09:00:00,MOLI,266.0,268.0463,0.0076928614,0.012901425,0.8,-0.003014206886291504,0.014376782812178135,108
1,2026-07-31 09:00:00,ASPR,147.0,148.12607,0.007660282,0.008176804,0.8,-0.0014681697357445955,0.016498969867825508,109
1,2026-07-31 09:00:00,TEBE,1095.0,1103.2673,0.007550168,0.009630322,0.8,-0.0010204792488366365,0.015055679716169834,110
1,2026-07-31 09:00:00,MERI,101.0,101.74927,0.007418466,0.008085489,1.0,0.0034009218215942383,0.011673927307128906,111
1,2026-07-31 09:00:00,TOTO,242.0,243.77495,0.007334566,0.0086193085,1.0,0.0042501213029026985,0.00980145949870348,112
1,2026-07-31 09:00:00,DATA,2050.0,2064.9246,0.007280314,0.0008664131,0.6,-0.0063162920996546745,0.02380828931927681,113
1,2026-07-31 09:00:00,URBN,208.0,209.5098,0.007258618,0.004701495,0.8,0.0007685541640967131,0.015280341729521751,114
1,2026-07-31 09:00:00,SIMP,590.0,594.2667,0.007231665,0.0069862604,1.0,0.004136133007705212,0.010050773620605469,115
1,2026-07-31 09:00:00,TYRE,113.0,113.81136,0.00718019,0.0019072294,1.0,0.0013029336696490645,0.01570587232708931,116
1,2026-07-31 09:00:00,NAYZ,55.0,55.394238,0.0071679233,0.008076072,0.8,0.0007068754639476538,0.012545728124678135,117
1,2026-07-31 09:00:00,PTSN,266.0,267.9016,0.0071489336,0.0026961565,0.8,-0.0006332158809527755,0.01902911439538002,118
1,2026-07-31 09:00:00,VINS,139.0,139.98921,0.00711658,0.0028448105,1.0,0.0015638828044757247,0.015035890974104404,119
1,2026-07-31 09:00:00,DOID,210.0,211.4736,0.0070171594,0.0073542595,1.0,0.003758764360100031,0.009971165098249912,120
1,2026-07-31 09:00:00,AMOR,340.0,342.3841,0.007012069,0.007992029,0.8,0.00014909496530890465,0.012686395086348057,121
1,2026-07-31 09:00:00,CGAS,151.0,152.05362,0.006977546,0.009222627,0.8,-2.962350845336914e-05,0.013203429989516735,122
1,2026-07-31 09:00:00,VIVA,38.0,38.264076,0.0069493293,0.004199147,0.6,-0.020443344488739967,0.03929433226585388,123
1,2026-07-31 09:00:00,EPMT,2280.0,2295.829,0.006942558,0.007948756,0.8,0.0022766112815588713,0.010692405514419079,124
1,2026-07-31 09:00:00,BMTR,114.0,114.78822,0.0069142343,0.0052930117,1.0,0.00337717542424798,0.011392616666853428,125
1,2026-07-31 09:00:00,KLAS,75.0,75.51662,0.0068882825,0.007612705,0.8,-0.0008926272857934237,0.013850140385329723,126
1,2026-07-31 09:00:00,BUKK,1020.0,1026.9479,0.0068116547,0.0022002459,0.8,-0.000883638858795166,0.018959280103445053,127
1,2026-07-31 09:00:00,DMND,605.0,609.06976,0.006726897,0.005473256,0.8,0.0012781023979187012,0.013278721831738949,128
1,2026-07-31 09:00:00,ICON,106.0,106.708176,0.006680918,0.006765604,1.0,0.004484104923903942,0.008853744715452194,129
1,2026-07-31 09:00:00,AGRO,144.0,144.95396,0.006624818,0.007772684,1.0,0.003135085105895996,0.009588932618498802,130
1,2026-07-31 09:00:00,BBKP,52.0,52.341667,0.00657053,0.0072004795,0.8,0.00024385459255427122,0.012792181223630905,131
1,2026-07-31 09:00:00,KOKA,195.0,196.27626,0.006544924,0.009550333,0.8,-0.0027413128409534693,0.014452671632170677,132
1,2026-07-31 09:00:00,RGAS,242.0,243.5732,0.006500828,0.008798361,0.8,-0.004556405358016491,0.016039371490478516,133
1,2026-07-31 09:00:00,JAST,82.0,82.530685,0.006471825,0.0070552826,1.0,0.0028163432143628597,0.010120939463376999,134
1,2026-07-31 09:00:00,ESTA,175.0,176.13083,0.0064618946,0.0012598038,0.8,-0.004704463295638561,0.020933721214532852,135
1,2026-07-31 09:00:00,JAYA,131.0,131.84048,0.006415856,0.00487864,0.8,-0.002548253396525979,0.01627929136157036,136
1,2026-07-31 09:00:00,BDKR,155.0,155.99275,0.0064048767,0.006406188,1.0,0.0018819570541381836,0.010704469867050648,137
1,2026-07-31 09:00:00,AKRA,1445.0,1454.251,0.006402111,0.005986452,1.0,0.0022495270241051912,0.01066601276397705,138
1,2026-07-31 09:00:00,GIAA,53.0,53.33449,0.0063111545,0.0063228607,1.0,0.0030757426284253597,0.009759736247360706,139
1,2026-07-31 09:00:00,BIPP,62.0,62.389027,0.006274593,0.002998829,0.8,-0.00561600923538208,0.020142553374171257,140
1,2026-07-31 09:00:00,NASA,30.0,30.187271,0.0062423944,0.016643286,0.6,-0.01977062225341797,0.026236891746520996,141
1,2026-07-31 09:00:00,DSNG,1360.0,1368.4543,0.006216383,0.0046697855,1.0,0.0009565115324221551,0.0125267980620265,142
1,2026-07-31 09:00:00,UNIQ,109.0,109.672386,0.006168723,0.0029352903,0.8,-0.0009022473823279142,0.014615844935178757,143
1,2026-07-31 09:00:00,WIIM,1715.0,1725.5641,0.006159806,0.0061383247,1.0,0.0034651756286621094,0.008708715438842773,144
1,2026-07-31 09:00:00,CTRA,570.0,573.47656,0.006099212,0.003908634,0.6,-0.0032803653739392757,0.016307974234223366,145
1,2026-07-31 09:00:00,MDKA,2690.0,2705.8296,0.0058846474,0.007845759,0.8,0.0012569190002977848,0.009073758497834206,146
1,2026-07-31 09:00:00,ROTI,590.0,593.47174,0.005884302,0.0091148615,0.8,-9.180302731692791e-05,0.009909629821777344,147
1,2026-07-31 09:00:00,HEAL,795.0,799.54285,0.005714321,0.0063043833,0.8,-0.0024122954346239567,0.012510156258940697,148
1,2026-07-31 09:00:00,BTON,352.0,354.00812,0.0057049515,0.0036005974,0.6,-0.003173637203872204,0.016902420669794083,149
1,2026-07-31 09:00:00,REAL,50.0,50.28511,0.0057021854,0.005369067,0.8,0.0019228935707360506,0.009139776229858398,150
1,2026-07-31 09:00:00,LRNA,184.0,185.03983,0.005651212,0.0021722317,0.6,-0.007590246386826038,0.020932555198669434,151
1,2026-07-31 09:00:00,BANK,282.0,283.56598,0.00555315,0.009151578,0.8,-0.0016917467582970858,0.010563206858932972,152
1,2026-07-31 09:00:00,FORE,635.0,638.46906,0.0054630516,0.0054006577,0.8,-0.0009716987260617316,0.012095879763364792,153
1,2026-07-31 09:00:00,PSAT,830.0,834.5176,0.005442822,0.0084472895,0.6,-0.0019273280631750822,0.011380982585251331,154
1,2026-07-31 09:00:00,ANJT,1445.0,1452.7047,0.005331993,0.0021327734,0.8,-0.0006016968982294202,0.012922953814268112,155
1,2026-07-31 09:00:00,GSMF,87.0,87.45886,0.0052742837,0.003259182,0.8,0.0005786300171166658,0.011418508365750313,156
1,2026-07-31 09:00:00,KIJA,125.0,125.65497,0.0052397014,0.0056319237,0.8,0.00020914082415401936,0.009793495759367943,157
1,2026-07-31 09:00:00,PLAN,39.0,39.201305,0.005161667,0.006827116,0.6,-0.013174831867218018,0.022958897054195404,158
1,2026-07-31 09:00:00,COIN,680.0,683.4877,0.005128884,0.006733656,0.6,-0.007700288202613592,0.01769094355404377,159
1,2026-07-31 09:00:00,JARR,1900.0,1909.6324,0.005069661,0.0040694475,0.6,-0.0054108621552586555,0.016437672078609467,160
1,2026-07-31 09:00:00,BLTA,32.0,32.16217,0.0050678374,0.0036466122,0.6,-0.00999302789568901,0.022044990211725235,161
1,2026-07-31 09:00:00,SMGR,1455.0,1462.2982,0.005015957,0.003175497,0.8,-0.004093825817108154,0.015230011194944382,162
1,2026-07-31 09:00:00,IGAR,424.0,426.12207,0.0050048707,0.0054517984,0.6,-0.006013941951096058,0.015283560380339622,163
1,2026-07-31 09:00:00,AMFG,3200.0,3215.9443,0.0049826265,0.0036833286,0.8,-0.0035795089788734913,0.01456298679113388,164
1,2026-07-31 09:00:00,MBTO,118.0,118.57849,0.004902506,0.005179286,0.8,0.0009701729286462069,0.008490443229675293,165
1,2026-07-31 09:00:00,INKP,8200.0,8239.365,0.0048006536,0.0057775974,0.8,-0.0009622096549719572,0.009582281112670898,166
1,2026-07-31 09:00:00,TMPO,107.0,107.50502,0.0047198175,0.003368616,0.8,-0.0002791046863421798,0.010642051696777344,167
1,2026-07-31 09:00:00,CPIN,3240.0,3255.288,0.004718554,0.000916481,0.8,-0.00156239268835634,0.012690710835158825,168
1,2026-07-31 09:00:00,TSPC,2840.0,2853.375,0.004709506,0.0041543245,1.0,0.002356576966121793,0.007659506052732468,169
1,2026-07-31 09:00:00,FORU,2930.0,2943.7603,0.004696405,0.00977397,0.8,-0.016906939446926117,0.022295258939266205,170
1,2026-07-31 09:00:00,VOKS,202.0,202.94756,0.004690862,0.00045371056,0.6,-0.004325223155319691,0.016591262072324753,171
1,2026-07-31 09:00:00,GDYR,1090.0,1094.9968,0.0045841695,0.0032993555,0.8,-0.0003924608463421464,0.010074305348098278,172
1,2026-07-31 09:00:00,ARCI,1055.0,1059.7869,0.004537344,0.0074157715,0.8,-0.0016675232909619808,0.008395552635192871,173
1,2026-07-31 09:00:00,GEMS,6425.0,6454.0815,0.004526329,0.0046072006,1.0,0.0017084121936932206,0.007410239893943071,174
1,2026-07-31 09:00:00,PZZA,185.0,185.83713,0.0045250775,0.004288554,0.8,-0.0013667225139215589,0.010480212979018688,175
1,2026-07-31 09:00:00,AMMS,278.0,279.24072,0.0044629932,0.0030766726,0.6,-0.0037054060958325863,0.014740703627467155,176
1,2026-07-31 09:00:00,AMAR,210.0,210.93437,0.004449463,0.005922675,0.8,0.0004717111587524414,0.0068642375990748405,177
1,2026-07-31 09:00:00,SMRA,326.0,327.44858,0.0044434546,0.0014902353,1.0,0.001094555831514299,0.009417414665222168,178
1,2026-07-31 09:00:00,DEFI,104.0,104.46205,0.0044427277,0.006652117,0.8,-0.001633036183193326,0.009015465155243874,179
1,2026-07-31 09:00:00,BUKA,117.0,117.51642,0.004413843,0.00036633015,0.6,-0.011853527277708054,0.021938107907772064,180
1,2026-07-31 09:00:00,AWAN,155.0,155.6798,0.004385829,0.00048577785,0.8,-0.00037302967393770814,0.011015892028808594,181
1,2026-07-31 09:00:00,UNTD,79.0,79.34218,0.0043313624,0.005778432,0.6,-0.0028126121032983065,0.01112503930926323,182
1,2026-07-31 09:00:00,TOSK,67.0,67.28928,0.0043176888,0.0063142776,0.8,-0.0006734132766723633,0.007929730229079723,183
1,2026-07-31 09:00:00,AHAP,90.0,90.37585,0.0041760923,0.006071925,0.6,-0.00417592516168952,0.011374330148100853,184
1,2026-07-31 09:00:00,PRAY,720.0,723.0035,0.004171455,0.00453496,0.8,-0.0040176035836339,0.012574957683682442,185
1,2026-07-31 09:00:00,MIDI,288.0,289.19684,0.0041555883,0.005265236,0.6,-0.001183843589387834,0.009035825729370117,186
1,2026-07-31 09:00:00,GRIA,119.0,119.49442,0.0041547776,0.002641201,1.0,0.0008017063373699784,0.009019112214446068,187
1,2026-07-31 09:00:00,SURE,2760.0,2771.412,0.004134798,0.006128669,0.8,-0.0017769814003258944,0.008461356163024902,188
1,2026-07-31 09:00:00,AGII,2890.0,2901.9136,0.0041223047,0.004065275,0.8,0.0011527062160894275,0.00719370786100626,189
1,2026-07-31 09:00:00,GUNA,200.0,200.82382,0.004119158,0.004882455,0.8,-0.0002510547637939453,0.008448385633528233,190
1,2026-07-31 09:00:00,GEMA,80.0,80.32396,0.004049456,0.0044738054,0.8,-0.0013849139213562012,0.009420441463589668,191
1,2026-07-31 09:00:00,MCOR,68.0,68.27492,0.0040429593,0.0035008192,1.0,0.0013100386131554842,0.007290053181350231,192
1,2026-07-31 09:00:00,LAJU,64.0,64.25713,0.0040177344,0.0021970272,0.8,-0.0014931439654901624,0.010727453045547009,193
1,2026-07-31 09:00:00,TUGU,1195.0,1199.6263,0.0038713694,0.0032331944,1.0,0.0016693354118615389,0.00666773272678256,194
1,2026-07-31 09:00:00,PJAA,452.0,453.74594,0.0038627149,0.004972577,0.6,-0.00016063451766967773,0.007400894071906805,195
1,2026-07-31 09:00:00,MEDC,1290.0,1294.9807,0.0038609982,0.0073901415,0.6,-0.013448309153318405,0.019472621381282806,196
1,2026-07-31 09:00:00,SLIS,62.0,62.2382,0.0038419843,0.0035165548,0.6,-0.0037029862869530916,0.012864326126873493,197
1,2026-07-31 09:00:00,DEWA,450.0,451.71957,0.0038213015,0.0036456585,0.8,-0.0017059564124792814,0.008995342068374157,198
1,2026-07-31 09:00:00,BOLA,162.0,162.61606,0.0038028597,0.0041792393,0.8,-0.0006502509349957108,0.008177208714187145,199
1,2026-07-31 09:00:00,NISP,1270.0,1274.713,0.003711009,0.0038070679,0.8,0.0007299662102013826,0.006516885478049517,200
1,2026-07-31 09:00:00,PART,102.0,102.37773,0.0037032128,0.0016998053,0.8,-0.003387236502021551,0.012358282692730427,201
1,2026-07-31 09:00:00,NATO,660.0,662.4083,0.0036489964,0.0038306713,0.8,-0.004469013307243586,0.010549640282988548,202
1,2026-07-31 09:00:00,VISI,820.0,822.93665,0.0035812496,0.002241373,0.6,-0.009976303204894066,0.017203377559781075,203
1,2026-07-31 09:00:00,SMBR,161.0,161.57253,0.003556049,0.008818507,0.6,-0.005994987674057484,0.010175132192671299,204
1,2026-07-31 09:00:00,SHID,615.0,617.18225,0.0035483956,0.005616188,0.8,-0.0003394245868548751,0.0061123608611524105,205
1,2026-07-31 09:00:00,DGIK,126.0,126.44547,0.0035354972,0.001989007,0.8,-0.0009671092266216874,0.009387778118252754,206
1,2026-07-31 09:00:00,LPPF,1565.0,1570.5328,0.003535354,0.0045415163,0.8,0.000802457332611084,0.0054531097412109375,207
1,2026-07-31 09:00:00,TNCA,162.0,162.56982,0.0035174012,0.007641077,0.6,-0.012365460395812988,0.015727614983916283,208
1,2026-07-31 09:00:00,CARS,90.0,90.31429,0.0034921884,0.0058293343,0.6,-0.0024163960479199886,0.008579396642744541,209
1,2026-07-31 09:00:00,KONI,2450.0,2458.4724,0.0034581542,0.003521204,0.6,-0.004641699604690075,0.011184406466782093,210
1,2026-07-31 09:00:00,TBIG,1415.0,1419.8209,0.0034069538,0.0013110638,0.6,-0.002956855110824108,0.011298345401883125,211
1,2026-07-31 09:00:00,LIVE,202.0,202.68753,0.003403604,0.0050411224,0.6,-0.008256971836090088,0.013687537983059883,212
1,2026-07-31 09:00:00,HOMI,177.0,177.58664,0.0033144236,0.005343437,0.8,-0.0036322830710560083,0.00891253910958767,213
1,2026-07-31 09:00:00,IPCC,1140.0,1143.7374,0.0032784224,0.0038210154,1.0,0.000693464302457869,0.005660104565322399,214
1,2026-07-31 09:00:00,ALII,720.0,722.3551,0.00327096,0.0037677288,0.8,-0.0027424097061157227,0.008819841779768467,215
1,2026-07-31 09:00:00,PACK,226.0,226.73653,0.0032589077,0.0051835775,0.6,-0.006426608189940453,0.012274050153791904,216
1,2026-07-31 09:00:00,IRRA,374.0,375.2178,0.0032561063,0.00240314,1.0,0.0012118816375732422,0.005775618366897106,217
1,2026-07-31 09:00:00,SOHO,1195.0,1198.8862,0.0032520532,0.0024181604,0.8,-0.0002445697318762541,0.007481168955564499,218
1,2026-07-31 09:00:00,PGAS,1490.0,1494.7855,0.0032117486,0.0033854246,0.8,-0.000283825327642262,0.006565880496054888,219
1,2026-07-31 09:00:00,PUDP,300.0,300.95825,0.003194201,0.0021498203,0.6,-0.0014101385604590178,0.008885310962796211,220
1,2026-07-31 09:00:00,BBLD,580.0,581.8202,0.0031383275,0.0032070875,0.6,-0.003951013088226318,0.01037981454282999,221
1,2026-07-31 09:00:00,SMSM,1775.0,1780.5114,0.0031050085,0.0039149523,0.8,-0.004813182167708874,0.010033296421170235,222
1,2026-07-31 09:00:00,AVIA,318.0,318.93726,0.0029473305,0.0035446882,0.8,0.0003465890767984092,0.0054125068709254265,223
1,2026-07-31 09:00:00,HELI,182.0,182.53561,0.0029428839,0.0021967888,0.8,-0.0036675333976745605,0.009391807951033115,224
1,2026-07-31 09:00:00,BALI,1245.0,1248.6084,0.0028982877,0.0030765533,1.0,0.0022622584365308285,0.0033698081970214844,225
1,2026-07-31 09:00:00,KETR,555.0,556.5841,0.0028542876,0.0016872883,0.6,-0.003076314926147461,0.010287140496075153,226
1,2026-07-31 09:00:00,YULE,3370.0,3379.5012,0.0028193593,0.00010681152,0.6,-0.03332718461751938,0.03959319368004799,227
1,2026-07-31 09:00:00,ITMA,1360.0,1363.8015,0.0027951957,0.00041401386,0.6,-0.0013892054557800293,0.00860445387661457,228
1,2026-07-31 09:00:00,TRUK,420.0,421.11734,0.0026602864,0.0017337799,0.8,-0.006654965691268444,0.012396406382322311,229
1,2026-07-31 09:00:00,RALS,378.0,379.00275,0.0026528002,0.00330019,0.8,-0.0013720153365284204,0.005897617433220148,230
1,2026-07-31 09:00:00,POLU,12125.0,12157.056,0.0026437403,0.0028470755,0.8,-0.006834304425865412,0.011800526641309261,231
1,2026-07-31 09:00:00,DRMA,935.0,937.45294,0.002623403,0.00071525574,0.6,-0.003714942838996649,0.010087990202009678,232
1,2026-07-31 09:00:00,BYAN,12075.0,12106.388,0.00259943,0.0025161505,0.6,-0.0027559876907616854,0.007880067452788353,233
1,2026-07-31 09:00:00,CMRY,4670.0,4681.918,0.0025520562,0.0007623434,0.6,-0.0012420177226886153,0.007157611660659313,234
1,2026-07-31 09:00:00,PEVE,330.0,330.83667,0.002535355,0.002861619,0.6,-0.005625343415886164,0.01106109470129013,235
1,2026-07-31 09:00:00,GOOD,288.0,288.726,0.0025208474,0.00095641613,0.8,-0.0006479263538494706,0.006744050420820713,236
1,2026-07-31 09:00:00,ISEA,79.0,79.198044,0.0025069476,0.0038940907,0.6,-0.005187260918319225,0.0100159402936697,237
1,2026-07-31 09:00:00,HDFA,90.0,90.22562,0.0025068521,0.0027765036,0.6,-0.0022930384147912264,0.007869910448789597,238
1,2026-07-31 09:00:00,PWON,266.0,266.6627,0.0024913312,0.004133582,0.8,-0.0013642311096191406,0.005254077725112438,239
1,2026-07-31 09:00:00,CLPI,1545.0,1548.8174,0.002470815,0.0029159784,0.6,-0.0007537960773333907,0.005474948789924383,240
1,2026-07-31 09:00:00,MPPA,47.0,47.111458,0.0023714066,0.0012607574,0.6,-0.004605209454894066,0.009403777308762074,241
1,2026-07-31 09:00:00,BWPT,80.0,80.184944,0.0023117543,0.012732506,0.6,-0.02536003664135933,0.022744273766875267,242
1,2026-07-31 09:00:00,BMRI,4140.0,4149.5493,0.0023065328,0.0010818243,0.8,-0.0014749765396118164,0.0066193100064992905,243
1,2026-07-31 09:00:00,UANG,2190.0,2195.0137,0.0022892952,0.0031775236,0.8,-0.0014006375567987561,0.005193781573325396,244
1,2026-07-31 09:00:00,GWSA,125.0,125.28603,0.0022883057,0.006394744,0.6,-0.004927956964820623,0.007200717926025391,245
1,2026-07-31 09:00:00,INET,222.0,222.50005,0.0022524477,4.887581e-05,0.6,-0.001844084239564836,0.008384441956877708,246
1,2026-07-31 09:00:00,SMLE,156.0,156.34615,0.0022188188,0.0030288696,0.6,-0.009752404876053333,0.015187142416834831,247
1,2026-07-31 09:00:00,PORT,860.0,861.8578,0.0021602034,0.0055048466,0.6,-0.00913926400244236,0.011984776705503464,248
1,2026-07-31 09:00:00,CASA,1810.0,1813.8987,0.0021539568,0.0014402866,0.6,-0.004608237650245428,0.009941434487700462,249
1,2026-07-31 09:00:00,INTP,4580.0,4589.7563,0.0021301745,0.002919197,0.8,-0.0006690025329589844,0.0043215034529566765,250
1,2026-07-31 09:00:00,ULTJ,1380.0,1382.8896,0.0020939708,0.0014582872,0.6,-0.0013323663733899593,0.006144260987639427,251
1,2026-07-31 09:00:00,KOBX,158.0,158.32852,0.0020792484,0.0034434795,0.8,-0.002438092138618231,0.005514716729521751,252
1,2026-07-31 09:00:00,FWCT,87.0,87.177795,0.0020436167,0.0033388138,0.8,-0.0041134473867714405,0.006501483730971813,253
1,2026-07-31 09:00:00,ACRO,60.0,60.11811,0.0019684196,0.0019155741,0.8,-0.0022757172118872404,0.006407498847693205,254
1,2026-07-31 09:00:00,CASS,1890.0,1893.72,0.0019682408,0.00060367584,1.0,0.0006036758422851562,0.004274797160178423,255
1,2026-07-31 09:00:00,SCMA,199.0,199.3906,0.0019627572,0.004579425,0.8,-0.006680655293166637,0.007757234387099743,256
1,2026-07-31 09:00:00,WOMF,248.0,248.48355,0.0019497394,0.0027775764,0.6,-0.0073951841332018375,0.010464882478117943,257
1,2026-07-31 09:00:00,HOKI,54.0,54.1052,0.0019481897,0.000942111,0.6,-0.003570306347683072,0.00817017536610365,258
1,2026-07-31 09:00:00,CBPE,304.0,304.5794,0.0019059181,0.0033066273,0.8,-0.0034857033751904964,0.0061962842009961605,259
1,2026-07-31 09:00:00,VKTR,715.0,716.3468,0.0018836141,0.0032233,0.8,-0.004059469792991877,0.006164145190268755,260
1,2026-07-31 09:00:00,NICL,486.0,486.89966,0.0018511296,0.0010973215,0.6,-0.0030438778921961784,0.006701231002807617,261
1,2026-07-31 09:00:00,ATLA,50.0,50.08813,0.0017626286,0.0017626286,1.0,0.0017626285552978516,0.0017626285552978516,262
1,2026-07-31 09:00:00,FIRE,106.0,106.18435,0.0017391443,0.0039669275,0.6,-0.0076530929654836655,0.009254837408661842,263
1,2026-07-31 09:00:00,PTBA,2340.0,2344.036,0.0017247439,0.0006952286,0.6,-0.0004097700002603233,0.0047636027447879314,264
1,2026-07-31 09:00:00,MLIA,230.0,230.38809,0.0016873002,0.0024540424,0.6,-0.0017642974853515625,0.004575467202812433,265
1,2026-07-31 09:00:00,AALI,6850.0,6861.4766,0.0016753674,0.0036473274,0.8,-0.004357766825705767,0.005961393937468529,266
1,2026-07-31 09:00:00,ASSA,595.0,595.98816,0.0016607165,0.0028977394,0.8,-0.006480133626610041,0.00856776162981987,267
1,2026-07-31 09:00:00,PNLF,228.0,228.37776,0.0016568184,0.0027065277,0.8,-0.0030682324431836605,0.005225658416748047,268
1,2026-07-31 09:00:00,CLEO,382.0,382.6194,0.001621449,0.002435565,0.8,-0.0072521329857409,0.00939857866615057,269
1,2026-07-31 09:00:00,INCI,665.0,665.9988,0.0015019417,0.0036809444,0.6,-0.005538427736610174,0.007377552799880505,270
1,2026-07-31 09:00:00,JTPE,610.0,610.8725,0.0014303684,0.0039987564,0.6,-0.00427632313221693,0.0055696009658277035,271
1,2026-07-31 09:00:00,PCAR,41.0,41.058334,0.0014227867,0.0028457642,0.8,-0.00648994417861104,0.007720732130110264,272
1,2026-07-31 09:00:00,HDIT,50.0,50.06514,0.0013027787,0.000349164,0.8,-5.1414972404018044e-05,0.003610586514696479,273
1,2026-07-31 09:00:00,CSMI,73.0,73.09433,0.0012921691,0.002906561,0.6,-0.01248466968536377,0.0129378791898489,274
1,2026-07-31 09:00:00,SIDO,362.0,362.456,0.0012596011,0.00239861,0.6,-0.001769769238308072,0.003707742551341653,275
1,2026-07-31 09:00:00,IRSX,312.0,312.377,0.0012084007,0.0054011345,0.6,-0.00987931527197361,0.01035153865814209,276
1,2026-07-31 09:00:00,SMDR,290.0,290.33963,0.0011711121,0.004042268,0.6,-0.007787251379340887,0.00869827251881361,277
1,2026-07-31 09:00:00,MDIY,915.0,916.0322,0.0011281132,0.0007959604,0.6,-0.0012378335231915116,0.003932451829314232,278
1,2026-07-31 09:00:00,SAFE,372.0,372.4086,0.0010983944,0.0060852766,0.6,-0.01150666456669569,0.011241340078413486,279
1,2026-07-31 09:00:00,INDF,6900.0,6907.323,0.0010614156,0.0017724037,0.8,-0.0014664173359051347,0.0030303476378321648,280
1,2026-07-31 09:00:00,PEHA,260.0,260.2728,0.0010492324,0.0023405552,0.6,-0.0037358999252319336,0.005376696586608887,281
1,2026-07-31 09:00:00,CMNP,1340.0,1341.3584,0.0010137319,0.0013896227,0.6,-0.002232968807220459,0.004285120405256748,282
1,2026-07-31 09:00:00,MDLN,50.0,50.048927,0.000978589,0.0013490915,1.0,0.0004228353500366211,0.0013490915298461914,283
1,2026-07-31 09:00:00,TINS,3560.0,3563.4172,0.0009598255,0.006358266,0.6,-0.017581366002559662,0.014407753944396973,284
1,2026-07-31 09:00:00,BBTN,1200.0,1201.1401,0.0009501696,0.0007674694,1.0,0.0005660533788613975,0.001490807393565774,285
1,2026-07-31 09:00:00,ARNA,488.0,488.46353,0.00094981195,0.0024114847,0.8,-0.003245615866035223,0.003683185437694192,286
1,2026-07-31 09:00:00,MBSS,2760.0,2762.546,0.0009224176,0.0029124022,0.6,-0.007677555084228516,0.007705187425017357,287
1,2026-07-31 09:00:00,BMAS,480.0,480.43915,0.00091490743,0.0012013912,0.8,-0.0005458116647787392,0.0020067691802978516,288
1,2026-07-31 09:00:00,BAYU,1145.0,1146.0239,0.0008942604,0.0011768341,0.6,-0.006198465824127197,0.007662296295166016,289
1,2026-07-31 09:00:00,SGRO,3260.0,3262.8218,0.0008656025,0.001126647,0.6,-0.003722465131431818,0.0053116315975785255,290
1,2026-07-31 09:00:00,JSMR,2720.0,2722.3433,0.00086146593,6.592274e-05,0.6,-0.0004227161407470703,0.002672624308615923,291
1,2026-07-31 09:00:00,TAPG,1785.0,1786.5348,0.00085982087,0.00273633,0.6,-0.006754708476364613,0.0073594567365944386,292
1,2026-07-31 09:00:00,IFII,206.0,206.17033,0.0008269191,0.0038398504,0.8,-0.009555637836456299,0.008509159088134766,293
1,2026-07-31 09:00:00,BNGA,1645.0,1646.2767,0.0007760882,0.0009088516,0.8,-0.0003172755241394043,0.001713776495307684,294
1,2026-07-31 09:00:00,HMSP,730.0,730.56116,0.00076869724,0.004148245,0.6,-0.006003296468406916,0.005714917089790106,295
1,2026-07-31 09:00:00,PEGE,92.0,92.06813,0.0007405281,0.0009663105,0.8,-0.004489588551223278,0.005507254041731358,296
1,2026-07-31 09:00:00,AISA,120.0,120.08771,0.00073093176,0.008750558,0.6,-0.02340022288262844,0.02212679199874401,297
1,2026-07-31 09:00:00,UCID,370.0,370.26538,0.0007172346,0.0014339685,0.6,-0.007898306474089622,0.008312773890793324,298
1,2026-07-31 09:00:00,MRAT,440.0,440.31464,0.000715065,0.0017111301,0.6,-0.0012924432521685958,0.002212023828178644,299
1,2026-07-31 09:00:00,BAPA,169.0,169.11978,0.0007086992,0.0013046265,0.6,-0.014811217784881592,0.017377637326717377,300
1,2026-07-31 09:00:00,VAST,112.0,112.075455,0.0006736636,0.001987934,0.6,-0.003785348031669855,0.0044324155896902084,301
1,2026-07-31 09:00:00,BBRI,2980.0,2981.946,0.00065307616,0.0037249327,0.8,-0.006220436189323664,0.004750967025756836,302
1,2026-07-31 09:00:00,UNIC,12650.0,12657.655,0.0006051779,0.0017176867,0.8,-0.004110884852707386,0.004141044337302446,303
1,2026-07-31 09:00:00,BREN,3260.0,3261.9048,0.00058431627,0.00062036514,0.6,-0.010798132047057152,0.011170410551130772,304
1,2026-07-31 09:00:00,JATI,95.0,95.05119,0.0005389452,0.0012761354,0.8,-0.006281471345573664,0.0058470009826123714,305
1,2026-07-31 09:00:00,SRTG,1735.0,1735.9274,0.0005344391,3.71933e-05,0.6,-0.0007498383056372404,0.0020213602110743523,306
1,2026-07-31 09:00:00,PNBN,900.0,900.4341,0.00048233272,0.0008341074,0.6,-0.0028077722527086735,0.0035466430708765984,307
1,2026-07-31 09:00:00,ACST,82.0,82.03842,0.0004685521,0.0035784245,0.6,-0.007267010398209095,0.006512403022497892,308
1,2026-07-31 09:00:00,LPLI,244.0,244.11104,0.00045508146,0.00091171265,0.6,-0.015272044576704502,0.014211463741958141,309
1,2026-07-31 09:00:00,ZYRX,122.0,122.04994,0.00040935277,0.0007172823,0.8,-0.0021236538887023926,0.0026147840544581413,310
1,2026-07-31 09:00:00,CEKA,2210.0,2210.8455,0.00038257838,0.0016412735,0.6,-0.004790532402694225,0.0054582348093390465,311
1,2026-07-31 09:00:00,TRUS,416.0,416.1502,0.000361073,0.0057787895,0.8,-0.010768734849989414,0.0064047095365822315,312
1,2026-07-31 09:00:00,PBID,535.0,535.18243,0.00034092664,0.0003954172,0.6,-0.00569682102650404,0.006225514225661755,313
1,2026-07-31 09:00:00,DSFI,80.0,80.026,0.00032496452,0.0004580021,0.6,-0.005294740200042725,0.006187104620039463,314
1,2026-07-31 09:00:00,BCAP,50.0,50.014725,0.00029444695,0.00029444695,1.0,0.0002944469451904297,0.0002944469451904297,315
1,2026-07-31 09:00:00,IATA,57.0,57.01422,0.00024956465,0.0005750656,0.6,-0.005996310617774725,0.007011817768216133,316
1,2026-07-31 09:00:00,NRCA,476.0,476.11615,0.0002440095,0.0009868145,0.6,-0.004417550750076771,0.0049210782162845135,317
1,2026-07-31 09:00:00,TCPI,5275.0,5276.222,0.00023173094,0.0013347864,0.6,-0.007239866070449352,0.006878947373479605,318
1,2026-07-31 09:00:00,MKAP,1165.0,1165.1755,0.00015060902,0.00020682812,0.8,-0.00010054111771751195,0.00035207270411774516,319
1,2026-07-31 09:00:00,STTP,9850.0,9850.906,9.199381e-05,0.002012968,0.6,-0.012073027901351452,0.009922241792082787,320
1,2026-07-31 09:00:00,BRAM,4480.0,4480.2144,4.787445e-05,0.00033712387,0.6,-0.008388614282011986,0.007820844650268555,321
1,2026-07-31 09:00:00,AMAN,256.0,256.01138,4.4417382e-05,0.000749588,0.8,-0.001365923904813826,0.0007495880126953125,322
2,2026-07-31 09:30:00,FAST,329.12784,339.49194,0.035169255,0.018945217,0.6,-0.010492372326552868,0.10082338750362396,1
2,2026-07-31 09:30:00,ESTI,172.37212,176.5287,0.02436788,0.019374609,1.0,0.01318745594471693,0.03831982612609863,2
2,2026-07-31 09:30:00,KOTA,146.5529,149.75586,0.022673238,0.009218454,0.6,-0.012996351346373558,0.0654815211892128,3
2,2026-07-31 09:30:00,KLIN,120.6792,122.78601,0.017898202,0.0050005913,0.6,-0.006346642971038818,0.05158960446715355,4
2,2026-07-31 09:30:00,ELTY,30.429544,30.958115,0.017620932,0.016210556,0.8,0.0007634521462023258,0.034554410725831985,5
2,2026-07-31 09:30:00,LAND,75.49357,76.73019,0.016894722,0.008752823,1.0,0.0025060654152184725,0.039645787328481674,6
2,2026-07-31 09:30:00,HATM,575.13495,584.334,0.016365707,0.008081555,0.8,-0.003183400724083185,0.044760722666978836,7
2,2026-07-31 09:30:00,TIFA,328.6849,333.69247,0.0154311415,0.014062405,0.6,-0.01171654462814331,0.04844445735216141,8
2,2026-07-31 09:30:00,BWPT,80.184944,81.22516,0.0135602,0.0047142506,0.6,-0.007375979330390692,0.04483041167259216,9
2,2026-07-31 09:30:00,SCNP,155.71771,157.50565,0.011631918,0.015866518,0.8,-0.009349560365080833,0.029025601223111153,10
2,2026-07-31 09:30:00,CAKK,136.1873,137.64865,0.011206699,4.6372414e-05,0.6,-0.0063994405791163445,0.038219183683395386,11
2,2026-07-31 09:30:00,MSIE,108.181335,109.386086,0.0110656265,0.012553334,0.8,-7.557868957519531e-05,0.02064373530447483,12
2,2026-07-31 09:30:00,AKSI,227.09494,229.49333,0.010576105,0.010930061,1.0,0.0071191550232470036,0.013578176498413086,13
2,2026-07-31 09:30:00,ATIC,473.5036,478.42535,0.010447013,0.00771904,0.8,0.002019608160480857,0.020190667361021042,14
2,2026-07-31 09:30:00,WIDI,25.374933,25.634197,0.010284173,0.009585261,0.8,0.00024863495491445065,0.020018864423036575,15
2,2026-07-31 09:30:00,LSIP,1436.3792,1450.5046,0.00995704,0.0062754154,0.6,-0.000502037990372628,0.023324918001890182,16
2,2026-07-31 09:30:00,TBMS,1171.2877,1182.6804,0.009712338,0.009099007,1.0,0.0035187960602343082,0.016275787726044655,17
2,2026-07-31 09:30:00,RELF,34.963585,35.27021,0.008829939,0.0059165955,0.6,-0.012385392561554909,0.03132591024041176,18
2,2026-07-31 09:30:00,SOCI,445.61362,449.55853,0.008795893,0.013180971,0.6,-0.004679858684539795,0.02120194211602211,19
2,2026-07-31 09:30:00,OBMD,186.35794,187.95732,0.008605575,0.006246805,0.8,0.0020293951965868473,0.016927216202020645,20
2,2026-07-31 09:30:00,SRAJ,11581.139,11680.558,0.008586573,0.0053327084,1.0,0.005219769664108753,0.014560221694409847,21
2,2026-07-31 09:30:00,KDTN,326.683,329.3907,0.008474683,0.007076502,0.6,-0.009147405624389648,0.028540370985865593,22
2,2026-07-31 09:30:00,PSDN,116.89461,117.86135,0.008473372,0.0025907755,0.8,0.0006135464063845575,0.02127668634057045,23
2,2026-07-31 09:30:00,PTSP,889.8961,897.3592,0.008446395,0.005132079,0.8,0.0010788084473460913,0.017388582229614258,24
2,2026-07-31 09:30:00,FLMC,73.18291,73.740685,0.008378637,0.015999079,0.6,-0.027399420738220215,0.039655447006225586,25
2,2026-07-31 09:30:00,BBYB,240.71355,242.67903,0.008256388,0.009617329,0.6,-0.0034166336990892887,0.019312262535095215,26
2,2026-07-31 09:30:00,AGAR,605.65906,609.6255,0.008183229,0.00014078617,0.6,-0.034626759588718414,0.059278883039951324,27
2,2026-07-31 09:30:00,MPPA,47.111458,47.493465,0.008080411,0.003161788,0.8,0.0011198044521734118,0.019023703411221504,28
2,2026-07-31 09:30:00,MPXL,152.83372,154.03697,0.007866311,0.0068250895,1.0,0.0026742457412183285,0.014726566150784492,29
2,2026-07-31 09:30:00,FITT,349.75284,352.43527,0.0077227233,0.0016037226,0.6,-0.0007658839458599687,0.02016260474920273,30
2,2026-07-31 09:30:00,MICE,513.7155,517.52795,0.0075981617,0.0029158592,0.6,-0.008053302764892578,0.025760266929864883,31
2,2026-07-31 09:30:00,SPRE,88.96468,89.62642,0.007537949,0.0076972246,0.6,-0.004581940360367298,0.020308613777160645,32
2,2026-07-31 09:30:00,LOPI,61.704693,62.16814,0.007536018,0.010195136,0.6,-0.009167706593871117,0.023078560829162598,33
2,2026-07-31 09:30:00,APLN,123.87337,124.786316,0.007379496,0.0066952705,0.8,0.0009082199539989233,0.013692140579223633,34
2,2026-07-31 09:30:00,NASA,30.187271,30.404324,0.0072708963,0.006025076,0.8,-0.0007525086402893066,0.017572209239006042,35
2,2026-07-31 09:30:00,MIRA,21.18476,21.334173,0.007082343,0.005486965,0.6,-0.012027847580611706,0.027934858575463295,36
2,2026-07-31 09:30:00,GMTD,1390.9336,1400.442,0.0070366263,0.013270378,0.6,-0.007140052504837513,0.01786944828927517,37
2,2026-07-31 09:30:00,PURA,30.735455,30.946548,0.0069696903,0.008903623,0.6,-0.001307499362155795,0.014375781640410423,38
2,2026-07-31 09:30:00,GLVA,303.00308,304.97827,0.0065518618,0.009283423,0.8,-0.0004693507216870785,0.011374401859939098,39
2,2026-07-31 09:30:00,IMAS,843.7111,849.16125,0.0065293787,0.0019710064,0.6,-0.002163696102797985,0.01773223839700222,40
2,2026-07-31 09:30:00,ALKA,1743.3461,1754.259,0.006526756,0.00018429756,0.6,-0.00723639689385891,0.02277853526175022,41
2,2026-07-31 09:30:00,LTLS,809.6193,814.82434,0.0064730644,0.008799911,0.8,-0.0012971162796020508,0.012878060340881348,42
2,2026-07-31 09:30:00,MBTO,118.57849,119.33982,0.006426537,0.0019875765,0.8,1.329183578491211e-05,0.01625492423772812,43
2,2026-07-31 09:30:00,YPAS,609.7041,613.5574,0.006400919,0.0030515194,0.6,-0.005671775434166193,0.02102026902139187,44
2,2026-07-31 09:30:00,NATO,662.4083,666.589,0.006369042,0.0025006533,0.6,-0.0040718792006373405,0.0187118761241436,45
2,2026-07-31 09:30:00,WBSA,603.63745,607.4223,0.0062598945,0.004392743,1.0,0.0022061108611524105,0.01235799677670002,46
2,2026-07-31 09:30:00,BLES,205.64517,206.93982,0.006206381,0.0015978813,0.6,-0.013412987813353539,0.02635324001312256,47
2,2026-07-31 09:30:00,ARII,272.39227,274.0699,0.006173992,0.0051859617,1.0,0.0033204792998731136,0.009751558303833008,48
2,2026-07-31 09:30:00,KLAS,75.51662,75.97634,0.0061136247,0.00547719,0.8,0.00012094981502741575,0.013221501372754574,49
2,2026-07-31 09:30:00,WMPP,23.967947,24.114666,0.0061030625,0.008693457,0.8,-0.004925203509628773,0.0135880708694458,50
2,2026-07-31 09:30:00,CBUT,814.75305,819.6616,0.0060603023,0.005622506,0.8,-0.001077163266018033,0.013619993813335896,51
2,2026-07-31 09:30:00,SINI,7219.651,7262.164,0.006028378,0.010287762,0.6,-0.015374683775007725,0.025278590619564056,52
2,2026-07-31 09:30:00,DEPO,241.2461,242.69638,0.0060094595,0.008407235,0.8,2.1886778995394707e-05,0.010383224114775658,53
2,2026-07-31 09:30:00,BSBK,51.731617,52.040455,0.005989194,0.0029803514,0.8,0.0010769128566607833,0.012247586622834206,54
2,2026-07-31 09:30:00,MSTI,1318.8226,1326.6238,0.005958033,0.0026756525,0.8,-0.00030701153445988894,0.014591645449399948,55
2,2026-07-31 09:30:00,ASLC,63.461987,63.83085,0.0058353185,0.0010682344,1.0,0.000914883625227958,0.014091061428189278,56
2,2026-07-31 09:30:00,BELL,114.729935,115.393654,0.0058058975,0.0042518377,1.0,0.0007638692623004317,0.012230586260557175,57
2,2026-07-31 09:30:00,TPMA,460.05005,462.70392,0.0057831765,0.005502701,1.0,0.0020705938804894686,0.009882902726531029,58
2,2026-07-31 09:30:00,SMKL,150.32016,151.17366,0.0056985975,0.008120775,0.8,-0.0034067986998707056,0.013076829724013805,59
2,2026-07-31 09:30:00,DOOH,235.9357,237.33755,0.00563097,0.00070536137,0.6,-0.007852554321289062,0.021814893931150436,60
2,2026-07-31 09:30:00,GTRA,242.06503,243.40616,0.005530858,0.0069104433,0.8,0.002090501831844449,0.00766754150390625,61
2,2026-07-31 09:30:00,LPLI,244.11104,245.4377,0.0055197715,0.005686283,0.6,-0.0033681869972497225,0.015121364034712315,62
2,2026-07-31 09:30:00,MKPI,21560.129,21678.309,0.005497813,0.003379941,1.0,0.0013571500312536955,0.01124427281320095,63
2,2026-07-31 09:30:00,COCO,104.55904,105.12295,0.005450952,0.005170822,0.8,0.000524198985658586,0.010439705103635788,64
2,2026-07-31 09:30:00,CPRO,50.29018,50.55946,0.005397892,0.0020701885,0.6,-0.0023267269134521484,0.015737008303403854,65
2,2026-07-31 09:30:00,CITA,3247.0835,3264.2915,0.0053458093,0.007881165,0.6,-0.0036957142874598503,0.013077497482299805,66
2,2026-07-31 09:30:00,TOSK,67.28928,67.645744,0.005315983,0.0069794655,0.8,-0.0015358804957941175,0.011462830938398838,67
2,2026-07-31 09:30:00,SMIL,404.12906,406.2275,0.0052785873,0.0030288696,0.6,-0.0036786794662475586,0.015402459539473057,68
2,2026-07-31 09:30:00,MASB,3332.444,3350.06,0.0052685975,0.00854063,0.6,-0.0036145448684692383,0.01231005135923624,69
2,2026-07-31 09:30:00,INET,222.50005,223.66484,0.0052311895,0.007904887,0.8,-0.002612471580505371,0.01074373722076416,70
2,2026-07-31 09:30:00,ASHA,55.326458,55.612907,0.0051660775,0.006602168,0.8,-0.0005199432489462197,0.010004567913711071,71
2,2026-07-31 09:30:00,JSPT,1477.7509,1485.0841,0.005088961,0.007077813,0.8,-0.007094299886375666,0.014854740351438522,72
2,2026-07-31 09:30:00,TINS,3563.4172,3581.321,0.00507673,0.004173398,0.8,-0.0003711581230163574,0.010903358459472656,73
2,2026-07-31 09:30:00,UFOE,133.21991,133.8911,0.005056882,0.0031274557,1.0,0.0029449462890625,0.008450698107481003,74
2,2026-07-31 09:30:00,DWGL,375.77762,377.71277,0.0050459383,0.004867792,0.6,-0.005133116152137518,0.015720224007964134,75
2,2026-07-31 09:30:00,OLIV,50.655205,50.906948,0.0049996614,0.007027149,0.8,-0.00205557351000607,0.011149929836392403,76
2,2026-07-31 09:30:00,PPRI,149.35477,150.0964,0.004972303,0.0043230057,0.8,-0.0004921316867694259,0.01084434986114502,77
2,2026-07-31 09:30:00,ENAK,243.68558,244.87744,0.0049343584,0.006119132,0.8,-0.002547717187553644,0.010825944133102894,78
2,2026-07-31 09:30:00,ESIP,124.94452,125.55925,0.0049342634,0.0051236153,0.8,-0.0008835553890094161,0.011285065673291683,79
2,2026-07-31 09:30:00,VRNA,75.29836,75.664986,0.0049168346,0.0024713278,0.6,-0.000707948231138289,0.012075256556272507,80
2,2026-07-31 09:30:00,MEDC,1294.9807,1301.242,0.0048995614,0.0037397146,0.6,-0.0015346884028986096,0.011744355782866478,81
2,2026-07-31 09:30:00,SILO,2056.9893,2066.953,0.004868686,0.0053960085,0.8,-0.0007977604400366545,0.010186051949858665,82
2,2026-07-31 09:30:00,SGER,452.31537,454.4816,0.004814041,0.0042482615,0.8,-0.0005354523309506476,0.010487865656614304,83
2,2026-07-31 09:30:00,KRYA,59.58552,59.86547,0.0047538755,0.0009343624,0.8,-1.9669532775878906e-05,0.013373778201639652,84
2,2026-07-31 09:30:00,SLIS,62.2382,62.529987,0.004747486,0.009353757,0.6,-0.006936800666153431,0.013931727036833763,85
2,2026-07-31 09:30:00,BCIP,63.517498,63.815014,0.004708099,0.008511424,0.8,-0.0025619983207434416,0.009550142101943493,86
2,2026-07-31 09:30:00,SEMA,96.79309,97.24584,0.004693842,0.0034922361,0.8,-0.0021075725089758635,0.012622879818081856,87
2,2026-07-31 09:30:00,PADI,64.95744,65.25079,0.004585254,0.0055680275,0.6,-0.01292949914932251,0.02349207177758217,88
2,2026-07-31 09:30:00,KKES,67.54568,67.85403,0.004569399,0.0019267797,0.6,-0.004062759689986706,0.015610836446285248,89
2,2026-07-31 09:30:00,HELI,182.53561,183.33891,0.004434073,0.0034424067,0.6,-0.001735937548801303,0.011434674263000488,90
2,2026-07-31 09:30:00,ZONE,752.7689,755.9951,0.0043863775,0.009891748,0.6,-0.009328031912446022,0.014995980076491833,91
2,2026-07-31 09:30:00,FORU,2943.7603,2956.4348,0.00438323,0.0017125607,0.6,-0.005377972032874823,0.015258931554853916,92
2,2026-07-31 09:30:00,FORE,638.46906,641.26276,0.004379702,0.0034103394,1.0,0.001984834671020508,0.00722050666809082,93
2,2026-07-31 09:30:00,SKRN,405.40976,407.14886,0.00431515,0.0016195774,0.6,-0.001663851784542203,0.013517854735255241,94
2,2026-07-31 09:30:00,TLKM,2643.9758,2655.3652,0.0043003797,0.004358053,1.0,0.001063656760379672,0.007838653400540352,95
2,2026-07-31 09:30:00,YELO,84.82234,85.18413,0.004238689,0.005215645,0.6,-0.005932879634201527,0.014166593551635742,96
2,2026-07-31 09:30:00,IOTF,51.699707,51.916748,0.0042036055,0.003119707,1.0,0.0016741991275921464,0.007399868685752153,97
2,2026-07-31 09:30:00,NCKL,875.0624,878.7362,0.004186475,0.004291415,0.8,-0.0010557770729064941,0.008953881449997425,98
2,2026-07-31 09:30:00,GULA,849.8873,853.42725,0.0041492223,0.004717827,0.8,-0.0006926059722900391,0.008762311190366745,99
2,2026-07-31 09:30:00,HOMI,177.58664,178.29861,0.004043877,0.0041276217,0.6,-0.0020942091941833496,0.01068119890987873,100
2,2026-07-31 09:30:00,PSKT,217.09085,217.95273,0.003996062,0.003330946,0.8,-0.00011906621512025595,0.008642815984785557,101
2,2026-07-31 09:30:00,AGRS,61.206566,61.44936,0.003985989,0.0032473803,0.8,-0.006010544020682573,0.013802122324705124,102
2,2026-07-31 09:30:00,SOTS,584.71844,587.04333,0.003979373,0.00412786,0.8,-7.467268733307719e-05,0.008600996807217598,103
2,2026-07-31 09:30:00,BUDI,206.6865,207.49129,0.003918886,0.0033061504,0.6,-0.0011234402190893888,0.009494208730757236,104
2,2026-07-31 09:30:00,KBLV,125.89136,126.372574,0.003824067,0.005366087,0.8,-0.002396535826846957,0.009389685466885567,105
2,2026-07-31 09:30:00,PNSE,490.45038,492.295,0.0038023472,0.0010416508,0.6,-0.004685628227889538,0.013627457432448864,106
2,2026-07-31 09:30:00,VTNY,63.009167,63.24582,0.0037737489,0.002650261,0.8,-0.004866730887442827,0.012255525216460228,107
2,2026-07-31 09:30:00,DKHH,62.29527,62.52643,0.003731072,0.0036375523,0.8,-0.003302061464637518,0.010714077390730381,108
2,2026-07-31 09:30:00,BOBA,233.22368,234.07724,0.0037088036,0.0050159693,0.6,-0.0030185459181666374,0.009921764954924583,109
2,2026-07-31 09:30:00,HMSP,730.56116,733.251,0.0036672712,0.004606724,0.8,-0.0005357384216040373,0.007069062907248735,110
2,2026-07-31 09:30:00,DKFT,653.85175,656.2362,0.0036477088,0.003603816,1.0,0.0009424209711141884,0.006550431251525879,111
2,2026-07-31 09:30:00,GPRA,104.0543,104.42452,0.0035752773,0.00415051,0.8,-0.0017714976565912366,0.008419227786362171,112
2,2026-07-31 09:30:00,CINT,172.06442,172.6765,0.003561616,0.0012859106,1.0,0.0010914087761193514,0.008307002484798431,113
2,2026-07-31 09:30:00,BULL,444.98862,446.54938,0.0035451173,0.0010641813,0.6,-0.00375553360208869,0.013546035625040531,114
2,2026-07-31 09:30:00,KICI,192.83969,193.50275,0.003486824,0.0005607605,0.6,-0.0029812573920935392,0.011850452050566673,115
2,2026-07-31 09:30:00,JECC,611.5298,613.64795,0.0034703612,0.0036804676,0.6,-0.0025839447043836117,0.009672784246504307,116
2,2026-07-31 09:30:00,BAIK,776.2342,778.91736,0.003461957,0.0044579506,0.8,-0.002583670662716031,0.008885812014341354,117
2,2026-07-31 09:30:00,LPIN,419.0605,420.49005,0.0034552217,0.0010238886,0.6,-0.002314841840416193,0.011635612696409225,118
2,2026-07-31 09:30:00,SWID,102.877846,103.229004,0.0034258484,0.0048954487,0.8,-0.0006554484134539962,0.006451439578086138,119
2,2026-07-31 09:30:00,CLEO,382.6194,383.88495,0.0033900857,0.0016189814,0.6,-0.005764520261436701,0.014778278768062592,120
2,2026-07-31 09:30:00,NANO,30.7571,30.85374,0.003354156,0.0053159,0.6,-0.008405136875808239,0.01569344848394394,121
2,2026-07-31 09:30:00,ITMG,24739.066,24820.684,0.0033067346,0.001668334,0.8,-5.828141001984477e-05,0.007385325618088245,122
2,2026-07-31 09:30:00,SQMI,66.52279,66.74036,0.0032798648,0.0035101175,0.6,-0.007136821746826172,0.014080308377742767,123
2,2026-07-31 09:30:00,BTPS,996.0331,999.2582,0.0032677173,0.0010840893,0.6,-0.0015613079303875566,0.010028218850493431,124
2,2026-07-31 09:30:00,RONY,1337.3667,1341.743,0.003240037,0.0003453493,0.8,-0.0018172264099121094,0.010095714591443539,125
2,2026-07-31 09:30:00,NSSS,1139.2131,1142.6722,0.0032049536,0.0103753805,0.6,-0.02005094289779663,0.02084176614880562,126
2,2026-07-31 09:30:00,SMDM,564.146,565.9203,0.0031967878,0.002216816,0.8,-0.004055428318679333,0.011513518169522285,127
2,2026-07-31 09:30:00,BAPI,20.448141,20.511517,0.0031763434,0.007264018,0.6,-0.009589647874236107,0.014003753662109375,128
2,2026-07-31 09:30:00,OMED,216.10779,216.78755,0.0031448484,0.0013480186,0.6,-0.0008569002384319901,0.008264875039458275,129
2,2026-07-31 09:30:00,AREA,277.56763,278.41867,0.003094244,0.0028373003,0.8,-0.004488110542297363,0.010636352933943272,130
2,2026-07-31 09:30:00,TIRA,495.0959,496.60248,0.0030710935,0.002013445,0.6,-0.0037928582169115543,0.01149134524166584,131
2,2026-07-31 09:30:00,ANDI,17.211527,17.263609,0.0030276775,0.0029149055,1.0,0.002615284873172641,0.003552841953933239,132
2,2026-07-31 09:30:00,AIMS,398.5441,399.70078,0.0030048848,0.00023472309,0.6,-0.007980668917298317,0.014429735951125622,133
2,2026-07-31 09:30:00,INDO,171.27324,171.78252,0.003002417,0.0042140484,0.6,-0.003926062490791082,0.00929477158933878,134
2,2026-07-31 09:30:00,SULI,88.240585,88.49998,0.0030011057,0.0075417757,0.6,-0.00847624521702528,0.011645196937024593,135
2,2026-07-31 09:30:00,SURI,71.45375,71.66563,0.0029795289,0.002980709,0.8,-0.002011597156524658,0.007560205180197954,136
2,2026-07-31 09:30:00,ISAT,1901.8826,1907.6045,0.0029669285,0.0023978949,0.6,-0.0038741230964660645,0.011226294562220573,137
2,2026-07-31 09:30:00,JAWA,120.76595,121.11941,0.0029394268,0.0017192364,0.8,-0.0019831061363220215,0.009020589292049408,138
2,2026-07-31 09:30:00,GWSA,125.28603,125.64913,0.0029027462,0.00069379807,0.8,-0.00041086674900725484,0.0072709559462964535,139
2,2026-07-31 09:30:00,BJBR,782.6062,784.8753,0.0029000281,0.001966238,1.0,0.0007084131357260048,0.005577945616096258,140
2,2026-07-31 09:30:00,IRSX,312.377,313.27115,0.0028812885,0.00048959255,1.0,0.0003520965692587197,0.007373976055532694,141
2,2026-07-31 09:30:00,UNTR,23878.707,23946.73,0.0028661967,0.0032199621,0.8,-0.0024779317900538445,0.007565784268081188,142
2,2026-07-31 09:30:00,DOSS,162.57779,163.01634,0.002850902,0.0032494068,0.6,-0.01999870501458645,0.02474372088909149,143
2,2026-07-31 09:30:00,GGRM,18976.719,19030.367,0.002830565,0.0033563375,0.8,-0.0005063414573669434,0.005920815281569958,144
2,2026-07-31 09:30:00,MITI,161.06894,161.51018,0.002741921,0.0027472973,0.6,-0.0005657911533489823,0.00625221710652113,145
2,2026-07-31 09:30:00,KKGI,269.76587,270.50366,0.0027183413,0.003961563,0.8,-0.0003390668425709009,0.004519534297287464,146
2,2026-07-31 09:30:00,CHEM,64.44314,64.61672,0.0027180314,0.0057344437,0.6,-0.009316837415099144,0.012200498022139072,147
2,2026-07-31 09:30:00,IKBI,568.14246,569.6712,0.0027129413,0.0033164024,0.8,-0.00373668665997684,0.008185886777937412,148
2,2026-07-31 09:30:00,MPIX,95.53635,95.793816,0.002704668,0.001693964,1.0,0.0006138801691122353,0.005648231133818626,149
2,2026-07-31 09:30:00,BDKR,155.99275,156.41383,0.002692604,0.0028197765,1.0,0.0005007028812542558,0.004896735772490501,150
2,2026-07-31 09:30:00,BISI,642.60406,644.3217,0.0026747822,0.002853036,0.8,0.0003024459583684802,0.004681587219238281,151
2,2026-07-31 09:30:00,WOOD,232.4847,233.0931,0.0026554703,0.0022027493,0.8,-0.0020511746406555176,0.007161545567214489,152
2,2026-07-31 09:30:00,ISSP,428.82404,429.9228,0.002598536,0.0006942749,0.6,-0.0018128633964806795,0.008949373848736286,153
2,2026-07-31 09:30:00,TRUS,416.1502,417.1928,0.002578938,0.0046259165,0.6,-0.010785996913909912,0.014023661613464355,154
2,2026-07-31 09:30:00,IDEA,58.63322,58.787975,0.0025767325,0.000685215,0.8,-0.003186512039974332,0.008800601586699486,155
2,2026-07-31 09:30:00,BRAM,4480.2144,4491.502,0.002556169,0.0020115376,0.8,-0.0025332332588732243,0.00819935742765665,156
2,2026-07-31 09:30:00,RODA,57.842674,57.988506,0.0025314211,0.002218604,0.6,-0.007986068725585938,0.012083816342055798,157
2,2026-07-31 09:30:00,TBLA,646.77264,648.34344,0.0024509192,0.0032504797,0.8,-0.001893114997074008,0.0064005134627223015,158
2,2026-07-31 09:30:00,APII,182.78818,183.22685,0.0024146438,0.0011842251,0.8,-0.0006475329282693565,0.005996727850288153,159
2,2026-07-31 09:30:00,ELSA,684.6162,686.2516,0.0024100065,0.0031393766,0.8,-0.0018932342063635588,0.005996513180434704,160
2,2026-07-31 09:30:00,KIOS,93.827,94.05046,0.0024099231,0.0036759377,0.6,-0.002834749175235629,0.006760597229003906,161
2,2026-07-31 09:30:00,NISP,1274.713,1277.7808,0.002402711,0.0024963617,0.8,0.0006141185876913369,0.004095148760825396,162
2,2026-07-31 09:30:00,TRGU,161.95378,162.33444,0.002385366,0.0016151667,0.6,-0.0026679635047912598,0.00799415074288845,163
2,2026-07-31 09:30:00,SAGE,32.577713,32.651115,0.0023689747,0.0031591654,0.8,-0.008617138490080833,0.012511585839092731,164
2,2026-07-31 09:30:00,ALII,722.3551,724.0497,0.0023496032,0.0033599138,0.8,-0.0020377514883875847,0.005923318676650524,165
2,2026-07-31 09:30:00,LPPS,79.21019,79.39548,0.0023444295,0.0036808252,0.6,-0.005323624238371849,0.008771633729338646,166
2,2026-07-31 09:30:00,UNIC,12657.655,12686.474,0.0022886633,0.0020908117,0.6,-0.0013269304763525724,0.006356572732329369,167
2,2026-07-31 09:30:00,BVIC,93.0343,93.24432,0.0022681474,0.004715562,0.6,-0.004031860735267401,0.007094597443938255,168
2,2026-07-31 09:30:00,ARKO,4718.2354,4728.093,0.00226202,0.0055731535,0.6,-0.012160420417785645,0.01386942807585001,169
2,2026-07-31 09:30:00,BBCA,6454.5225,6469.047,0.0022480965,0.0023169518,0.6,-0.0017894983757287264,0.006895064376294613,170
2,2026-07-31 09:30:00,GIAA,53.33449,53.452515,0.002232027,0.0016400814,0.6,-0.0051774620078504086,0.01104869693517685,171
2,2026-07-31 09:30:00,SPTO,603.1163,604.4501,0.0022095323,0.0014555454,0.8,-0.0006199479103088379,0.005467534065246582,172
2,2026-07-31 09:30:00,BUKA,117.51642,117.76189,0.002187586,0.0029674768,0.8,-0.006328463554382324,0.010129117406904697,173
2,2026-07-31 09:30:00,GGRP,294.50803,295.1301,0.0021389246,0.0036894083,0.8,-0.003381872083991766,0.0062476396560668945,174
2,2026-07-31 09:30:00,PDPP,276.8864,277.45096,0.0021330237,0.0048418045,0.6,-0.008510351181030273,0.011048030108213425,175
2,2026-07-31 09:30:00,MGRO,684.2562,685.6629,0.0021036149,0.0066426992,0.6,-0.007259916979819536,0.00847775861620903,176
2,2026-07-31 09:30:00,DSSA,848.0316,849.81213,0.0020882725,0.0014908314,0.8,-0.0019679665565490723,0.006215667352080345,177
2,2026-07-31 09:30:00,MAHA,142.37427,142.67087,0.0020864368,0.0015839338,0.8,-0.0006193279987201095,0.004949044901877642,178
2,2026-07-31 09:30:00,BABY,186.1998,186.58849,0.0020807385,0.0023453236,0.6,-0.0026248572394251823,0.006307053379714489,179
2,2026-07-31 09:30:00,JPFA,2163.9316,2168.42,0.0020704388,0.004197359,0.6,-0.0016815781127661467,0.004856109619140625,180
2,2026-07-31 09:30:00,BBRM,113.72429,113.956436,0.0020584941,0.0036206245,0.6,-0.00920320674777031,0.011470794677734375,181
2,2026-07-31 09:30:00,TAMU,21.322514,21.364998,0.0020547032,0.006559372,0.8,-0.008902084082365036,0.009400343522429466,182
2,2026-07-31 09:30:00,PANR,412.95737,413.78555,0.0020065666,0.0021492243,0.8,-0.0014544129371643066,0.005115866661071777,183
2,2026-07-31 09:30:00,SMKM,69.76418,69.90021,0.0019946576,0.0005836487,0.6,-0.006033134646713734,0.010030269622802734,184
2,2026-07-31 09:30:00,PEGE,92.06813,92.24601,0.001959288,0.00019776821,0.6,-0.004074299242347479,0.009032439440488815,185
2,2026-07-31 09:30:00,PSAB,427.45395,428.2757,0.001958108,0.0027133226,0.6,-0.0038456798065453768,0.008003258146345615,186
2,2026-07-31 09:30:00,INPP,686.2118,687.55035,0.001956892,0.0019277334,0.6,-0.0019749284256249666,0.0060901641845703125,187
2,2026-07-31 09:30:00,PTPS,144.47916,144.74564,0.0019290328,0.002368331,0.8,-0.008300721645355225,0.010864591225981712,188
2,2026-07-31 09:30:00,RANC,502.0768,503.0362,0.001928091,0.0035424232,0.8,-0.0034440041054040194,0.005542016122490168,189
2,2026-07-31 09:30:00,CLAY,2329.4055,2333.849,0.0019207835,0.0017582178,0.6,-0.005336952395737171,0.009963606484234333,190
2,2026-07-31 09:30:00,JTPE,610.8725,612.0236,0.0018962144,0.0015616417,0.6,-0.0028129101265221834,0.006647419650107622,191
2,2026-07-31 09:30:00,BREN,3261.9048,3268.099,0.0018792867,0.0005431175,0.6,-0.005680823232978582,0.00961599312722683,192
2,2026-07-31 09:30:00,BINA,3990.7688,3998.3,0.0018598795,0.0011246204,0.6,-0.003655803157016635,0.007370328530669212,193
2,2026-07-31 09:30:00,ISEA,79.198044,79.34464,0.0018570423,0.0016849041,0.8,-0.0009023666498251259,0.004758333787322044,194
2,2026-07-31 09:30:00,SICO,111.11161,111.31523,0.0018438458,0.0031756163,0.8,-0.002401983831077814,0.005104780197143555,195
2,2026-07-31 09:30:00,DRMA,937.45294,939.1532,0.0018139004,0.0020651817,0.8,-0.0022201419342309237,0.005395674146711826,196
2,2026-07-31 09:30:00,BOLT,791.08966,792.47235,0.0017748475,0.00199759,0.8,-0.004119408316910267,0.007175874430686235,197
2,2026-07-31 09:30:00,ASMI,16.214634,16.237925,0.0017603397,0.0067722797,0.6,-0.01959782838821411,0.01931457407772541,198
2,2026-07-31 09:30:00,AMAG,381.46844,382.13654,0.001760006,0.0016769171,0.8,-0.0009061336750164628,0.0042331931181252,199
2,2026-07-31 09:30:00,UNTD,79.34218,79.480354,0.0017562986,0.0037692785,0.6,-0.001921451068483293,0.004343700595200062,200
2,2026-07-31 09:30:00,HOKI,54.1052,54.19917,0.0017359018,0.00082182884,0.6,-0.006608402822166681,0.01077578030526638,201
2,2026-07-31 09:30:00,PYFA,203.06116,203.41496,0.0017296314,0.0005732775,0.6,-0.003957295324653387,0.00797643605619669,202
2,2026-07-31 09:30:00,MTLA,513.3168,514.1954,0.0017134428,0.00031769276,1.0,0.00023641585721634328,0.003984284121543169,203
2,2026-07-31 09:30:00,MBAP,1400.5781,1402.9785,0.0017117619,0.0013563633,0.6,-0.0006747365114279091,0.004562401212751865,204
2,2026-07-31 09:30:00,AADI,9250.607,9266.261,0.0017082095,0.0021964312,0.8,-0.0007105469703674316,0.0037400959990918636,205
2,2026-07-31 09:30:00,MPOW,103.67622,103.84971,0.0017060041,0.0008460283,0.6,-0.00523683987557888,0.008802056312561035,206
2,2026-07-31 09:30:00,PEHA,260.2728,260.70486,0.0016711354,0.0007916689,0.6,-0.0018662691581994295,0.006508277729153633,207
2,2026-07-31 09:30:00,CPIN,3255.288,3260.6704,0.0016593694,0.0026026964,0.6,-0.0018166184891015291,0.004699182230979204,208
2,2026-07-31 09:30:00,FPNI,323.72046,324.24332,0.001650548,0.0027016401,0.8,-0.0033469200134277344,0.005980920512229204,209
2,2026-07-31 09:30:00,TRUK,421.11734,421.79477,0.0016310572,0.0034884214,0.6,-0.0057891132310032845,0.008310460485517979,210
2,2026-07-31 09:30:00,TARA,29.956842,30.005398,0.0016265989,0.0014476776,0.6,-0.0057450770400464535,0.009105443954467773,211
2,2026-07-31 09:30:00,BUAH,496.7977,497.58,0.0015770197,0.0008702278,1.0,0.0002583742025308311,0.003345966339111328,212
2,2026-07-31 09:30:00,FMII,248.66423,249.05563,0.0015760422,0.0018246174,0.8,0.00030522345332428813,0.0025629280135035515,213
2,2026-07-31 09:30:00,PMJS,108.64177,108.811806,0.0015718698,0.0006992817,0.6,-0.004368126392364502,0.008127069100737572,214
2,2026-07-31 09:30:00,INKP,8239.365,8252.223,0.0015575528,0.0014500618,0.8,0.00012720824452117085,0.002981924917548895,215
2,2026-07-31 09:30:00,SGRO,3262.8218,3267.8633,0.0015498042,0.0014933348,0.6,-0.001387441181577742,0.004681920632719994,216
2,2026-07-31 09:30:00,WINR,20.168991,20.190193,0.0015219093,0.009765625,0.8,-0.02561875618994236,0.02080204337835312,217
2,2026-07-31 09:30:00,ERAA,401.29474,401.88605,0.0015136122,0.00064241886,0.8,-0.0027999042067676783,0.00655438844114542,218
2,2026-07-31 09:30:00,SKBM,538.98987,539.7997,0.0014975548,0.0016030073,0.8,-0.0021664858795702457,0.005067872814834118,219
2,2026-07-31 09:30:00,HRUM,819.8463,821.0702,0.0014942407,0.0019773245,0.6,-0.005891287233680487,0.008527373895049095,220
2,2026-07-31 09:30:00,ERTX,174.3177,174.57442,0.0014905691,0.0032105446,0.6,-0.011074865236878395,0.012447857297956944,221
2,2026-07-31 09:30:00,MGNA,122.88176,123.06633,0.0014628649,0.007105708,0.6,-0.03190014511346817,0.028651617467403412,222
2,2026-07-31 09:30:00,BHIT,25.895716,25.932703,0.0014285684,0.0022038221,0.8,-8.451868779957294e-06,0.002203822135925293,223
2,2026-07-31 09:30:00,MAYA,196.70189,196.97444,0.0014139056,0.0017422438,0.6,-0.0034249303862452507,0.005802893545478582,224
2,2026-07-31 09:30:00,LUCK,107.64183,107.7314,0.0014027476,0.0014904737,0.6,-0.01897643879055977,0.021883510053157806,225
2,2026-07-31 09:30:00,KPIG,80.93601,81.04926,0.0014006853,0.0021250248,0.6,-0.003345143748447299,0.006065964233130217,226
2,2026-07-31 09:30:00,INDF,6907.323,6916.9897,0.0013986587,0.0016361475,1.0,0.0007351875538006425,0.001954626990482211,227
2,2026-07-31 09:30:00,LCKM,108.384544,108.536156,0.0013971806,0.00038444996,0.6,-0.0008752346038818359,0.004221463110297918,228
2,2026-07-31 09:30:00,SDPC,179.79007,180.03825,0.0013931036,0.0072205067,0.6,-0.009234428405761719,0.007750320248305798,229
2,2026-07-31 09:30:00,AMAN,256.01138,256.36664,0.0013887405,0.0020911694,0.8,-5.347728438209742e-05,0.0024866340681910515,230
2,2026-07-31 09:30:00,SAMF,277.38348,277.76505,0.0013756991,0.0010547638,0.6,-0.000747811805922538,0.00378992548212409,231
2,2026-07-31 09:30:00,PGEO,1017.7609,1019.1543,0.0013670444,0.0010763407,0.8,-0.0014725207583978772,0.0043149469420313835,232
2,2026-07-31 09:30:00,ASPR,148.12607,148.3276,0.0013576865,0.001360178,0.6,-0.0022431015968322754,0.005205082707107067,233
2,2026-07-31 09:30:00,LABA,93.34103,93.46268,0.0013169646,0.0011941195,0.6,-0.004237187094986439,0.007647608872503042,234
2,2026-07-31 09:30:00,STAA,1108.7697,1110.2456,0.0013148307,0.00061893463,0.6,-0.005812990479171276,0.00935511477291584,235
2,2026-07-31 09:30:00,PJHB,165.04309,165.262,0.0013032317,0.0003092289,0.6,-0.0024175166618078947,0.005543446633964777,236
2,2026-07-31 09:30:00,HUMI,131.94412,132.11717,0.0012951493,0.00015890598,0.6,-0.006686806678771973,0.010406684130430222,237
2,2026-07-31 09:30:00,NZIA,137.37183,137.54466,0.0012817144,0.0027314425,0.8,-0.007889414206147194,0.008602905087172985,238
2,2026-07-31 09:30:00,MLBI,6524.435,6532.7393,0.0012808085,0.0032161474,0.6,-0.0023496984504163265,0.003800296690315008,239
2,2026-07-31 09:30:00,WINE,152.01114,152.20372,0.0012701272,0.0015604496,0.8,-0.0006138086318969727,0.002873444464057684,240
2,2026-07-31 09:30:00,MAPI,1511.7708,1513.6494,0.0012522817,0.0007339716,0.8,-0.002346813678741455,0.00475044222548604,241
2,2026-07-31 09:30:00,AGII,2901.9136,2905.525,0.001247871,0.0016168356,0.8,-0.005231320858001709,0.006719207391142845,242
2,2026-07-31 09:30:00,BIRD,1603.686,1605.6821,0.0012447357,0.0015901327,0.8,0.00041379930917173624,0.0017499446403235197,243
2,2026-07-31 09:30:00,CTBN,4267.2007,4272.339,0.0012212514,0.003942013,0.6,-0.005397975444793701,0.006296038627624512,244
2,2026-07-31 09:30:00,SRTG,1735.9274,1738.0325,0.0012147784,0.0008804798,0.6,-0.0004237174871377647,0.0032470461446791887,245
2,2026-07-31 09:30:00,SAME,299.4147,299.7757,0.0012042761,0.0021071434,0.6,-0.0021061538718640804,0.004052639007568359,246
2,2026-07-31 09:30:00,BBRI,2981.946,2985.4602,0.0011637092,0.0016695261,0.8,-0.0021396041847765446,0.0040815589018166065,247
2,2026-07-31 09:30:00,INPC,135.5114,135.6647,0.0011478901,0.0018491745,0.6,-0.002968859625980258,0.005098700523376465,248
2,2026-07-31 09:30:00,BUMI,159.87988,160.05888,0.0011277318,0.0032132864,0.6,-0.007521891500800848,0.008602023124694824,249
2,2026-07-31 09:30:00,TUGU,1199.6263,1200.981,0.0011208535,4.1604042e-05,0.6,-0.0018104196060448885,0.005395983811467886,250
2,2026-07-31 09:30:00,SFAN,1963.4232,1965.6052,0.0011105656,0.001383543,0.8,1.4436256606131792e-05,0.001968860626220703,251
2,2026-07-31 09:30:00,TRJA,111.139915,111.26113,0.001088047,0.0001142025,0.6,-0.0010415673023089767,0.004233288578689098,252
2,2026-07-31 09:30:00,TMAS,121.6642,121.793564,0.0010728597,0.0015381575,0.6,-0.0017251133685931563,0.0037423132453113794,253
2,2026-07-31 09:30:00,MERK,3909.355,3913.5117,0.0010688186,0.0016105175,0.8,-0.002493893960490823,0.003969073295593262,254
2,2026-07-31 09:30:00,REAL,50.28511,50.338264,0.0010652542,0.0007067919,0.6,-0.0023113370407372713,0.004832553677260876,255
2,2026-07-31 09:30:00,ADES,37095.324,37133.758,0.0010529279,0.002208352,0.6,-0.004216921515762806,0.005761169828474522,256
2,2026-07-31 09:30:00,PORT,861.8578,862.67255,0.0010254144,0.0040500164,0.6,-0.010294949635863304,0.009701180271804333,257
2,2026-07-31 09:30:00,JRPT,1074.3696,1075.4604,0.0010155917,0.0007288456,1.0,0.00025031567201949656,0.0019503592047840357,258
2,2026-07-31 09:30:00,MSIN,390.11176,390.50253,0.0010050178,0.002512455,0.6,-0.00478396425023675,0.006388568319380283,259
2,2026-07-31 09:30:00,AMOR,342.3841,342.71445,0.0009944678,0.0045132637,0.8,-0.007359528448432684,0.00604169350117445,260
2,2026-07-31 09:30:00,PNBN,900.4341,901.2881,0.0009475589,0.0009096861,0.6,-0.00023499727831222117,0.0022028207313269377,261
2,2026-07-31 09:30:00,MAIN,709.1437,709.8045,0.00094448327,0.0015476942,0.6,-0.0016026615630835295,0.0033934114035218954,262
2,2026-07-31 09:30:00,BNII,188.43765,188.61188,0.00092630385,0.00067162514,0.6,-0.0019104123348370194,0.004079747013747692,263
2,2026-07-31 09:30:00,DFAM,79.057655,79.12895,0.00092508795,0.0038644075,0.6,-0.007150113582611084,0.007202482316643,264
2,2026-07-31 09:30:00,ITMA,1363.8015,1364.9927,0.00087435247,0.0026272535,0.6,-0.004407167434692383,0.005255245603621006,265
2,2026-07-31 09:30:00,FWCT,87.177795,87.250404,0.00086610316,0.0013468266,0.6,-0.007279717829078436,0.00847477838397026,266
2,2026-07-31 09:30:00,MSKY,57.806316,57.854687,0.0008616209,0.0014622211,0.6,-0.008642386645078659,0.009921788237988949,267
2,2026-07-31 09:30:00,CCSI,246.89285,247.10147,0.0008511543,0.00040352345,0.8,-0.003950690850615501,0.005906748119741678,268
2,2026-07-31 09:30:00,PPGL,209.10445,209.27945,0.0008472443,0.0013389587,0.6,-0.003952407743781805,0.00508162984624505,269
2,2026-07-31 09:30:00,STTP,9850.906,9859.002,0.0008449197,0.0019880533,0.8,-0.003455889178439975,0.004060220438987017,270
2,2026-07-31 09:30:00,HEXA,4464.2256,4467.921,0.0008382678,0.00044620037,0.6,-0.003080999944359064,0.004650688264518976,271
2,2026-07-31 09:30:00,BAYU,1146.0239,1146.9355,0.0008024931,0.00010097027,0.6,-0.002056980039924383,0.004378056153655052,272
2,2026-07-31 09:30:00,ITIC,214.3674,214.53459,0.00079631805,0.0014189482,0.8,-0.004152321722358465,0.004824781324714422,273
2,2026-07-31 09:30:00,PANS,1565.2783,1566.5162,0.00079089403,0.00064468384,0.6,-0.0006774783250875771,0.002401590347290039,274
2,2026-07-31 09:30:00,CENT,80.35829,80.41605,0.0007689476,0.0016810894,0.6,-0.010912859812378883,0.011127471923828125,275
2,2026-07-31 09:30:00,BGTG,111.41945,111.503494,0.00076738594,0.0020999908,0.8,-0.003322255564853549,0.003698062850162387,276
2,2026-07-31 09:30:00,UNVR,1710.7672,1712.0476,0.00074766873,0.0014252663,0.8,-0.0008718371391296387,0.0019554614555090666,277
2,2026-07-31 09:30:00,ANTM,2832.9915,2835.0662,0.00073451997,0.0030030012,0.6,-0.003599143121391535,0.003887343453243375,278
2,2026-07-31 09:30:00,CFIN,340.22742,340.45087,0.0006696582,0.0015531778,0.8,-0.0031107545364648104,0.0035690306685864925,279
2,2026-07-31 09:30:00,MDIY,916.0322,916.63904,0.0006670356,0.0012786388,0.8,-0.0026969551108777523,0.003491973504424095,280
2,2026-07-31 09:30:00,SUNI,720.6832,721.1511,0.00065743923,0.0020421743,0.6,-0.0033999918960034847,0.003943800926208496,281
2,2026-07-31 09:30:00,TOOL,65.58557,65.62539,0.0006192565,0.00028550625,0.6,-0.005574298091232777,0.006686162203550339,282
2,2026-07-31 09:30:00,ARGO,1180.1462,1180.8575,0.0006078005,0.0015780926,0.6,-0.0010265111923217773,0.0016928196419030428,283
2,2026-07-31 09:30:00,PAMG,57.072823,57.10539,0.00057725905,0.0023901463,0.6,-0.00890584010630846,0.009315943345427513,284
2,2026-07-31 09:30:00,AALI,6861.4766,6865.2354,0.00055782794,0.0003939867,0.6,-0.001595664070919156,0.003037976799532771,285
2,2026-07-31 09:30:00,BEER,75.20738,75.248276,0.0005550742,0.004501462,0.6,-0.007110774517059326,0.005607867147773504,286
2,2026-07-31 09:30:00,MIDI,289.19684,289.35355,0.00054260495,0.00096070766,0.8,-0.001347315264865756,0.0018649816047400236,287
2,2026-07-31 09:30:00,PEVE,330.83667,331.00757,0.0005422473,0.004178047,0.6,-0.005349266342818737,0.004382729530334473,288
2,2026-07-31 09:30:00,SPMA,162.34183,162.42725,0.0005421758,0.0025494099,0.6,-0.004114341922104359,0.004071068949997425,289
2,2026-07-31 09:30:00,GMFI,55.80578,55.832222,0.0004980803,0.0019917488,0.6,-0.007814835757017136,0.007790517061948776,290
2,2026-07-31 09:30:00,BELI,252.55904,252.68025,0.00047659874,0.00039160252,0.8,-0.002659749938175082,0.0033509491477161646,291
2,2026-07-31 09:30:00,VAST,112.075455,112.12632,0.0004764676,0.0018465519,0.6,-0.009945976547896862,0.0095472801476717,292
2,2026-07-31 09:30:00,PTSN,267.9016,268.0167,0.00046728848,0.004818082,0.6,-0.008389043621718884,0.007211017422378063,293
2,2026-07-31 09:30:00,BNGA,1646.2767,1647.0234,0.00045366288,0.00030493736,0.8,-0.00013473033322952688,0.0012030124198645353,294
2,2026-07-31 09:30:00,MTDL,510.60114,510.82544,0.0004385948,0.0006175041,0.6,-0.0017407297855243087,0.0026278733275830746,295
2,2026-07-31 09:30:00,MDLN,50.048927,50.070827,0.00043778418,3.6239624e-05,1.0,3.62396240234375e-05,0.0010401010513305664,296
2,2026-07-31 09:30:00,OASA,319.44672,319.57144,0.00041056873,0.0012619495,0.6,-0.010286402888596058,0.009927868843078613,297
2,2026-07-31 09:30:00,HRME,42.981388,42.990826,0.0004042387,0.001735568,0.8,-0.010150718502700329,0.009852122515439987,298
2,2026-07-31 09:30:00,VOKS,202.94756,203.02716,0.00038961173,0.0019161701,0.6,-0.004380858037620783,0.004255223087966442,299
2,2026-07-31 09:30:00,GOLF,158.13358,158.17682,0.0002793193,0.00011062622,0.6,-0.0022288798354566097,0.0030263897497206926,300
2,2026-07-31 09:30:00,NICL,486.89966,487.03888,0.0002779007,0.000936985,0.6,-0.004489016719162464,0.004367899615317583,301
2,2026-07-31 09:30:00,BBHI,900.11487,900.3576,0.0002694726,0.0016195774,0.8,-0.002324020955711603,0.0017417430644854903,302
2,2026-07-31 09:30:00,NETV,50.225098,50.234966,0.00022730828,0.0025960207,0.6,-0.007782661821693182,0.006758141331374645,303
2,2026-07-31 09:30:00,URBN,209.5098,209.5612,0.0002197981,0.0023183823,0.6,-0.008286869153380394,0.006796264089643955,304
2,2026-07-31 09:30:00,ADMR,1492.863,1493.177,0.00021169186,0.00064873695,0.8,-0.0020293472334742546,0.0019124506507068872,305
2,2026-07-31 09:30:00,KRAS,216.86661,216.91716,0.00020827055,0.004413843,0.6,-0.009951889514923096,0.00702819786965847,306
2,2026-07-31 09:30:00,EURO,1951.0397,1951.3802,0.00017561912,0.00048339367,0.6,-0.0029928446747362614,0.0030528069473803043,307
2,2026-07-31 09:30:00,PNBS,49.996162,50.002506,0.00012687445,0.00013291836,0.8,-3.041028685402125e-05,0.0002781152434181422,308
2,2026-07-31 09:30:00,SMAR,5651.278,5651.8813,0.00012152195,0.00059747696,0.6,-0.0038115144707262516,0.003781342413276434,309
2,2026-07-31 09:30:00,BOLA,162.61606,162.63446,0.00011948347,0.00073230267,0.6,-0.0050639864057302475,0.004633879289031029,310
2,2026-07-31 09:30:00,GOLD,268.81454,268.82986,6.654263e-05,0.00023639202,0.6,-0.004058325197547674,0.003903007134795189,311
2,2026-07-31 09:30:00,MBMA,485.383,485.3916,4.5931338e-05,0.0009776354,0.6,-0.004822647664695978,0.004280161578208208,312
2,2026-07-31 09:30:00,WEGE,49.99023,49.99091,1.3589859e-05,1.3589859e-05,1.0,1.3589859008789062e-05,1.3589859008789062e-05,313
2,2026-07-31 09:30:00,BCAP,50.014725,50.01496,4.7683716e-06,4.7683716e-06,1.0,4.76837158203125e-06,4.76837158203125e-06,314
2,2026-07-31 09:30:00,ATLA,50.08813,50.08831,3.5762787e-06,3.5762787e-06,1.0,3.5762786865234375e-06,3.5762786865234375e-06,315
2,2026-07-31 09:30:00,TEBE,1103.2673,1103.2776,3.5762787e-06,0.0023655891,0.8,-0.0068756104446947575,0.004862022120505571,316
2,2026-07-31 09:30:00,MAXI,49.98931,49.989357,9.536743e-07,9.536743e-07,1.0,9.5367431640625e-07,9.5367431640625e-07,317
3,2026-07-31 10:00:00,ERTX,174.57442,178.02681,0.019372236,0.0014048815,0.6,-0.003780317259952426,0.06063190847635269,1
3,2026-07-31 10:00:00,KREN,13.576376,13.822467,0.018689787,0.01169467,0.8,0.0012936950661242008,0.039321184158325195,2
3,2026-07-31 10:00:00,INPS,652.76697,664.2624,0.01822251,0.010154009,0.8,0.002649843692779541,0.04129337891936302,3
3,2026-07-31 10:00:00,ANDI,17.263609,17.493366,0.013172174,0.0027745962,1.0,0.0018260478973388672,0.03292662650346756,4
3,2026-07-31 10:00:00,NICK,1215.936,1231.7461,0.013113034,0.016270757,0.8,0.0035577896051108837,0.02064671367406845,5
3,2026-07-31 10:00:00,BAPI,20.511517,20.75878,0.0121358875,0.0042079687,0.8,-0.0037990331184118986,0.0345521904528141,6
3,2026-07-31 10:00:00,MPRO,10071.593,10183.615,0.011161876,0.010324359,0.8,-0.004568171221762896,0.027437923476099968,7
3,2026-07-31 10:00:00,ISAP,24.53238,24.785477,0.01065358,0.0111198425,0.6,-0.011725138872861862,0.033781833946704865,8
3,2026-07-31 10:00:00,SUPA,607.6907,613.548,0.009646821,0.009883165,1.0,0.005574822425842285,0.013697766698896885,9
3,2026-07-31 10:00:00,FUTR,280.40115,283.05136,0.009489715,0.013563633,0.8,-0.0021872399374842644,0.01857309229671955,10
3,2026-07-31 10:00:00,TLDN,517.3877,522.2713,0.009459758,0.009788752,1.0,0.0014675140846520662,0.018099235370755196,11
3,2026-07-31 10:00:00,SOCI,449.55853,453.78595,0.009313869,0.010490537,0.6,-0.007139896973967552,0.024250198155641556,12
3,2026-07-31 10:00:00,MAPB,1158.9467,1169.5994,0.00921545,0.0066137314,0.6,-0.0009873986709862947,0.02255113050341606,13
3,2026-07-31 10:00:00,WGSH,154.7698,156.17456,0.009095061,0.0037503242,0.8,-0.000341951847076416,0.02285756915807724,14
3,2026-07-31 10:00:00,ARTA,2429.9138,2449.651,0.008305704,0.006981492,0.8,-0.008278453722596169,0.024378370493650436,15
3,2026-07-31 10:00:00,PLAN,38.602528,38.915966,0.00814935,0.008017182,0.8,-0.006026589777320623,0.023002909496426582,16
3,2026-07-31 10:00:00,BBRM,113.956436,114.89097,0.007995009,0.0025442839,0.6,-0.003762793494388461,0.02442319132387638,17
3,2026-07-31 10:00:00,ALKA,1754.259,1767.9199,0.007830334,0.00496161,0.8,-0.005136513616889715,0.023508355021476746,18
3,2026-07-31 10:00:00,NSSS,1142.6722,1151.0149,0.007342875,0.0008481741,0.6,-0.0008517741807736456,0.018808793276548386,19
3,2026-07-31 10:00:00,KSIX,282.99527,284.93637,0.0068768263,0.0051258802,0.8,0.001437282538972795,0.013607906177639961,20
3,2026-07-31 10:00:00,AGAR,609.6255,613.61523,0.006769204,0.0052388906,1.0,0.0020484209526330233,0.012746976688504219,21
3,2026-07-31 10:00:00,ALDO,848.43884,853.9718,0.0065983655,0.008494616,0.6,-0.0038734078407287598,0.016193818300962448,22
3,2026-07-31 10:00:00,NASA,30.404324,30.60112,0.0065911054,0.0024898052,0.6,-0.0032103657722473145,0.018164753913879395,23
3,2026-07-31 10:00:00,GMFI,55.832222,56.18513,0.006363988,0.0014077425,1.0,0.0006437062984332442,0.016906974837183952,24
3,2026-07-31 10:00:00,BATR,89.03253,89.58936,0.006268108,0.008942008,0.8,0.0010592818725854158,0.009564876556396484,25
3,2026-07-31 10:00:00,BLTA,32.119675,32.31988,0.006220174,0.008911133,0.8,-0.004315972328186035,0.014546727761626244,26
3,2026-07-31 10:00:00,BAJA,228.94597,230.33398,0.0060057044,0.009309053,0.8,-0.005620467476546764,0.015020202845335007,27
3,2026-07-31 10:00:00,AEGS,42.66282,42.914455,0.005896032,0.0062589645,0.8,-0.0006427168846130371,0.01255652867257595,28
3,2026-07-31 10:00:00,SMKM,69.90021,70.30319,0.0058290004,0.0009664297,0.6,-0.00889366865158081,0.024949142709374428,29
3,2026-07-31 10:00:00,MSKY,57.854687,58.190857,0.0058166264,0.0070790052,0.8,-0.0034157992340624332,0.013820266351103783,30
3,2026-07-31 10:00:00,MYOH,1035.0276,1041.0372,0.0058087585,0.0053458214,1.0,0.0016789436340332031,0.010404776781797409,31
3,2026-07-31 10:00:00,TARA,30.005398,30.178411,0.0057760477,0.0024518967,1.0,0.001423954963684082,0.012296246364712715,32
3,2026-07-31 10:00:00,FUJI,205.73955,206.93596,0.005703819,0.0052131414,0.6,-0.006876266095787287,0.020277880132198334,33
3,2026-07-31 10:00:00,ELTY,30.958115,31.12698,0.005667448,0.0027389526,0.8,-0.006675601005554199,0.020693181082606316,34
3,2026-07-31 10:00:00,RIGS,669.2717,673.01697,0.00566051,0.009655952,0.8,-0.004208659753203392,0.012943267822265625,35
3,2026-07-31 10:00:00,UNTR,23946.73,24076.816,0.0054292204,0.005804777,1.0,0.0030473233200609684,0.00784997921437025,36
3,2026-07-31 10:00:00,NAYZ,55.045082,55.339935,0.0053773522,0.0043144226,0.8,-0.00037666549906134605,0.011516045778989792,37
3,2026-07-31 10:00:00,NTBK,93.68038,94.18005,0.0053750994,0.005481243,0.8,0.0007778644794598222,0.009546637535095215,38
3,2026-07-31 10:00:00,BCIP,63.815014,64.15187,0.005302012,0.006571412,0.8,0.00012139091268181801,0.009225726127624512,39
3,2026-07-31 10:00:00,HAJJ,103.68758,104.21519,0.005083108,0.0034006834,0.8,-0.005319499876350164,0.015694474801421165,40
3,2026-07-31 10:00:00,MOLI,267.6562,269.01178,0.0050705434,0.009842992,0.6,-0.006771492771804333,0.014175343327224255,41
3,2026-07-31 10:00:00,NETV,50.234966,50.488487,0.0050524473,0.004202485,1.0,0.0013374567497521639,0.009573101066052914,42
3,2026-07-31 10:00:00,KKES,67.85403,68.19583,0.0049577355,0.00895679,0.8,-0.012998020276427269,0.018092989921569824,43
3,2026-07-31 10:00:00,NEST,694.4861,697.88586,0.0049462677,0.006403327,0.8,-0.0029711842071264982,0.011765837669372559,44
3,2026-07-31 10:00:00,PTIS,266.93655,268.1914,0.004799187,0.006697774,0.8,-0.00795217789709568,0.015223312191665173,45
3,2026-07-31 10:00:00,INKP,8252.223,8291.433,0.0047536613,0.0023670197,1.0,0.0017124653095379472,0.009198927320539951,46
3,2026-07-31 10:00:00,FLMC,73.740685,74.08295,0.004717839,0.009004116,0.8,-0.012465703301131725,0.018817923963069916,47
3,2026-07-31 10:00:00,TRIN,320.93567,322.42145,0.004632652,0.005853653,0.8,-0.0029848695266991854,0.011220574378967285,48
3,2026-07-31 10:00:00,BCIC,125.81608,126.387024,0.004550493,0.004524231,0.8,-0.0005436300998553634,0.009900139644742012,49
3,2026-07-31 10:00:00,DOOH,237.33755,238.50235,0.0045067547,0.0013397932,0.6,-0.010761415585875511,0.022870417684316635,50
3,2026-07-31 10:00:00,DOID,211.4353,212.37973,0.0044697165,0.0030525923,0.8,-0.0015477299457415938,0.011254477314651012,51
3,2026-07-31 10:00:00,GIAA,53.452515,53.689526,0.004454696,0.0062782764,0.6,-0.002690935041755438,0.010476326569914818,52
3,2026-07-31 10:00:00,ELIT,172.10783,172.8669,0.004410899,0.00461936,0.8,0.0008900524117052555,0.007725810632109642,53
3,2026-07-31 10:00:00,SKBM,539.7997,542.1768,0.0043963073,0.0061125755,0.8,-0.000621449900791049,0.008441900834441185,54
3,2026-07-31 10:00:00,KONI,2452.375,2462.5327,0.0041467426,0.004647851,1.0,0.002232456114143133,0.005911803338676691,55
3,2026-07-31 10:00:00,LPCK,523.0223,525.16327,0.0041215895,0.0037691593,1.0,0.0017294646240770817,0.006838345434516668,56
3,2026-07-31 10:00:00,YULE,3370.9753,3385.0151,0.004093385,0.0034753084,0.8,-0.0016476630698889494,0.010272668674588203,57
3,2026-07-31 10:00:00,PDES,406.107,407.75143,0.0040887473,0.0005313158,0.8,-0.0018105864292010665,0.012803075835108757,58
3,2026-07-31 10:00:00,SKRN,407.14886,408.7874,0.0040481687,0.0016509295,0.8,-0.002999556018039584,0.012200092896819115,59
3,2026-07-31 10:00:00,KAQI,93.287796,93.64888,0.0038928986,0.0056563616,0.8,-0.0009761808905750513,0.007301283068954945,60
3,2026-07-31 10:00:00,LPPS,79.39548,79.69599,0.0038397908,0.0017832518,0.6,-0.003103697206825018,0.01210873108357191,61
3,2026-07-31 10:00:00,KOPI,208.2155,208.97726,0.0037229538,0.0023622513,0.6,-0.0021183728240430355,0.011162017472088337,62
3,2026-07-31 10:00:00,SMMA,20114.072,20185.535,0.0035917996,0.0014573336,0.8,-0.00023434162721969187,0.00978093035519123,63
3,2026-07-31 10:00:00,TAXI,12.931035,12.976102,0.0035865426,0.0010685921,0.8,0.000350201124092564,0.008710550144314766,64
3,2026-07-31 10:00:00,OMRE,1106.5774,1110.4363,0.0034613728,0.005644202,0.6,-0.009224223904311657,0.014783285558223724,65
3,2026-07-31 10:00:00,NIRO,146.30762,146.80656,0.0034591078,0.002114892,0.6,-0.0013287902111187577,0.009697722271084785,66
3,2026-07-31 10:00:00,DKHH,62.52643,62.740498,0.0034432649,0.0021022558,1.0,5.550384594243951e-05,0.007956075482070446,67
3,2026-07-31 10:00:00,RSCH,316.95636,318.01874,0.0033950447,0.0044395924,0.8,-0.005578648764640093,0.01114561501890421,68
3,2026-07-31 10:00:00,TRJA,111.26113,111.63448,0.0033613443,0.0027227402,1.0,0.0018606900703161955,0.005590271670371294,69
3,2026-07-31 10:00:00,AREA,278.41867,279.3416,0.0033125759,0.00046682358,0.6,-0.003132367040961981,0.011838054284453392,70
3,2026-07-31 10:00:00,BGTG,111.503494,111.86842,0.0032754063,0.0043103695,0.8,2.2304127924144268e-05,0.005687403492629528,71
3,2026-07-31 10:00:00,AYAM,411.8553,413.19742,0.003264475,0.0028743744,0.8,-0.001191425253637135,0.007619786076247692,72
3,2026-07-31 10:00:00,HMSP,733.251,735.60364,0.0032200455,0.0028378963,0.8,-0.00017524957365822047,0.0069526671431958675,73
3,2026-07-31 10:00:00,ADMF,8380.226,8406.259,0.0031118155,0.0033477545,1.0,0.0014845371479168534,0.00462262611836195,74
3,2026-07-31 10:00:00,UNTD,79.480354,79.72504,0.0030992269,0.0044447184,0.8,-0.0035589933395385742,0.008341073989868164,75
3,2026-07-31 10:00:00,SOLA,101.25948,101.57201,0.0030881285,0.0024209023,0.8,2.8240698156878352e-05,0.00649447413161397,76
3,2026-07-31 10:00:00,LAJU,64.2806,64.4785,0.0030802847,0.0017954111,0.6,-0.0025725006125867367,0.00947635155171156,77
3,2026-07-31 10:00:00,TIRA,496.60248,498.118,0.0030676604,0.0057165623,0.8,-0.00503385066986084,0.008286332711577415,78
3,2026-07-31 10:00:00,CLEO,383.88495,385.05978,0.0030584813,0.0001834631,0.6,-0.0004970550653524697,0.009501336142420769,79
3,2026-07-31 10:00:00,WMPP,24.114666,24.187649,0.0029977201,0.0070819855,0.6,-0.006036949343979359,0.01056899968534708,80
3,2026-07-31 10:00:00,SNLK,217.68413,218.32693,0.002997327,0.0038719177,0.6,-0.003962147049605846,0.0102264154702425,81
3,2026-07-31 10:00:00,WTON,76.68734,76.915184,0.0029884577,0.003240943,0.8,-0.0017895937198773026,0.007673143874853849,82
3,2026-07-31 10:00:00,PNLF,227.9592,228.63692,0.00296489,0.001693964,0.6,-0.001118993735872209,0.007901430130004883,83
3,2026-07-31 10:00:00,SIMP,593.6707,595.3249,0.0027834892,0.0022745132,1.0,0.0013018131721764803,0.0048195598646998405,84
3,2026-07-31 10:00:00,KAEF,445.94354,447.16278,0.0027387142,0.002214551,1.0,0.00023603439331054688,0.005995869170874357,85
3,2026-07-31 10:00:00,CEKA,2206.9165,2212.94,0.002720225,0.0046619177,0.8,-0.002930891467258334,0.006733822636306286,86
3,2026-07-31 10:00:00,MUTU,108.34554,108.63796,0.0027086376,0.0033851862,0.6,-0.0020228861831128597,0.007553695701062679,87
3,2026-07-31 10:00:00,HUMI,132.11717,132.4749,0.002704513,0.0035698414,0.8,0.00024753808975219727,0.0044446466490626335,88
3,2026-07-31 10:00:00,YELO,85.18413,85.41618,0.0026816844,0.00079250336,0.6,-0.008439445868134499,0.014698481187224388,89
3,2026-07-31 10:00:00,PTSP,897.3592,899.7511,0.0026770234,0.002720952,0.8,-0.0036403057165443897,0.00823819637298584,90
3,2026-07-31 10:00:00,IMAS,849.16125,851.401,0.0026403307,0.002663374,0.8,-0.00038388968096114695,0.005883669480681419,91
3,2026-07-31 10:00:00,UNIQ,109.838234,110.1235,0.00263474,0.00039970875,0.6,-0.004099356941878796,0.011190890334546566,92
3,2026-07-31 10:00:00,TAMU,21.364998,21.420301,0.002612841,0.0024590492,0.6,-0.0022492287680506706,0.008088611997663975,93
3,2026-07-31 10:00:00,PRAY,721.88025,723.7391,0.0026102304,0.0031628609,0.6,-0.006837737746536732,0.01147539634257555,94
3,2026-07-31 10:00:00,AMRT,1323.0559,1326.3824,0.0025107265,0.0026215315,0.8,0.00023566483287140727,0.004702257923781872,95
3,2026-07-31 10:00:00,DAYA,985.0797,987.5499,0.0025032044,0.001837492,0.6,-0.003097331617027521,0.009107183665037155,96
3,2026-07-31 10:00:00,CTRA,573.3595,574.7845,0.0024988889,0.00180161,0.6,-0.0012130618561059237,0.0070927138440310955,97
3,2026-07-31 10:00:00,PURA,30.946548,31.022303,0.002494967,0.0011857748,0.6,-0.0023318647872656584,0.008490251377224922,98
3,2026-07-31 10:00:00,TLKM,2655.3652,2661.777,0.0024224997,0.0027780533,0.6,-0.0019931078422814608,0.006953811272978783,99
3,2026-07-31 10:00:00,STAA,1110.2456,1112.82,0.0023880124,0.0036554337,0.6,-0.004694485571235418,0.008870386518537998,100
3,2026-07-31 10:00:00,INPP,687.55035,689.18005,0.0023751617,0.001608491,0.6,-0.0016731262439861894,0.007245277985930443,101
3,2026-07-31 10:00:00,CHEK,129.63763,129.94205,0.0023433089,0.002600193,0.6,-0.0018122673500329256,0.006332802586257458,102
3,2026-07-31 10:00:00,BBLD,580.6647,582.0077,0.0023367524,0.004072547,0.8,-0.00831068679690361,0.010746240615844727,103
3,2026-07-31 10:00:00,CMNT,826.4289,828.3544,0.0023363829,0.0015749931,0.6,-0.001110160374082625,0.006160259246826172,104
3,2026-07-31 10:00:00,JAYA,131.42711,131.73239,0.0023222924,0.0016620159,0.6,-0.0006606578826904297,0.006082057487219572,105
3,2026-07-31 10:00:00,HOPE,204.79092,205.2544,0.0022892833,0.0021059513,0.8,-0.00392836332321167,0.00811831932514906,106
3,2026-07-31 10:00:00,JATI,94.96077,95.176094,0.0022512556,0.0031844378,0.8,-0.0022244572173804045,0.006200694479048252,107
3,2026-07-31 10:00:00,OMED,216.78755,217.27039,0.0022111058,0.00046944618,0.6,-0.0010006309021264315,0.007218074053525925,108
3,2026-07-31 10:00:00,SSMS,999.8778,1002.0604,0.002207303,0.0020617247,0.6,-0.0006273984909057617,0.005454420577734709,109
3,2026-07-31 10:00:00,OPMS,103.57573,103.80288,0.0022017956,0.0009676218,1.0,0.00036597251892089844,0.0051167006604373455,110
3,2026-07-31 10:00:00,PSGO,196.35043,196.78093,0.0021962165,0.0012860298,1.0,0.0004132032336201519,0.004882979206740856,111
3,2026-07-31 10:00:00,CSIS,176.57053,176.95822,0.0021932959,0.0026900768,0.8,-0.0005520939594134688,0.0046852827072143555,112
3,2026-07-31 10:00:00,AMAR,210.44681,210.89713,0.002167082,0.006662488,0.6,-0.00673221331089735,0.007935618981719017,113
3,2026-07-31 10:00:00,BEST,99.32597,99.534515,0.0021544695,0.0065323114,0.6,-0.006455886177718639,0.008196759037673473,114
3,2026-07-31 10:00:00,BANK,282.55902,283.1585,0.002144718,0.0018736124,0.8,-0.0027734278701245785,0.006947040092200041,115
3,2026-07-31 10:00:00,DEWI,119.27743,119.532936,0.0021398305,0.0012396574,0.8,-0.001280617667362094,0.005804824642837048,116
3,2026-07-31 10:00:00,AMMS,278.37585,278.96826,0.0021343231,0.00018548965,0.6,-0.0031913993880152702,0.00912315770983696,117
3,2026-07-31 10:00:00,LFLO,463.51367,464.46793,0.0021310449,0.0034837723,0.6,-0.003106153104454279,0.007048296742141247,118
3,2026-07-31 10:00:00,UANG,2189.6523,2194.2456,0.0021141171,0.000808239,0.6,-0.0038518072105944157,0.009651612490415573,119
3,2026-07-31 10:00:00,FISH,616.0194,617.2889,0.0020988942,0.0007933378,0.8,-0.0010178565280511975,0.006446169689297676,120
3,2026-07-31 10:00:00,BOGA,1490.9457,1494.0604,0.0020957708,0.00034856796,0.6,-0.00042952297371812165,0.005568003281950951,121
3,2026-07-31 10:00:00,JGLE,62.96169,63.09071,0.0020887018,0.0042419434,0.6,-0.010793971829116344,0.013058804906904697,122
3,2026-07-31 10:00:00,CITY,166.79364,167.13765,0.0020783425,0.0012242794,0.8,-0.004021048545837402,0.008191322907805443,123
3,2026-07-31 10:00:00,PJAA,452.64542,453.58282,0.0020780205,0.0011284351,0.6,-0.0007288336637429893,0.005352759268134832,124
3,2026-07-31 10:00:00,CASS,1890.2278,1894.1426,0.0020715357,0.0019644499,0.8,0.000584638153668493,0.003563952399417758,125
3,2026-07-31 10:00:00,MTEL,452.74478,453.6753,0.0020613074,0.0021048784,0.8,-0.001677000429481268,0.0052397968247532845,126
3,2026-07-31 10:00:00,DGNS,232.82275,233.29678,0.0020608425,0.00026643276,0.6,-0.0018353103660047054,0.007078051101416349,127
3,2026-07-31 10:00:00,NOBU,445.81763,446.73798,0.002059102,0.002412796,0.8,-0.006043768022209406,0.009187388233840466,128
3,2026-07-31 10:00:00,GRPM,214.56624,215.00655,0.0020157218,0.0030808449,0.8,-0.0053136227652430534,0.008063220418989658,129
3,2026-07-31 10:00:00,TOOL,65.62539,65.756424,0.002013576,0.0018404722,0.6,-0.0017317056190222502,0.0060922857373952866,130
3,2026-07-31 10:00:00,SUNI,721.1511,722.6019,0.0020080567,0.0029780865,0.8,-0.002776074456050992,0.005905627738684416,131
3,2026-07-31 10:00:00,TGKA,4836.3604,4846.045,0.0020079971,0.0012764931,0.8,-0.0003217816411051899,0.004638743586838245,132
3,2026-07-31 10:00:00,RSGK,969.3159,971.245,0.0020063757,0.00052654743,0.6,-0.0026909946464002132,0.007898282259702682,133
3,2026-07-31 10:00:00,SMGA,70.71972,70.85939,0.001998198,0.0016360283,0.6,-0.005906915757805109,0.010687493719160557,134
3,2026-07-31 10:00:00,DSFI,79.99673,80.152985,0.0019865395,0.00200665,0.8,-0.004163658246397972,0.007381892297416925,135
3,2026-07-31 10:00:00,ABDA,3402.1196,3408.6758,0.0019317388,0.0019751787,0.6,-0.004032445140182972,0.008244609460234642,136
3,2026-07-31 10:00:00,SAFE,374.28412,374.9871,0.0019079804,0.00088083744,0.8,-0.0026855827309191227,0.0075576771050691605,137
3,2026-07-31 10:00:00,ROTI,592.9497,594.0807,0.0019073248,0.0021073818,0.8,0.000505900417920202,0.0031783818267285824,138
3,2026-07-31 10:00:00,ASJT,153.5863,153.86905,0.0019049048,0.0005180836,0.6,-0.005325662903487682,0.009754538536071777,139
3,2026-07-31 10:00:00,EURO,1951.3802,1955.0496,0.0019038558,0.004026532,0.6,-0.004886615090072155,0.008063101209700108,140
3,2026-07-31 10:00:00,MTWI,252.71005,253.18633,0.0018722296,0.0014413595,0.6,-0.0037370442878454924,0.007422661874443293,141
3,2026-07-31 10:00:00,AMOR,342.71445,343.33856,0.0018577814,0.003008604,0.6,-0.00705872755497694,0.009390687569975853,142
3,2026-07-31 10:00:00,URBN,209.5612,209.9246,0.0018504023,0.008209348,0.8,-0.01551817636936903,0.01401293184608221,143
3,2026-07-31 10:00:00,CENT,80.41605,80.56384,0.0018465638,0.00093090534,0.6,-0.006542575545608997,0.010441659949719906,144
3,2026-07-31 10:00:00,GGRM,19030.367,19064.969,0.0018324733,0.003279686,0.8,-0.0025381208397448063,0.005230927374213934,145
3,2026-07-31 10:00:00,SPRE,89.62642,89.78105,0.0017871022,0.004356861,0.6,-0.007331443019211292,0.009902071207761765,146
3,2026-07-31 10:00:00,DILD,116.14634,116.35039,0.0017610907,0.0012296438,0.6,-0.0007292628288269043,0.004929256159812212,147
3,2026-07-31 10:00:00,BSDE,584.03094,585.03894,0.0017410994,0.0007125139,0.6,-0.003180301282554865,0.007506346330046654,148
3,2026-07-31 10:00:00,POLU,12088.41,12108.795,0.0017055869,0.0020439625,0.6,-0.003821349237114191,0.007224845699965954,149
3,2026-07-31 10:00:00,GDST,97.66055,97.82164,0.0016661525,0.0021567345,0.8,-0.0039851781912148,0.006570124067366123,150
3,2026-07-31 10:00:00,RBMS,64.49104,64.5956,0.0016476393,0.00082302094,0.6,-0.0028855563141405582,0.007391737774014473,151
3,2026-07-31 10:00:00,ACRO,59.931072,60.028553,0.0016282678,0.0006030798,0.6,-0.0009397387620992959,0.004947161301970482,152
3,2026-07-31 10:00:00,MIRA,21.334173,21.367832,0.0016124963,0.0070381165,0.8,-0.014983915723860264,0.012682890519499779,153
3,2026-07-31 10:00:00,SDRA,209.91145,210.24026,0.0015790581,0.0022776127,0.8,-0.0015689014689996839,0.004290723707526922,154
3,2026-07-31 10:00:00,KUAS,89.161064,89.29818,0.0015558719,0.0036023855,0.6,-0.004020643420517445,0.006254314910620451,155
3,2026-07-31 10:00:00,GSMF,87.56793,87.70316,0.0015482188,0.0010712147,0.6,-0.001003217650577426,0.004824304021894932,156
3,2026-07-31 10:00:00,PMUI,82.957436,83.08452,0.0015426993,0.0024155378,0.6,-0.004756712820380926,0.007901834324002266,157
3,2026-07-31 10:00:00,KKGI,270.50366,270.91934,0.0015392781,0.0006184578,0.8,-0.0006344318389892578,0.004399513825774193,158
3,2026-07-31 10:00:00,NINE,73.845634,73.95821,0.0015338778,0.0029187202,0.6,-0.0019355535041540861,0.00420002918690443,159
3,2026-07-31 10:00:00,IPOL,105.26591,105.42488,0.0015308857,0.0031534433,0.6,-0.004379940219223499,0.006954383570700884,160
3,2026-07-31 10:00:00,ZYRX,121.88306,122.06606,0.0015052557,0.0011687279,0.6,-0.0005011797184124589,0.0037675618659704924,161
3,2026-07-31 10:00:00,APLN,124.786316,124.97359,0.001488626,0.0026199818,0.6,-0.0015433072112500668,0.00403935881331563,162
3,2026-07-31 10:00:00,BNLI,2167.7217,2170.8784,0.0014689922,0.00051283836,0.6,-0.003332757856696844,0.00647315988317132,163
3,2026-07-31 10:00:00,BINO,108.44026,108.59678,0.0014588594,0.0010615587,0.8,-0.003004169324412942,0.005836724769324064,164
3,2026-07-31 10:00:00,DNAR,125.38313,125.56034,0.0014521837,0.0004838705,0.6,-0.005384338088333607,0.00892245676368475,165
3,2026-07-31 10:00:00,BUVA,810.1474,811.2691,0.0014225245,0.0017170906,0.8,-0.004762196447700262,0.00666620722040534,166
3,2026-07-31 10:00:00,WINS,507.86685,508.55957,0.0013757467,0.0017348528,0.8,-0.0036929845809936523,0.005779408849775791,167
3,2026-07-31 10:00:00,TBIG,1417.042,1418.9805,0.0013738156,0.0007929802,0.8,-0.0015589474933221936,0.004576420411467552,168
3,2026-07-31 10:00:00,CASA,1809.8672,1812.2341,0.001304257,0.0005120039,0.6,-0.0021812557242810726,0.00509829493239522,169
3,2026-07-31 10:00:00,BMAS,479.67203,480.285,0.0012884379,0.0027632713,0.8,-0.0024984360206872225,0.003682589391246438,170
3,2026-07-31 10:00:00,RONY,1341.743,1343.447,0.0012747049,0.0015208721,0.6,-0.004879581741988659,0.0067390440963208675,171
3,2026-07-31 10:00:00,BBSI,4647.5874,4653.341,0.0012700915,0.0061097145,0.6,-0.007067549042403698,0.006864094641059637,172
3,2026-07-31 10:00:00,PUDP,299.81976,300.2001,0.0012691378,0.0008279085,0.8,-0.00016781088197603822,0.0028640269301831722,173
3,2026-07-31 10:00:00,GEMA,80.385056,80.48609,0.0012618899,0.0014584064,0.6,-0.001315820263698697,0.003982305061072111,174
3,2026-07-31 10:00:00,CINT,172.6765,172.89021,0.0012474895,0.0007081032,0.8,-0.0013912320137023926,0.004125666338950396,175
3,2026-07-31 10:00:00,KEJU,546.75,547.4211,0.0012410044,0.0013071299,0.8,-0.0014949679607525468,0.0036646125372499228,176
3,2026-07-31 10:00:00,BNBR,96.44057,96.547165,0.0012188673,0.0045963526,0.8,-0.007623791694641113,0.007145524024963379,177
3,2026-07-31 10:00:00,KBLI,322.3968,322.78113,0.0011988163,0.0013263226,0.8,-0.0016819238662719727,0.0036976574920117855,178
3,2026-07-31 10:00:00,SAGE,32.651115,32.68819,0.001190269,0.0005760193,0.6,-0.017981553450226784,0.023019906133413315,179
3,2026-07-31 10:00:00,JKON,66.464874,66.542015,0.00118922,3.9100647e-05,0.6,-0.006028020288795233,0.009746955707669258,180
3,2026-07-31 10:00:00,YPAS,613.5574,614.2167,0.0011724352,0.0037167072,0.6,-0.008407115936279297,0.008969759568572044,181
3,2026-07-31 10:00:00,TRIM,556.77216,557.41296,0.0011690259,0.0016491413,0.8,-0.0022907613310962915,0.0039480444975197315,182
3,2026-07-31 10:00:00,FORU,2956.4348,2959.9148,0.0011309385,0.0013988018,0.6,-0.007034003734588623,0.010077284649014473,183
3,2026-07-31 10:00:00,CTBN,4272.339,4277.0864,0.0011200547,0.00043284893,0.8,-0.004819524474442005,0.0077481260523200035,184
3,2026-07-31 10:00:00,ASDM,510.52203,511.08658,0.0011146546,3.707409e-05,0.6,-0.000966060149949044,0.003769397735595703,185
3,2026-07-31 10:00:00,ISEA,79.34464,79.432144,0.0010977626,0.0006028414,0.6,-0.0008506417507305741,0.003387832548469305,186
3,2026-07-31 10:00:00,PICO,126.258865,126.39746,0.0010954738,0.0036257505,0.6,-0.005213880445808172,0.00578384380787611,187
3,2026-07-31 10:00:00,KETR,554.9788,555.5797,0.001094842,0.0013161898,0.6,-0.006744218058884144,0.008215021342039108,188
3,2026-07-31 10:00:00,TSPC,2850.1892,2853.2725,0.0010810017,0.0014545918,0.8,-1.4531600754708052e-05,0.001895260764285922,189
3,2026-07-31 10:00:00,DRMA,939.1532,940.1354,0.0010539651,0.002182126,0.8,-0.002976882504299283,0.003737234976142645,190
3,2026-07-31 10:00:00,ITMG,24820.684,24846.758,0.001046431,0.00038325787,0.8,-4.661082130041905e-06,0.002715658862143755,191
3,2026-07-31 10:00:00,DMAS,141.90448,142.04175,0.00097061397,0.0006644726,0.6,-0.0011382221709936857,0.003583049401640892,192
3,2026-07-31 10:00:00,AADI,9266.261,9274.923,0.00095645187,0.0013332367,0.6,-0.003469145391136408,0.005265974905341864,193
3,2026-07-31 10:00:00,HDFA,90.20903,90.29496,0.00095324515,0.0009646416,0.6,-0.0013220071559771895,0.0034128185361623764,194
3,2026-07-31 10:00:00,IRRA,374.55917,374.9136,0.00094747543,0.0005239248,0.6,-0.0006068587535992265,0.0028183460235595703,195
3,2026-07-31 10:00:00,TPMA,462.70392,463.1499,0.0009439111,0.0020198822,0.8,-0.003077089786529541,0.0035892724990844727,196
3,2026-07-31 10:00:00,TKIM,6246.622,6252.5093,0.00094228983,0.0009835958,0.6,-0.0014177679549902678,0.003174805548042059,197
3,2026-07-31 10:00:00,PADI,65.25079,65.308304,0.0009237289,0.0011115074,0.6,-0.0016176343197003007,0.003511047223582864,198
3,2026-07-31 10:00:00,BBHI,900.3576,901.1554,0.0009033203,0.00058305264,0.6,-0.0030575632117688656,0.004925441462546587,199
3,2026-07-31 10:00:00,PEVE,331.00757,331.30292,0.0009010911,0.00015211105,0.6,-0.00214229803532362,0.0042313095182180405,200
3,2026-07-31 10:00:00,MANG,39.7021,39.73708,0.0008934617,0.0018628836,0.6,-0.008755529299378395,0.010135125368833542,201
3,2026-07-31 10:00:00,BPII,433.44012,433.81308,0.0008732438,0.0033397675,0.8,-0.0062964558601379395,0.005465697962790728,202
3,2026-07-31 10:00:00,MBSS,2761.768,2764.0825,0.0008507371,0.0009520054,0.6,-0.003356075147166848,0.004786467179656029,203
3,2026-07-31 10:00:00,CFIN,340.45087,340.72455,0.00082337856,0.00033819675,0.6,-0.00375039572827518,0.006053089164197445,204
3,2026-07-31 10:00:00,KOBX,158.02048,158.14795,0.00080844166,0.0027977228,0.6,-0.006007182411849499,0.006438231095671654,205
3,2026-07-31 10:00:00,NASI,127.24168,127.340256,0.0007990122,0.0006251335,0.6,-0.0052939774468541145,0.006347512826323509,206
3,2026-07-31 10:00:00,BUAH,497.58,497.9625,0.0007698655,0.00059366226,0.6,-0.0013911605346947908,0.0032233234960585833,207
3,2026-07-31 10:00:00,MEJA,96.286255,96.35771,0.0007638931,0.0025743246,0.6,-0.0035941123496741056,0.004130053333938122,208
3,2026-07-31 10:00:00,IPCM,303.0937,303.32074,0.00074712036,0.0017797947,0.8,-0.0022838234435766935,0.002610158873721957,209
3,2026-07-31 10:00:00,DIVA,123.489975,123.57631,0.0007411003,0.0006159544,0.6,-0.004247760865837336,0.006408070679754019,210
3,2026-07-31 10:00:00,EKAD,169.24527,169.36403,0.0007076502,0.00022149086,0.6,-0.0028144121170043945,0.0049536703154444695,211
3,2026-07-31 10:00:00,MPIX,95.793816,95.86082,0.00070074794,0.0002155304,0.6,-0.001536810421384871,0.0036142822355031967,212
3,2026-07-31 10:00:00,BRIS,1772.0944,1773.3275,0.0006970048,2.002716e-05,0.6,-0.0003372669161763042,0.002129101660102606,213
3,2026-07-31 10:00:00,BYAN,12070.678,12078.9795,0.0006914735,0.00027251244,0.6,-0.0012188315158709884,0.002949619200080633,214
3,2026-07-31 10:00:00,GHON,1627.9413,1629.0714,0.00068956614,0.001404047,0.8,-0.003061950206756592,0.003799676662310958,215
3,2026-07-31 10:00:00,TRIS,169.27788,169.38982,0.0006647706,0.0010249615,0.6,-0.002046728041023016,0.003521918784826994,216
3,2026-07-31 10:00:00,STAR,267.98856,268.15356,0.0006154418,0.00038647652,0.6,-0.004111063666641712,0.005439304746687412,217
3,2026-07-31 10:00:00,SGER,454.4816,454.7597,0.000609374,0.00026404858,0.6,-0.003706645919010043,0.005586337298154831,218
3,2026-07-31 10:00:00,SMLE,156.3219,156.41765,0.0006054759,0.000797987,0.6,-0.0024741170927882195,0.0036661620251834393,219
3,2026-07-31 10:00:00,HEAL,798.16925,798.6339,0.0005782604,0.0001373291,0.6,-0.004003656096756458,0.004925441462546587,220
3,2026-07-31 10:00:00,SILO,2066.953,2068.1577,0.00056910515,0.00041043758,0.6,-0.0026565194129943848,0.0042136902920901775,221
3,2026-07-31 10:00:00,PSKT,217.95273,218.07217,0.00055396557,0.0007637739,0.6,-0.0012483000755310059,0.0023661612067371607,222
3,2026-07-31 10:00:00,UCID,369.94376,370.1441,0.0005499363,0.0009920597,0.6,-0.0012618780601769686,0.0020405531395226717,223
3,2026-07-31 10:00:00,AMAG,382.13654,382.34174,0.00053703785,0.0005148649,0.6,-0.0029186843894422054,0.004235863219946623,224
3,2026-07-31 10:00:00,SQMI,66.74036,66.775314,0.00052570103,0.0007584095,0.6,-0.0013202906120568514,0.002259206725284457,225
3,2026-07-31 10:00:00,KRAS,216.91716,217.02364,0.00052227976,0.00072324276,0.8,-0.003470182418823242,0.004285692702978849,226
3,2026-07-31 10:00:00,PWON,266.4528,266.59222,0.0005165458,0.00199306,0.6,-0.0033357380889356136,0.00355684757232666,227
3,2026-07-31 10:00:00,IFII,205.0216,205.12251,0.0004907608,0.00052189827,0.6,-0.003181374166160822,0.0041904207319021225,228
3,2026-07-31 10:00:00,PNIN,715.82605,716.1687,0.00048125983,0.00052547455,0.6,-0.0028910040855407715,0.003860735334455967,229
3,2026-07-31 10:00:00,JIHD,416.57672,416.76196,0.0004686594,0.00066030025,0.6,-0.004688000772148371,0.006225084885954857,230
3,2026-07-31 10:00:00,EXCL,2418.0557,2419.1724,0.00046277046,0.0007288456,0.6,-0.0010491847060620785,0.001860141521319747,231
3,2026-07-31 10:00:00,UNIC,12686.474,12692.061,0.00044955016,0.00059628487,0.6,-0.004615485668182373,0.004893207456916571,232
3,2026-07-31 10:00:00,EAST,90.431625,90.46863,0.00042949914,0.00014019012,0.6,-0.005562817677855492,0.006985329557210207,233
3,2026-07-31 10:00:00,ENAK,244.87744,244.97873,0.00041753054,0.0007659197,0.6,-0.0035861849319189787,0.003916930872946978,234
3,2026-07-31 10:00:00,LSIP,1450.5046,1451.1207,0.0004148364,0.0011657476,0.6,-0.0030825852882117033,0.0035758730955421925,235
3,2026-07-31 10:00:00,PURI,135.43538,135.48735,0.0004142046,0.0036894083,0.6,-0.005991029553115368,0.0046262978576123714,236
3,2026-07-31 10:00:00,MDLA,209.56674,209.65215,0.00041209458,0.0007485151,0.6,-0.0034674406051635742,0.0037390231154859066,237
3,2026-07-31 10:00:00,MPOW,103.84971,103.889305,0.00041129588,0.0010623932,0.6,-0.004447055049240589,0.0049315448850393295,238
3,2026-07-31 10:00:00,BUKK,1022.9741,1023.3712,0.00040254593,0.0026456118,0.6,-0.0042021749541163445,0.003994584083557129,239
3,2026-07-31 10:00:00,LPPF,1569.7878,1570.4192,0.0004021287,0.000954628,0.6,-0.0019483208889141679,0.0023876188788563013,240
3,2026-07-31 10:00:00,ACST,81.74684,81.77611,0.0003698349,0.0004464388,0.6,-0.0015885233879089355,0.0021360397804528475,241
3,2026-07-31 10:00:00,BSSR,4294.8135,4296.3994,0.00036865473,0.00086796284,0.6,-0.002037298632785678,0.002428531413897872,242
3,2026-07-31 10:00:00,CMRY,4679.946,4681.5986,0.00035398005,0.000420928,0.6,-0.0009845613967627287,0.0018175123259425163,243
3,2026-07-31 10:00:00,JPFA,2168.42,2169.1475,0.00034292936,9.596348e-05,0.6,-0.0010746598709374666,0.001896190457046032,244
3,2026-07-31 10:00:00,SIPD,678.57294,678.7899,0.0003271103,0.0019011497,0.6,-0.0049925921484827995,0.004834270104765892,245
3,2026-07-31 10:00:00,BULL,446.54938,446.7018,0.00032634736,0.001647234,0.8,-0.007837962359189987,0.006581520661711693,246
3,2026-07-31 10:00:00,PTPS,144.74564,144.79105,0.00032358168,0.0024592876,0.6,-0.00788205862045288,0.006856298539787531,247
3,2026-07-31 10:00:00,BOLA,162.63446,162.68428,0.0003138304,0.000572443,0.6,-0.0022864104248583317,0.002949595218524337,248
3,2026-07-31 10:00:00,MAHA,142.67087,142.71573,0.000312531,5.6266785e-05,0.6,-0.0007414102437905967,0.001622223760932684,249
3,2026-07-31 10:00:00,BBCA,6469.047,6471.0884,0.00030183792,0.0012459755,0.6,-0.0033091544173657894,0.0032465457916259766,250
3,2026-07-31 10:00:00,ARCI,1058.9465,1059.2561,0.00030008555,0.0001578331,0.6,-0.0024927258491516113,0.0035734171979129314,251
3,2026-07-31 10:00:00,TRST,457.52628,457.6621,0.00029107332,0.00038325787,0.6,-0.0021777986548841,0.002693056594580412,252
3,2026-07-31 10:00:00,KIJA,125.32603,125.36279,0.00028312206,0.0017342567,0.6,-0.003166711423546076,0.003256749827414751,253
3,2026-07-31 10:00:00,DATA,2070.4473,2071.0122,0.0002805114,0.0006766319,0.6,-0.006378114223480225,0.006262683309614658,254
3,2026-07-31 10:00:00,SFAN,1965.6052,1966.1184,0.0002628088,0.0004389286,0.6,-0.0007310748333111405,0.001205873442813754,255
3,2026-07-31 10:00:00,ECII,159.96262,159.99374,0.00024107695,0.0009371042,0.6,-0.005575418472290039,0.006014632992446423,256
3,2026-07-31 10:00:00,KOCI,96.23171,96.251564,0.00022883415,0.000898242,0.6,-0.0045143840834498405,0.004783916287124157,257
3,2026-07-31 10:00:00,CLPI,1547.5085,1547.851,0.00022329092,0.0020574331,0.6,-0.0035365819931030273,0.0029823780059814453,258
3,2026-07-31 10:00:00,LRNA,185.17496,185.21208,0.00020693541,0.00024330616,0.6,-0.0017567634349688888,0.002112936694175005,259
3,2026-07-31 10:00:00,KBLV,126.372574,126.39819,0.00019459725,0.0012181997,0.6,-0.00532920379191637,0.005474543198943138,260
3,2026-07-31 10:00:00,FMII,249.05563,249.10239,0.00019068718,0.0009717941,0.8,-0.004894375801086426,0.0040114400908350945,261
3,2026-07-31 10:00:00,KLIN,122.78601,122.783936,0.00016586781,0.0029189587,0.6,-0.017401551827788353,0.015271090902388096,262
3,2026-07-31 10:00:00,BESS,876.56903,876.6749,0.00013393164,0.004110694,0.6,-0.010107147507369518,0.007261419203132391,263
3,2026-07-31 10:00:00,BEEF,396.15372,396.18665,0.000112855436,0.0059291124,0.6,-0.011410963721573353,0.008507013320922852,264
3,2026-07-31 10:00:00,SKLT,196.42523,196.44943,0.00010844469,0.0010741949,0.6,-0.0037695528008043766,0.0032377957832068205,265
3,2026-07-31 10:00:00,PNBS,50.002506,50.005604,6.195307e-05,0.00011372566,0.8,-4.094839096069336e-05,0.00011372566223144531,266
3,2026-07-31 10:00:00,UFOE,133.8911,133.89607,5.925894e-05,0.0015298128,0.6,-0.006502592470496893,0.00584783498197794,267
3,2026-07-31 10:00:00,IPTV,30.952246,30.947973,1.0371208e-05,0.002450943,0.6,-0.020809579640626907,0.021226046606898308,268
3,2026-07-31 10:00:00,WEGE,49.99091,49.991344,8.702278e-06,8.702278e-06,1.0,8.702278137207031e-06,8.702278137207031e-06,269
4,2026-07-31 10:30:00,TIFA,332.1343,339.27747,0.020988692,0.0112502575,0.6,-0.005052900407463312,0.05395140498876572,1
4,2026-07-31 10:30:00,IFSH,1126.072,1146.5686,0.01840732,0.0073598623,0.6,-0.0023179769050329924,0.044760845601558685,2
4,2026-07-31 10:30:00,IPTV,30.947973,31.354654,0.013155853,0.008754492,0.8,0.00018047099001705647,0.029449772089719772,3
4,2026-07-31 10:30:00,YULE,3385.0151,3425.3508,0.0120202545,0.008437872,1.0,0.004498100373893976,0.02192220650613308,4
4,2026-07-31 10:30:00,MSIE,109.28031,110.605446,0.0119392155,0.0061690807,1.0,0.0023968457244336605,0.025418948382139206,5
4,2026-07-31 10:30:00,AGAR,613.61523,620.6567,0.011371898,0.007477522,0.8,-0.0018862008582800627,0.027779411524534225,6
4,2026-07-31 10:30:00,SINI,7247.2163,7324.65,0.010578441,0.0143738985,0.6,-0.00608172407373786,0.02585422992706299,7
4,2026-07-31 10:30:00,HOPE,205.2544,207.21896,0.009557843,0.009674549,1.0,0.0061394451186060905,0.013213776983320713,8
4,2026-07-31 10:30:00,INCI,659.70154,665.1351,0.008263099,0.00442338,0.8,-0.0007876753807067871,0.019046735018491745,9
4,2026-07-31 10:30:00,GRPH,59.283947,59.749348,0.007853722,0.0078395605,0.8,-0.0011096000671386719,0.016097616404294968,10
4,2026-07-31 10:30:00,SOCI,453.78595,457.256,0.007478869,0.0063369274,0.6,-0.005008256062865257,0.021310828626155853,11
4,2026-07-31 10:30:00,KKES,68.19583,68.68504,0.007267177,0.009492159,0.8,0.0013390660751610994,0.011832642368972301,12
4,2026-07-31 10:30:00,AEGS,42.914455,43.206543,0.0071423054,0.005073309,0.8,-0.005627155303955078,0.022129438817501068,13
4,2026-07-31 10:30:00,GWSA,125.13839,125.973595,0.006682706,0.0076836348,1.0,0.0018761157989501953,0.011248111724853516,14
4,2026-07-31 10:30:00,KBLM,297.28506,299.25806,0.006638074,0.0076663494,1.0,0.0022361278533935547,0.010797047056257725,15
4,2026-07-31 10:30:00,STTP,9792.163,9856.631,0.0066331862,0.00572896,1.0,0.0015054702525958419,0.013028668239712715,16
4,2026-07-31 10:30:00,GOLD,267.58652,269.31445,0.0064604045,0.006492138,1.0,0.0008461475372314453,0.012125587090849876,17
4,2026-07-31 10:30:00,AIMS,400.72675,403.1347,0.006052196,0.003202796,0.8,0.0007340312004089355,0.012914896011352539,18
4,2026-07-31 10:30:00,BESS,876.6749,881.6704,0.005753815,0.001866579,0.6,-0.0010743022430688143,0.01529920008033514,19
4,2026-07-31 10:30:00,BIPP,61.55012,61.894848,0.005626428,0.0055811405,0.8,-0.00017529726028442383,0.011772513389587402,20
4,2026-07-31 10:30:00,CPRO,50.199554,50.477673,0.0055483105,0.0036492348,1.0,0.001800584839656949,0.011164616793394089,21
4,2026-07-31 10:30:00,LAND,76.309135,76.73158,0.005529189,0.0051475763,1.0,0.0019302606815472245,0.00947267934679985,22
4,2026-07-31 10:30:00,POLI,701.81824,705.5045,0.0053878664,0.002999425,0.8,-0.006037580780684948,0.018433235585689545,23
4,2026-07-31 10:30:00,INTD,250.19897,251.49387,0.0052051544,0.0023149252,0.8,0.00018346309661865234,0.01276841014623642,24
4,2026-07-31 10:30:00,DPUM,95.721985,96.20963,0.0051210164,0.0035127401,0.8,-0.004960870835930109,0.015375970862805843,25
4,2026-07-31 10:30:00,AKPI,490.8082,493.30975,0.0051028966,0.0055713654,1.0,0.0018497705459594727,0.007977771572768688,26
4,2026-07-31 10:30:00,FAST,338.666,340.37512,0.005081892,0.0028744936,0.8,-0.002743959426879883,0.015001962892711163,27
4,2026-07-31 10:30:00,BFIN,931.2484,935.96075,0.0050813556,0.009477854,0.6,-0.006868469528853893,0.014670347794890404,28
4,2026-07-31 10:30:00,SHIP,1919.1342,1928.6367,0.004990387,0.004207492,0.8,-0.003048968268558383,0.012965726666152477,29
4,2026-07-31 10:30:00,VRNA,75.70076,76.058975,0.004756403,0.002040267,1.0,0.000980424927547574,0.010857509449124336,30
4,2026-07-31 10:30:00,RMKE,404.97046,406.87256,0.00471468,0.0050957203,1.0,0.0030049800407141447,0.0063495635986328125,31
4,2026-07-31 10:30:00,IDEA,58.608192,58.88366,0.004701185,0.0050855875,1.0,0.0010454417206346989,0.0083755012601614,32
4,2026-07-31 10:30:00,LFLO,464.46793,466.54767,0.004697001,0.003814578,0.6,-0.003544282866641879,0.014516543596982956,33
4,2026-07-31 10:30:00,TAMA,226.88667,227.9573,0.0046844245,0.0049659014,0.8,-0.00018987656221725047,0.009853720664978027,34
4,2026-07-31 10:30:00,MTMH,911.33026,915.5698,0.004662156,0.0018372536,0.8,5.750657874159515e-05,0.010894107632339,35
4,2026-07-31 10:30:00,STAA,1112.82,1117.9795,0.0046515227,0.0044459105,1.0,0.0019317150581628084,0.007170319557189941,36
4,2026-07-31 10:30:00,RELI,481.20636,483.32715,0.0045925737,0.0041532516,0.6,-0.012921178713440895,0.02278277650475502,37
4,2026-07-31 10:30:00,CARS,89.95592,90.36063,0.004516077,0.005515814,0.6,-0.002081155776977539,0.010331916622817516,38
4,2026-07-31 10:30:00,NPGF,60.47173,60.739674,0.004466474,0.0039288998,0.6,-0.005624925717711449,0.015889881178736687,39
4,2026-07-31 10:30:00,VOKS,201.4993,202.36873,0.004320967,0.0037447214,0.8,-0.002002584980800748,0.01040182076394558,40
4,2026-07-31 10:30:00,FLMC,74.08295,74.38235,0.0043087723,0.0035504103,0.6,-0.013738071545958519,0.023543547838926315,41
4,2026-07-31 10:30:00,LTLS,811.02295,814.4837,0.0042777536,0.0043605566,1.0,0.00211145868524909,0.006445646286010742,42
4,2026-07-31 10:30:00,NICE,247.66121,248.69966,0.004201436,0.002043128,0.8,-0.0004492520820349455,0.010320162400603294,43
4,2026-07-31 10:30:00,IKAN,85.53151,85.91734,0.0041956427,0.0039038658,0.6,-0.004545867443084717,0.014526771381497383,44
4,2026-07-31 10:30:00,KAQI,93.64888,94.03915,0.004163134,0.005123377,0.8,0.0014791369903832674,0.0058935643173754215,45
4,2026-07-31 10:30:00,LION,340.44733,341.8052,0.0040123938,0.0047611,0.6,-0.0023522735573351383,0.010399268940091133,46
4,2026-07-31 10:30:00,PADA,136.11276,136.62126,0.0039482475,0.010384321,0.8,-0.007076180074363947,0.010512304492294788,47
4,2026-07-31 10:30:00,INDR,1954.427,1962.0668,0.0039021373,0.005326867,0.8,0.000294077442958951,0.006489443592727184,48
4,2026-07-31 10:30:00,KLAS,75.82097,76.114975,0.0038749934,0.0048986673,1.0,0.0010410785907879472,0.0061296699568629265,49
4,2026-07-31 10:30:00,PALM,295.2541,296.37872,0.0038024068,0.0033249855,0.8,0.0002803683455567807,0.007754373364150524,50
4,2026-07-31 10:30:00,BSML,512.4258,514.3593,0.0037958622,0.0025900602,0.6,-0.0008577108383178711,0.00955803319811821,51
4,2026-07-31 10:30:00,SRSN,65.68055,65.924545,0.003762722,0.0022021532,0.6,-0.0031170486472547054,0.012383626773953438,52
4,2026-07-31 10:30:00,COCO,104.30058,104.69487,0.0037487508,0.0048652887,0.8,-0.0015808343887329102,0.008240056224167347,53
4,2026-07-31 10:30:00,FWCT,87.12828,87.450615,0.003693676,0.00391984,1.0,0.0012135505676269531,0.006149840075522661,54
4,2026-07-31 10:30:00,PBSA,735.0711,737.7436,0.0036222576,0.0050629377,0.6,-0.002457940485328436,0.009263657964766026,55
4,2026-07-31 10:30:00,LAJU,64.4785,64.70962,0.003601384,0.0061457157,0.8,-0.0014710664981976151,0.007234763819724321,56
4,2026-07-31 10:30:00,JSPT,1479.0177,1484.0635,0.0034922839,0.0062440634,0.6,-0.004664373584091663,0.010398435406386852,57
4,2026-07-31 10:30:00,IPAC,164.21597,164.76628,0.0033948063,0.0036494732,0.6,-0.0059545161202549934,0.013202165253460407,58
4,2026-07-31 10:30:00,VICO,139.49994,139.9689,0.0033782958,0.00058603287,0.6,-0.004886329174041748,0.0130829568952322,59
4,2026-07-31 10:30:00,ASBI,414.4895,415.85245,0.0033618093,0.00010073185,0.6,-0.006472444161772728,0.014641069807112217,60
4,2026-07-31 10:30:00,CCSI,246.45364,247.28015,0.0033511878,0.0031847954,1.0,0.001978111220523715,0.0049631595611572266,61
4,2026-07-31 10:30:00,DEFI,103.78371,104.12516,0.0033352494,0.004890442,0.8,-0.003990113735198975,0.009196233935654163,62
4,2026-07-31 10:30:00,MSJA,400.69223,402.01813,0.0033226728,0.0038428307,0.8,-5.7220458984375e-06,0.006225776858627796,63
4,2026-07-31 10:30:00,BAPI,20.75878,20.828907,0.0033115149,0.0012153387,0.6,-0.0036526559852063656,0.01159355603158474,64
4,2026-07-31 10:30:00,LIVE,202.84297,203.50891,0.003310871,0.0023578405,0.8,-0.0021761893294751644,0.009069704450666904,65
4,2026-07-31 10:30:00,AMIN,239.44109,240.22485,0.003296721,0.0007815361,0.6,-0.001147627830505371,0.009460687637329102,66
4,2026-07-31 10:30:00,WAPO,120.69896,121.094345,0.0032848478,0.0022550821,0.8,-0.0005566953914240003,0.007992529310286045,67
4,2026-07-31 10:30:00,ACRO,60.028553,60.224903,0.0032764196,0.0032541752,1.0,0.0004939079517498612,0.00601570587605238,68
4,2026-07-31 10:30:00,PTMP,61.921913,62.12066,0.0032646297,0.0032052994,0.6,-0.004710173700004816,0.010924672707915306,69
4,2026-07-31 10:30:00,TYRE,111.95542,112.31947,0.0032628537,0.0021972656,0.6,-0.0022925138473510742,0.010129546746611595,70
4,2026-07-31 10:30:00,RICY,77.27948,77.5212,0.0032168627,0.008162618,0.6,-0.007999611087143421,0.011956429108977318,71
4,2026-07-31 10:30:00,LINK,1388.2704,1392.6727,0.0032074333,0.0015183687,0.8,-0.0013696789974346757,0.009527323767542839,72
4,2026-07-31 10:30:00,BBYB,241.9836,242.74605,0.0031509162,0.00421679,1.0,0.0010699511040002108,0.004586935043334961,73
4,2026-07-31 10:30:00,LPKR,61.33676,61.52879,0.0031497478,0.0010989904,0.6,-0.0007359624141827226,0.00844635907560587,74
4,2026-07-31 10:30:00,DGIK,125.362206,125.742905,0.0030934573,0.0018217564,0.6,-0.0017312407726421952,0.008767438121140003,75
4,2026-07-31 10:30:00,BULL,446.7018,448.08075,0.0030757547,0.002563715,0.6,-0.005257546901702881,0.01322395633906126,76
4,2026-07-31 10:30:00,DOSS,161.8592,162.33157,0.003050244,0.0029568672,0.8,-0.0005499720573425293,0.006780171301215887,77
4,2026-07-31 10:30:00,CUAN,656.016,658.0052,0.0030202507,0.0017106533,0.6,-0.002175879431888461,0.009022330865263939,78
4,2026-07-31 10:30:00,CHEM,64.236534,64.43006,0.003013301,0.00024330616,0.6,-0.0007057070615701377,0.008933113887906075,79
4,2026-07-31 10:30:00,LUCY,251.97012,252.71635,0.0030004382,0.0013606548,0.6,-0.0010487555991858244,0.00812370702624321,80
4,2026-07-31 10:30:00,CGAS,151.73634,152.17819,0.0029095649,0.0020139217,1.0,0.0017062186961993575,0.00470201950520277,81
4,2026-07-31 10:30:00,PCAR,40.696007,40.813232,0.0029084086,0.00061893463,0.8,-0.0007759213331155479,0.00821826420724392,82
4,2026-07-31 10:30:00,SMKL,150.81691,151.26091,0.0029064058,0.003063202,0.8,-0.0012441753642633557,0.007118463050574064,83
4,2026-07-31 10:30:00,DGNS,233.29678,233.9561,0.0028270246,0.0031087399,0.8,-0.0025744675658643246,0.00790543481707573,84
4,2026-07-31 10:30:00,ASPR,147.68784,148.09909,0.0028040768,0.004719615,0.8,-0.0011908411979675293,0.005139470100402832,85
4,2026-07-31 10:30:00,BNBA,736.7667,738.8122,0.00280056,0.0033352375,0.8,-0.004086780361831188,0.008937716484069824,86
4,2026-07-31 10:30:00,JGLE,63.09071,63.26479,0.002789724,0.00039184093,0.6,-0.005236947443336248,0.011691021732985973,87
4,2026-07-31 10:30:00,AISA,120.291115,120.61951,0.002738142,0.00011122227,0.6,-0.0011002778774127364,0.008949278853833675,88
4,2026-07-31 10:30:00,PDES,407.75143,408.861,0.0027154326,0.00020170212,0.8,-0.0001871705026132986,0.008013414219021797,89
4,2026-07-31 10:30:00,TRGU,162.27536,162.71393,0.0027088285,0.0032616854,0.8,-0.0010142445098608732,0.005717944819480181,90
4,2026-07-31 10:30:00,ABDA,3408.6758,3417.7603,0.002688539,0.00014090538,0.6,-0.00045437813969329,0.007984423078596592,91
4,2026-07-31 10:30:00,HELI,182.03833,182.51422,0.0026374222,0.0034632683,0.6,-0.0027273534797132015,0.007321143057197332,92
4,2026-07-31 10:30:00,KRYA,59.61839,59.772987,0.0026292682,0.0024869442,0.8,-0.002192628337070346,0.00760803185403347,93
4,2026-07-31 10:30:00,SILO,2068.1577,2073.5195,0.0026123524,0.0024715662,0.8,-0.0012824535369873047,0.0065413713455200195,94
4,2026-07-31 10:30:00,SSTM,394.2277,395.23892,0.0026080608,0.004144907,0.8,-0.004874682519584894,0.00898802187293768,95
4,2026-07-31 10:30:00,ENRG,1260.4016,1263.6584,0.002590239,0.0026048422,0.6,-0.002246510935947299,0.007855700328946114,96
4,2026-07-31 10:30:00,CBRE,682.6251,684.3799,0.0025694966,0.00025844574,0.8,-1.3768672943115234e-05,0.0064713237807154655,97
4,2026-07-31 10:30:00,ELPI,716.68494,718.48914,0.0025517822,0.0022249222,0.6,-0.000830960285384208,0.00626106234267354,98
4,2026-07-31 10:30:00,PACK,225.16508,225.73026,0.002523637,0.0032820702,0.6,-0.003346347715705633,0.007682156283408403,99
4,2026-07-31 10:30:00,RAAM,204.76074,205.27255,0.0025031925,0.0026453733,0.8,3.596546594053507e-05,0.004732704255729914,100
4,2026-07-31 10:30:00,INDO,171.15836,171.58472,0.0024848222,0.004392028,0.6,-0.0010434627765789628,0.005098438356071711,101
4,2026-07-31 10:30:00,HAIS,180.29697,180.73505,0.0024510385,0.0006853342,0.6,-0.0011444449191913009,0.007633804343640804,102
4,2026-07-31 10:30:00,MLIA,229.5187,230.07417,0.0024278045,0.0019247532,0.8,-0.0007670760387554765,0.005803537089377642,103
4,2026-07-31 10:30:00,VINS,139.13408,139.46704,0.002400112,0.001568079,0.8,-0.00023381708888337016,0.005876397714018822,104
4,2026-07-31 10:30:00,DVLA,1592.0443,1595.8365,0.002387607,0.0013791323,0.8,0.00019658805103972554,0.005467557348310947,105
4,2026-07-31 10:30:00,JIHD,416.76196,417.73535,0.0023543716,0.0001975298,0.6,-0.0013995170593261719,0.007722496520727873,106
4,2026-07-31 10:30:00,JARR,1911.1566,1915.5947,0.002333188,0.002240777,0.6,-0.0009360432741232216,0.005783557891845703,107
4,2026-07-31 10:30:00,BBLD,582.0077,583.32904,0.0023239017,0.0029672384,0.8,-0.010305368341505527,0.014193389564752579,108
4,2026-07-31 10:30:00,CITA,3257.021,3264.5703,0.0023200393,0.0035276413,0.8,-0.0009320378303527832,0.004617500118911266,109
4,2026-07-31 10:30:00,DRMA,940.1354,942.26434,0.0022876621,0.002450943,0.6,-0.0016840696334838867,0.006604408845305443,110
4,2026-07-31 10:30:00,RBMS,64.5956,64.74199,0.0022607087,0.0022506714,0.8,-0.001316118286922574,0.00562317343428731,111
4,2026-07-31 10:30:00,PART,101.89808,102.12661,0.0022560835,0.0030379295,0.8,-0.001103734946809709,0.005232166964560747,112
4,2026-07-31 10:30:00,MANG,39.73708,39.82121,0.002222204,0.010529757,0.6,-0.0132063627243042,0.01216733455657959,113
4,2026-07-31 10:30:00,EXCL,2419.1724,2424.5063,0.0022046803,0.0012141466,1.0,0.0006726264837197959,0.004624771885573864,114
4,2026-07-31 10:30:00,TBMS,1184.4523,1187.0278,0.0021916747,0.0004924536,0.6,-0.003889417741447687,0.009938334114849567,115
4,2026-07-31 10:30:00,DART,126.87887,127.153275,0.002174008,0.0016760826,0.8,-0.001589095452800393,0.005816626362502575,116
4,2026-07-31 10:30:00,UDNG,1094.5029,1096.8542,0.0021738291,4.6133995e-05,0.6,-0.0022099255584180355,0.008738873526453972,117
4,2026-07-31 10:30:00,SMBR,161.01028,161.35913,0.0021646738,0.0028606653,0.8,-0.0007985591655597091,0.004804753698408604,118
4,2026-07-31 10:30:00,ASRM,259.68915,260.24985,0.0021622777,0.0029495955,0.8,-0.0015420556301251054,0.005440806970000267,119
4,2026-07-31 10:30:00,SSMS,1002.0604,1004.16815,0.002110505,0.0013713837,1.0,0.000928902649320662,0.0038723465986549854,120
4,2026-07-31 10:30:00,CLAY,2325.048,2329.7998,0.0020759464,0.00018203259,0.6,-0.007241522893309593,0.012888835743069649,121
4,2026-07-31 10:30:00,ALII,723.2269,724.7007,0.002047646,0.00097191334,0.8,-0.0017901777755469084,0.006266069132834673,122
4,2026-07-31 10:30:00,SOTS,585.0217,586.2095,0.0020396828,0.00054371357,0.6,-0.0018264412647113204,0.0069876667112112045,123
4,2026-07-31 10:30:00,BTPS,996.986,998.97644,0.0020142435,0.0011711121,0.8,-0.002958881901577115,0.0068604229018092155,124
4,2026-07-31 10:30:00,BBRM,114.89097,115.117935,0.0020082474,0.000905633,0.6,-0.0012609362602233887,0.005985450465232134,125
4,2026-07-31 10:30:00,KDSI,449.68286,450.5765,0.0019964813,0.00053215027,0.6,-0.0009664535755291581,0.006182598881423473,126
4,2026-07-31 10:30:00,ASLI,190.31018,190.6873,0.0019838451,0.001834631,0.6,-0.0018666505347937346,0.006559586152434349,127
4,2026-07-31 10:30:00,GZCO,153.5666,153.86606,0.0019665598,0.0009518862,0.8,-0.0008002400281839073,0.005586694926023483,128
4,2026-07-31 10:30:00,PEGE,92.1869,92.36744,0.0019613027,0.000838995,1.0,0.00034396647242829204,0.004252934362739325,129
4,2026-07-31 10:30:00,SRAJ,11570.432,11592.811,0.0019474507,0.0006480217,0.8,-0.0030410049948841333,0.007935808971524239,130
4,2026-07-31 10:30:00,CHIP,904.9518,906.7087,0.0019412637,0.0026379824,0.6,-0.0009445667383261025,0.004789519123733044,131
4,2026-07-31 10:30:00,MBAP,1401.4292,1404.1504,0.0019403457,0.0017489195,0.8,-0.00015630724374204874,0.004134774208068848,132
4,2026-07-31 10:30:00,FITT,351.5046,352.17184,0.0019279122,0.001940608,0.6,-0.005797469522804022,0.010126827284693718,133
4,2026-07-31 10:30:00,PTSN,267.2597,267.76758,0.001895237,0.0015460253,0.8,-0.0003086805227212608,0.004536795429885387,134
4,2026-07-31 10:30:00,MASB,3347.4102,3353.6938,0.0018871069,5.9723854e-05,0.6,-0.0012775182258337736,0.006385302171111107,135
4,2026-07-31 10:30:00,DAYA,987.5499,989.37854,0.0018870473,0.0023754835,0.8,-0.0037809491623193026,0.006715607363730669,136
4,2026-07-31 10:30:00,TRUK,421.75732,422.5419,0.0018627882,0.00095152855,0.6,-0.0005801558727398515,0.005132817663252354,137
4,2026-07-31 10:30:00,BSIM,700.54584,701.84015,0.0018434763,0.0008932352,0.8,-0.0012411593925207853,0.005329751875251532,138
4,2026-07-31 10:30:00,SBMA,105.87258,106.06736,0.0018402338,0.0036655664,0.6,-0.002872156910598278,0.00529510946944356,139
4,2026-07-31 10:30:00,TOTO,242.28462,242.72012,0.0018159628,0.0038830042,0.8,-0.0036811111494898796,0.005255508236587048,140
4,2026-07-31 10:30:00,KBAG,40.770916,40.839912,0.001805532,0.0026615858,0.6,-0.011233698576688766,0.014561984688043594,141
4,2026-07-31 10:30:00,MDLA,209.65215,210.02963,0.001801312,0.00021255016,0.6,-0.000691103923600167,0.0052013397216796875,142
4,2026-07-31 10:30:00,PPRI,149.06387,149.3299,0.0017880679,0.0028188229,0.8,-0.0012195586459711194,0.003994559869170189,143
4,2026-07-31 10:30:00,SAPX,213.22371,213.5977,0.001762414,0.00289011,0.6,-0.004582142923027277,0.00742650032043457,144
4,2026-07-31 10:30:00,MOLI,269.01178,269.4931,0.0017556191,0.0004221201,0.6,-0.0028957247268408537,0.0071988338604569435,145
4,2026-07-31 10:30:00,LPCK,525.16327,526.09705,0.0017319322,0.0033370256,0.6,-0.006861197762191296,0.009314870461821556,146
4,2026-07-31 10:30:00,CTRA,574.7845,575.7707,0.0017068147,0.001855731,0.6,-0.0009982585906982422,0.004346370697021484,147
4,2026-07-31 10:30:00,NCKL,878.20886,879.703,0.001684773,0.0013526678,0.8,-0.0017177462577819824,0.004974627401679754,148
4,2026-07-31 10:30:00,OPMS,103.80288,103.97778,0.0016803264,0.0023792982,0.8,-0.0009439467685297132,0.0036976574920117855,149
4,2026-07-31 10:30:00,CYBR,547.8717,548.7799,0.001663375,0.0015435219,0.8,-0.0004890441196039319,0.003891443833708763,150
4,2026-07-31 10:30:00,JECC,609.784,610.7674,0.0016437173,0.00027811527,0.6,-0.004532754421234131,0.008376740850508213,151
4,2026-07-31 10:30:00,ERAA,401.5812,402.23093,0.001617539,0.000369668,0.6,-0.0003728508891072124,0.004341315943747759,152
4,2026-07-31 10:30:00,GMTD,1408.8435,1411.1099,0.0016062498,0.004138112,0.6,-0.004597604274749756,0.00593953114002943,153
4,2026-07-31 10:30:00,SNLK,218.32693,218.67737,0.0016033172,0.0014183521,0.6,-0.00019538402557373047,0.0036464212462306023,154
4,2026-07-31 10:30:00,ACST,81.77611,81.90504,0.0015761256,0.0016367435,0.6,-0.0023962974082678556,0.005627441219985485,155
4,2026-07-31 10:30:00,MDKI,181.13612,181.42068,0.001569593,0.0013891459,0.8,-2.282857894897461e-05,0.0034931418485939503,156
4,2026-07-31 10:30:00,IRRA,374.9136,375.50015,0.0015695452,0.0016298294,0.6,-0.00156993861310184,0.004733347799628973,157
4,2026-07-31 10:30:00,MLPT,1587.2894,1589.6279,0.0015668988,0.0007059574,0.6,-0.007100379094481468,0.010778950527310371,158
4,2026-07-31 10:30:00,CBPE,303.5988,304.07083,0.0015604019,0.0005762577,0.6,-0.0031045079231262207,0.006899189669638872,159
4,2026-07-31 10:30:00,PBID,534.1144,534.94116,0.0015500784,0.0015438795,0.8,0.00037934782449156046,0.002764964010566473,160
4,2026-07-31 10:30:00,SWID,103.131,103.29237,0.0015434384,0.0009227991,0.6,-0.003220581915229559,0.006628274917602539,161
4,2026-07-31 10:30:00,WEHA,102.84517,103.0021,0.001538372,0.00090682507,0.6,-0.00234796991571784,0.0056768180802464485,162
4,2026-07-31 10:30:00,DMMX,179.86125,180.13823,0.0015335679,0.0013432503,0.8,-0.005418193526566029,0.007779979612678289,163
4,2026-07-31 10:30:00,PGEO,1018.7477,1020.2882,0.0015133142,0.001182437,1.0,0.0003352165222167969,0.002958345226943493,164
4,2026-07-31 10:30:00,MAIN,710.1427,711.20624,0.0014971017,0.0010124445,0.8,-0.0002952098730020225,0.0037518737372010946,165
4,2026-07-31 10:30:00,WTON,76.915184,77.02974,0.001493752,0.0016590357,0.8,-0.0006978392484597862,0.003614735323935747,166
4,2026-07-31 10:30:00,FPNI,323.67123,324.14197,0.0014847756,0.00069749355,0.6,-0.002909755799919367,0.00627322169020772,167
4,2026-07-31 10:30:00,CRSN,106.98811,107.14577,0.0014774442,0.0011748075,0.6,-0.0012143135536462069,0.004346179775893688,168
4,2026-07-31 10:30:00,NOBU,446.73798,447.39178,0.0014737844,0.000991106,0.8,0.00010209085303358734,0.003269696142524481,169
4,2026-07-31 10:30:00,ADMR,1483.249,1485.4333,0.0014636039,0.00119102,0.8,-0.0003763437271118164,0.0033722398802638054,170
4,2026-07-31 10:30:00,MTEL,453.6753,454.32452,0.0014327646,7.557869e-05,0.6,-0.0006409764173440635,0.004265522584319115,171
4,2026-07-31 10:30:00,MPMX,986.889,988.2952,0.0014254332,0.0014276505,1.0,0.000354766845703125,0.0025245426222682,172
4,2026-07-31 10:30:00,BMAS,480.285,480.96075,0.0014149308,0.00063586235,0.6,-0.0006173729780130088,0.004033470060676336,173
4,2026-07-31 10:30:00,DYAN,81.17533,81.28938,0.0014085292,0.0013650656,0.8,-4.031654680147767e-05,0.002795314649119973,174
4,2026-07-31 10:30:00,MORA,6120.633,6128.9775,0.0013726115,0.0007686615,0.6,-0.0015646815299987793,0.004781960975378752,175
4,2026-07-31 10:30:00,SMLE,156.41765,156.62775,0.0013358593,0.0012902021,0.6,-0.004998194985091686,0.008105420507490635,176
4,2026-07-31 10:30:00,TCPI,5244.968,5252.1016,0.0013328672,0.0012173653,0.6,-0.0013173341285437346,0.00441210251301527,177
4,2026-07-31 10:30:00,RUNS,62.741554,62.823524,0.0013071776,0.00016975403,0.6,-0.0037229894660413265,0.007288455497473478,178
4,2026-07-31 10:30:00,TRIM,557.41296,558.1333,0.0012983202,0.0023567677,0.6,-0.0027105449698865414,0.004949187859892845,179
4,2026-07-31 10:30:00,PANR,412.04932,412.57553,0.0012768864,0.00062835217,0.6,-0.00025944708613678813,0.0033029315527528524,180
4,2026-07-31 10:30:00,JRPT,1073.8663,1075.2303,0.001272881,0.00034308434,0.6,-0.00022363662719726562,0.0036435360088944435,181
4,2026-07-31 10:30:00,GJTL,1223.5667,1225.1008,0.001259017,0.00036931038,0.8,-0.0006533145788125694,0.0037769791670143604,182
4,2026-07-31 10:30:00,BBHI,901.1554,902.2677,0.0012314081,0.00065624714,0.6,-0.0023086308501660824,0.005025291349738836,183
4,2026-07-31 10:30:00,ADES,37099.816,37145.062,0.0012231946,0.0004988909,0.6,-0.003088748548179865,0.005556655116379261,184
4,2026-07-31 10:30:00,FAPA,7326.879,7335.668,0.0011991858,0.0011767149,0.8,2.9242044547572732e-05,0.0024822710547596216,185
4,2026-07-31 10:30:00,ANDI,17.493366,17.515812,0.0011895299,0.0041931868,0.8,-0.008479725569486618,0.008321523666381836,186
4,2026-07-31 10:30:00,PORT,861.5495,862.51697,0.0011676669,0.0030487776,0.6,-0.006176149472594261,0.007496976293623447,187
4,2026-07-31 10:30:00,INTP,4576.5864,4581.779,0.0011343479,0.0015689135,0.8,-0.0003205060784239322,0.002402043202891946,188
4,2026-07-31 10:30:00,KINO,1211.6602,1213.0026,0.0011244416,0.0008895397,0.6,-0.0005057930829934776,0.003102111630141735,189
4,2026-07-31 10:30:00,NELY,199.86618,200.09053,0.0011237145,0.0017012358,0.8,-0.00016040803166106343,0.0020159482955932617,190
4,2026-07-31 10:30:00,CASA,1812.2341,1814.2332,0.0011134148,0.0018094778,0.6,-0.0028632760513573885,0.004964947234839201,191
4,2026-07-31 10:30:00,WIDI,25.341665,25.359882,0.0011033297,0.0005121231,0.6,-0.025462806224822998,0.0267438143491745,192
4,2026-07-31 10:30:00,TBLA,647.83136,648.5256,0.0010896802,0.0024988651,0.6,-0.0039427755400538445,0.0052114007994532585,193
4,2026-07-31 10:30:00,SMGA,70.85939,70.936104,0.001083231,0.00057697296,0.6,-0.0024097440764307976,0.0047639841213822365,194
4,2026-07-31 10:30:00,AMAR,210.89713,211.1186,0.0010648727,0.000626564,0.6,-0.004301548004150391,0.006902598775923252,195
4,2026-07-31 10:30:00,MCOL,3656.3188,3660.1902,0.0010612607,0.0013114214,0.6,-0.002201640512794256,0.00438842736184597,196
4,2026-07-31 10:30:00,CTTH,128.62294,128.7564,0.0010557056,0.0009752512,0.6,-0.00220987806096673,0.004666637629270554,197
4,2026-07-31 10:30:00,PEHA,259.90225,260.17523,0.00105052,0.00075387955,0.6,-0.0017246126662939787,0.004211306106299162,198
4,2026-07-31 10:30:00,TUGU,1198.6602,1199.9048,0.0010437727,0.00021672249,1.0,0.00012152195267844945,0.0027030701749026775,199
4,2026-07-31 10:30:00,KIOS,93.900375,93.99348,0.0010437608,0.00038540363,0.8,-0.004332220181822777,0.006701802834868431,200
4,2026-07-31 10:30:00,RALS,378.98764,379.3798,0.001040566,0.0025951862,0.6,-0.0023340105544775724,0.003380703739821911,201
4,2026-07-31 10:30:00,IPOL,105.42488,105.533165,0.0010374784,0.0018615723,0.8,-0.003469228744506836,0.004387783817946911,202
4,2026-07-31 10:30:00,DKFT,655.74005,656.4103,0.0010366917,0.0010080338,0.8,-0.002007079077884555,0.004274463281035423,203
4,2026-07-31 10:30:00,INPC,135.63382,135.7711,0.0010274291,0.0021072626,0.6,-0.00439640274271369,0.006477999035269022,204
4,2026-07-31 10:30:00,PUDP,300.2001,300.5058,0.0010197281,0.0008685589,0.8,-0.0027648566756397486,0.004361057188361883,205
4,2026-07-31 10:30:00,SOHO,1195.2701,1196.4828,0.0010176897,0.00037431717,0.6,-0.0011833428870886564,0.0036523817107081413,206
4,2026-07-31 10:30:00,SOFA,210.76665,210.97629,0.0010080099,0.0013976097,0.8,-0.0014317274326458573,0.002807402517646551,207
4,2026-07-31 10:30:00,MEDC,1298.1494,1299.4379,0.0009884953,0.00042176247,0.8,-0.0001383662165608257,0.0024154901038855314,208
4,2026-07-31 10:30:00,CLPI,1547.851,1549.3284,0.0009605646,0.00035727024,0.6,-0.001177287078462541,0.0038289304357022047,209
4,2026-07-31 10:30:00,REAL,50.256218,50.30448,0.0009591103,0.00070786476,0.8,-0.0005758762126788497,0.0024867295287549496,210
4,2026-07-31 10:30:00,MNCN,203.51823,203.70848,0.0009459138,4.6491623e-06,0.6,-0.004866075702011585,0.006980275735259056,211
4,2026-07-31 10:30:00,RISE,1009.4285,1010.3626,0.00094109774,0.0011326075,0.8,-0.004132186993956566,0.005212044343352318,212
4,2026-07-31 10:30:00,FORE,639.287,639.8833,0.0009217143,0.0005351305,0.6,-0.0017122268909588456,0.004052137956023216,213
4,2026-07-31 10:30:00,RMKO,284.70367,284.94955,0.0009105563,7.379055e-05,0.6,-0.004020893480628729,0.006090020760893822,214
4,2026-07-31 10:30:00,MCOR,68.09125,68.15365,0.0009087205,0.0017229319,0.6,-0.005168461706489325,0.006740998476743698,215
4,2026-07-31 10:30:00,UVCR,146.95798,147.08844,0.00089473726,0.0009826422,0.8,-0.002491426421329379,0.0038390634581446648,216
4,2026-07-31 10:30:00,BNLI,2170.8784,2172.7375,0.0008912802,0.0038776398,0.6,-0.004804134368896484,0.004450988955795765,217
4,2026-07-31 10:30:00,DAAZ,1546.3887,1547.7675,0.00088971853,0.0007711649,0.8,-0.0007749437936581671,0.0023976087104529142,218
4,2026-07-31 10:30:00,TAMU,21.420301,21.438778,0.00087379216,0.0029603243,0.8,-0.0034618733916431665,0.00338933477178216,219
4,2026-07-31 10:30:00,HOKI,54.07409,54.116627,0.000841248,0.0047136545,0.6,-0.009946966543793678,0.009800003841519356,220
4,2026-07-31 10:30:00,RANC,502.2833,502.69745,0.0008410692,0.000436306,0.6,-0.003532016184180975,0.00560526829212904,221
4,2026-07-31 10:30:00,CNMA,89.88196,89.956,0.0008336067,0.0017483234,0.6,-0.0012305378913879395,0.0023921250831335783,222
4,2026-07-31 10:30:00,ADMG,222.64429,222.82431,0.0008293271,0.0005840063,0.6,-0.003249228000640869,0.0050462717190384865,223
4,2026-07-31 10:30:00,TSPC,2853.2725,2855.5725,0.0008101344,0.0007889271,0.6,-0.0016567468410357833,0.0034381388686597347,224
4,2026-07-31 10:30:00,BRRC,56.88378,56.929493,0.00080887077,0.0003732443,0.6,-0.0027799843810498714,0.005083417519927025,225
4,2026-07-31 10:30:00,ADRO,2462.9512,2464.8677,0.0007962942,0.0004017353,0.6,-0.004719579126685858,0.0067334650084376335,226
4,2026-07-31 10:30:00,PZZA,185.42639,185.57138,0.0007875919,0.0011185408,0.6,-0.001031041145324707,0.0023246766068041325,227
4,2026-07-31 10:30:00,ISSP,429.31244,429.6504,0.0007843018,0.0011150837,0.8,-0.001815366675145924,0.003050279337912798,228
4,2026-07-31 10:30:00,SMKM,70.30319,70.35625,0.0007808447,0.0016490221,0.6,-0.0037775873206555843,0.005340337287634611,229
4,2026-07-31 10:30:00,NINE,73.95821,74.01527,0.00077371596,0.00065386295,0.6,-0.003367888741195202,0.005140423309057951,230
4,2026-07-31 10:30:00,BNGA,1645.2754,1646.5476,0.0007729888,0.0012508631,0.8,-0.00020586252503562719,0.00147333147469908,231
4,2026-07-31 10:30:00,KOCI,96.251564,96.32571,0.0007704735,0.0014772415,0.6,-0.002976143267005682,0.0036871670745313168,232
4,2026-07-31 10:30:00,ARNA,487.28613,487.6433,0.0007332206,0.00036001205,0.6,-0.00023405550746247172,0.0018951415549963713,233
4,2026-07-31 10:30:00,MUTU,108.63796,108.715614,0.00073252915,0.0016943216,0.8,-0.006945979315787554,0.00701513234525919,234
4,2026-07-31 10:30:00,RIGS,673.01697,673.47327,0.00071896316,0.0016223192,0.8,-0.011544573120772839,0.010861539281904697,235
4,2026-07-31 10:30:00,SLIS,62.517597,62.56129,0.00071583985,0.0018160343,0.6,-0.004822039511054754,0.006019734777510166,236
4,2026-07-31 10:30:00,STAR,268.15356,268.3428,0.0007132053,0.0014895201,0.6,-0.00326725235208869,0.004435181617736816,237
4,2026-07-31 10:30:00,SMSM,1778.975,1780.2377,0.0007058978,0.0015597343,0.6,-0.0010137080680578947,0.0020350217819213867,238
4,2026-07-31 10:30:00,OBAT,245.61276,245.78036,0.00068552495,0.0037087202,0.8,-0.006498551461845636,0.005075335502624512,239
4,2026-07-31 10:30:00,SMMA,20185.535,20199.08,0.00066720246,0.0013463497,0.6,-0.0038988112937659025,0.0048781391233205795,240
4,2026-07-31 10:30:00,BSSR,4296.3994,4299.2554,0.00066705944,0.0003323555,0.8,-0.0003433585225138813,0.0019347189227119088,241
4,2026-07-31 10:30:00,INDF,6910.798,6915.3633,0.00066256523,0.0011413097,0.6,-0.0008972048526629806,0.00202333927154541,242
4,2026-07-31 10:30:00,MEGA,1952.6082,1953.888,0.0006533265,0.00037062168,0.6,-0.001228892826475203,0.002972817048430443,243
4,2026-07-31 10:30:00,DCII,191078.66,191199.39,0.0006331682,0.0007635355,0.8,-0.00038769241655245423,0.0015193461440503597,244
4,2026-07-31 10:30:00,FUJI,206.93596,207.05074,0.0006314755,0.003610611,0.6,-0.006206059362739325,0.006130408961325884,245
4,2026-07-31 10:30:00,CBDK,3750.1587,3752.519,0.0006312489,0.0009047985,0.8,-0.0015572905540466309,0.0025324104353785515,246
4,2026-07-31 10:30:00,UFOE,133.89607,133.98143,0.0006264687,0.00082981586,0.6,-0.0035937190987169743,0.004319882486015558,247
4,2026-07-31 10:30:00,KLBF,692.1,692.5205,0.00062441826,0.0004528761,0.6,-0.0016426444053649902,0.00302963238209486,248
4,2026-07-31 10:30:00,NICL,484.49146,484.7679,0.0006145,0.00093746185,0.6,-0.0070487260818481445,0.007795357145369053,249
4,2026-07-31 10:30:00,POWR,721.3532,721.7877,0.0006032586,0.0004092455,0.6,-0.0005151272052899003,0.0018101453315466642,250
4,2026-07-31 10:30:00,IKBI,568.63745,568.97,0.0005985618,0.0013363361,0.8,-0.0024883151054382324,0.002995896153151989,251
4,2026-07-31 10:30:00,TGKA,4846.045,4848.814,0.00058373215,0.00031733513,0.8,-0.006149923894554377,0.006640315055847168,252
4,2026-07-31 10:30:00,SATU,260.14542,260.29697,0.00058254006,0.000344038,0.6,-0.0007399916648864746,0.001949477125890553,253
4,2026-07-31 10:30:00,VKTR,714.79706,715.1915,0.0005682111,0.00057542324,0.6,-0.005229544825851917,0.006377076730132103,254
4,2026-07-31 10:30:00,LPGI,622.03296,622.3493,0.0005570054,0.0004566908,0.6,-0.004649639129638672,0.006111788563430309,255
4,2026-07-31 10:30:00,MGRO,686.1064,686.4837,0.0005566239,0.0009675026,0.6,-0.003698623040691018,0.004442333709448576,256
4,2026-07-31 10:30:00,DNAR,125.56034,125.6299,0.00055497885,0.0021021366,0.6,-0.0030933618545532227,0.0033145665656775236,257
4,2026-07-31 10:30:00,BNII,188.28282,188.38431,0.0005471945,0.00072169304,0.6,-0.003286993596702814,0.004128456115722656,258
4,2026-07-31 10:30:00,TOSK,67.14093,67.178406,0.00054510834,0.000741601,0.8,-0.00261267414316535,0.0033877131063491106,259
4,2026-07-31 10:30:00,BAIK,777.35364,777.76324,0.00052491424,0.001521945,0.6,-0.002711391542106867,0.003227472072467208,260
4,2026-07-31 10:30:00,MAHA,142.71573,142.79045,0.00052444934,0.0013940334,0.6,-0.0023352503776550293,0.0027546642813831568,261
4,2026-07-31 10:30:00,CAMP,169.84056,169.92798,0.00051852467,0.00035881996,0.8,-0.0008598208078183234,0.002047657733783126,262
4,2026-07-31 10:30:00,TINS,3579.9343,3581.7903,0.00051323173,0.001698494,0.6,-0.005528914742171764,0.00625574542209506,263
4,2026-07-31 10:30:00,SAME,299.63385,299.78635,0.00051243306,0.0003026724,0.8,-0.00020775794109795243,0.001432990888133645,264
4,2026-07-31 10:30:00,ASII,4912.355,4914.8564,0.00050662755,0.00021135807,0.6,-0.0008345484384335577,0.002142858225852251,265
4,2026-07-31 10:30:00,PGLI,201.81818,201.91014,0.0005060315,0.0009561777,0.6,-0.009475934319198132,0.010635685175657272,266
4,2026-07-31 10:30:00,PWON,266.59222,266.726,0.0005047202,0.0012989044,0.8,-0.0017576575046405196,0.0020933151245117188,267
4,2026-07-31 10:30:00,WOMF,247.39346,247.5129,0.00048885343,0.00199759,0.6,-0.00290833692997694,0.002916860394179821,268
4,2026-07-31 10:30:00,UNTR,24076.816,24088.178,0.00048115253,0.00038957596,0.6,-0.003055524779483676,0.004072880372405052,269
4,2026-07-31 10:30:00,ANJT,1452.416,1453.0881,0.00046664476,0.00043582916,0.6,-0.0013031602138653398,0.0023961064871400595,270
4,2026-07-31 10:30:00,BKSW,53.387596,53.41215,0.000463593,0.0013295412,0.6,-0.004315876867622137,0.0049051521345973015,271
4,2026-07-31 10:30:00,MEJA,96.35771,96.3991,0.0004423976,0.0018125772,0.8,-0.004077613353729248,0.003441762877628207,272
4,2026-07-31 10:30:00,BWPT,80.87045,80.90511,0.00044021607,0.0011868477,0.6,-0.001719915890134871,0.002153110457584262,273
4,2026-07-31 10:30:00,SFAN,1966.1184,1966.9514,0.0004231572,0.0010623932,0.6,-0.0011382937664166093,0.0017307042144238949,274
4,2026-07-31 10:30:00,MBMA,484.69208,484.8921,0.00041640998,6.604195e-05,0.6,-0.0019940496422350407,0.002932762959972024,275
4,2026-07-31 10:30:00,TPIA,2074.6672,2075.5098,0.0004129529,0.00060141087,0.6,-0.002972924616187811,0.0038259741850197315,276
4,2026-07-31 10:30:00,SPRE,89.78105,89.81844,0.0004110813,0.002196312,0.6,-0.004400730133056641,0.004225730895996094,277
4,2026-07-31 10:30:00,AUTO,2772.106,2773.2163,0.00039994717,0.0005708933,0.6,-0.0012503743637353182,0.0018833159701898694,278
4,2026-07-31 10:30:00,IATA,56.737236,56.759132,0.0003974557,0.000623703,0.6,-0.0032885908149182796,0.004023575223982334,279
4,2026-07-31 10:30:00,INDS,269.4395,269.5371,0.00037715436,0.0014030933,0.6,-0.005233859643340111,0.0053199524991214275,280
4,2026-07-31 10:30:00,CLEO,385.05978,385.19647,0.00037482977,0.00094878674,0.8,-0.004317534156143665,0.004594349302351475,281
4,2026-07-31 10:30:00,MPOW,103.889305,103.928894,0.00037161112,0.00084006786,0.8,-0.004849731922149658,0.004879760555922985,282
4,2026-07-31 10:30:00,PEVE,331.30292,331.42432,0.00036922694,0.0010305643,0.6,-0.001019167946651578,0.0014296770095825195,283
4,2026-07-31 10:30:00,CARE,417.0923,417.24707,0.00036854745,0.00012552738,0.6,-0.0004681229474954307,0.0014960526023060083,284
4,2026-07-31 10:30:00,YOII,83.665695,83.6936,0.00033040048,0.0008814335,0.6,-0.00396417360752821,0.004275393206626177,285
4,2026-07-31 10:30:00,TPMA,463.1499,463.29498,0.0003212571,0.0021595955,0.8,-0.003630125429481268,0.002796602202579379,286
4,2026-07-31 10:30:00,GDYR,1091.9147,1092.2413,0.00030055045,0.00063192844,0.6,-0.0033469318877905607,0.003790545044466853,287
4,2026-07-31 10:30:00,MYOR,1720.8743,1721.3411,0.00027450323,0.00066947937,0.6,-0.0016568303108215332,0.001932620769366622,288
4,2026-07-31 10:30:00,PDPP,278.04007,278.11798,0.00027273892,8.070469e-05,0.6,-0.0038997649680823088,0.0046612974256277084,289
4,2026-07-31 10:30:00,AGII,2901.3418,2902.1333,0.0002605915,0.0014910698,0.6,-0.002370119094848633,0.0020980595145374537,290
4,2026-07-31 10:30:00,ERAL,306.85202,306.9214,0.00023207665,0.0019353628,0.6,-0.0043547749519348145,0.0040457723662257195,291
4,2026-07-31 10:30:00,LAPD,60.249725,60.2631,0.00023059845,0.0025225878,0.8,-0.005824756342917681,0.004149389453232288,292
4,2026-07-31 10:30:00,CITY,167.13765,167.17583,0.0002273798,0.0006695986,0.6,-0.005190217401832342,0.005383586511015892,293
4,2026-07-31 10:30:00,BPTR,74.6736,74.68703,0.00019387007,0.00015175343,0.6,-0.0025107741821557283,0.0031817909330129623,294
4,2026-07-31 10:30:00,INCO,4830.984,4831.7783,0.00017188788,0.0005544424,0.8,-0.0015746473800390959,0.001447653747163713,295
4,2026-07-31 10:30:00,MERK,3911.6812,3912.2878,0.00015467405,0.0010709763,0.6,-0.002171933650970459,0.0020484444685280323,296
4,2026-07-31 10:30:00,PNLF,228.63692,228.66763,0.00013794898,0.0013604164,0.6,-0.005616700742393732,0.005629300605505705,297
4,2026-07-31 10:30:00,PNBS,50.005604,50.012115,0.00013022423,0.00013017654,1.0,0.00012953281111549586,0.00013096332259010524,298
4,2026-07-31 10:30:00,CASS,1894.1426,1894.3245,9.843111e-05,0.001327157,0.6,-0.00308399205096066,0.0022301434073597193,299
4,2026-07-31 10:30:00,ELSA,685.11536,685.17004,8.3553794e-05,0.0009828806,0.6,-0.0017840027576312423,0.0012815952068194747,300
4,2026-07-31 10:30:00,AMMS,278.96826,278.98712,6.875992e-05,0.0034496784,0.6,-0.00816437043249607,0.006701946258544922,301
4,2026-07-31 10:30:00,ULTJ,1381.5375,1381.6089,5.121231e-05,0.00011622906,0.6,-0.0010428071254864335,0.0010962247615680099,302
4,2026-07-31 10:30:00,SCCO,2284.5918,2284.6987,4.643202e-05,0.00020730495,0.6,-0.001993417739868164,0.002101039746776223,303
4,2026-07-31 10:30:00,PBRX,25.621548,25.622192,4.4453143e-05,0.0003476143,0.6,-0.003710281802341342,0.0038092131726443768,304
4,2026-07-31 10:30:00,BJBR,783.7839,783.8094,3.20673e-05,0.00032794476,0.6,-0.0013019799953326583,0.0012282131938263774,305
4,2026-07-31 10:30:00,MPPA,47.326374,47.323322,1.8191338e-05,0.0004950762,0.6,-0.01005561277270317,0.008600354194641113,306
4,2026-07-31 10:30:00,BCAP,50.01477,50.015125,7.1525574e-06,7.1525574e-06,1.0,7.152557373046875e-06,7.152557373046875e-06,307
4,2026-07-31 10:30:00,WEGE,49.991344,49.99141,1.3113022e-06,1.3113022e-06,1.0,1.3113021850585938e-06,1.3113021850585938e-06,308
4,2026-07-31 10:30:00,TMAS,121.74036,121.73869,2.861023e-07,0.00021624565,0.6,-0.00471308222040534,0.0047283167950809,309
5,2026-07-31 11:00:00,MDIA,172.97476,174.7175,0.010116732,0.017815351,0.6,-0.011182630434632301,0.027303408831357956,1
5,2026-07-31 11:00:00,OMRE,1108.9678,1118.472,0.0086044315,0.0077289343,1.0,0.003819036530330777,0.014305995777249336,2
5,2026-07-31 11:00:00,PLAN,38.83967,39.12976,0.007762754,0.0036615133,0.6,-0.008316408842802048,0.025648735463619232,3
5,2026-07-31 11:00:00,SHID,616.23584,620.937,0.007614148,0.007974863,0.6,-0.005073070526123047,0.019986175000667572,4
5,2026-07-31 11:00:00,PTSP,886.8621,893.3338,0.007506645,0.0013257265,0.6,-0.0023060915991663933,0.022394035011529922,5
5,2026-07-31 11:00:00,BRAM,4468.9526,4500.076,0.0070183156,0.0028049946,0.8,-0.0015737414360046387,0.018317531794309616,6
5,2026-07-31 11:00:00,IPTV,31.354654,31.573263,0.006956148,0.0046286583,0.8,0.00018315319903194904,0.015320038422942162,7
5,2026-07-31 11:00:00,PPRO,15.607771,15.702594,0.0060924767,0.006511569,1.0,0.0014954328071326017,0.01091606542468071,8
5,2026-07-31 11:00:00,HRME,42.48964,42.734425,0.0058022975,0.004204154,0.6,-0.007461595349013805,0.02091958373785019,9
5,2026-07-31 11:00:00,KING,261.62778,263.11618,0.005655992,0.007995844,0.8,0.0007428288226947188,0.008948135189712048,10
5,2026-07-31 11:00:00,LUCK,106.88844,107.46394,0.005380416,0.0039767027,1.0,0.0024339198134839535,0.009186744689941406,11
5,2026-07-31 11:00:00,TRUS,415.6668,417.86444,0.005292177,0.0035752058,1.0,0.0025229216553270817,0.009125208482146263,12
5,2026-07-31 11:00:00,MEDS,74.14286,74.53352,0.0052591683,0.0073599815,0.8,0.00022634270135313272,0.009237575344741344,13
5,2026-07-31 11:00:00,TRST,456.11377,458.35162,0.004925704,0.0039321184,1.0,0.0007200479740276933,0.010389303788542747,14
5,2026-07-31 11:00:00,ELTY,31.083527,31.219833,0.0044089435,0.003441453,0.6,-0.0037440299056470394,0.014455889351665974,15
5,2026-07-31 11:00:00,RSGK,968.27313,972.51794,0.0043869973,0.005697131,0.6,-0.0016007304657250643,0.010004829615354538,16
5,2026-07-31 11:00:00,KJEN,151.61758,152.26964,0.004271841,0.0011017323,0.8,-0.00039560795994475484,0.010455512441694736,17
5,2026-07-31 11:00:00,ALDO,852.036,855.658,0.004256797,0.0027964115,1.0,0.0011796236503869295,0.00869290716946125,18
5,2026-07-31 11:00:00,SKBM,541.40454,543.696,0.004201102,0.005553484,0.8,-0.002008628798648715,0.009189795702695847,19
5,2026-07-31 11:00:00,BAUT,28.409191,28.526926,0.0041039707,0.00054228306,0.6,-0.0016799330478534102,0.012585854157805443,20
5,2026-07-31 11:00:00,SMMT,1849.1722,1856.7279,0.0040926337,0.00058305264,0.8,-7.86423624958843e-05,0.011666176840662956,21
5,2026-07-31 11:00:00,PGJO,687.65607,690.43835,0.00407325,0.0062886477,0.6,-0.006909036543220282,0.013775944709777832,22
5,2026-07-31 11:00:00,NAYZ,55.114807,55.33233,0.003963602,0.004324198,0.6,-0.0017548918258398771,0.009333372116088867,23
5,2026-07-31 11:00:00,HALO,70.72344,71.00763,0.0038861036,0.0036029816,0.6,-0.00431171664968133,0.012200760655105114,24
5,2026-07-31 11:00:00,SURE,2738.0388,2748.44,0.0038493276,0.0032151937,0.8,-0.005864751059561968,0.012787127867341042,25
5,2026-07-31 11:00:00,TRIN,320.8659,322.08783,0.0038404583,0.007172227,0.8,-0.0052172779105603695,0.010872077196836472,26
5,2026-07-31 11:00:00,LPLI,245.4382,246.38101,0.003838551,0.0028557777,0.6,-0.0014327525859698653,0.009981632232666016,27
5,2026-07-31 11:00:00,KSIX,282.862,283.9293,0.003776741,0.0040439367,1.0,0.00208282470703125,0.005194115452468395,28
5,2026-07-31 11:00:00,TOTL,1124.3223,1128.5397,0.003748274,0.0036269426,1.0,0.0016519547207280993,0.005951165687292814,29
5,2026-07-31 11:00:00,TARA,30.107748,30.216925,0.0036262989,0.002321601,0.8,-0.0010559558868408203,0.00915434304624796,30
5,2026-07-31 11:00:00,KIOS,93.99348,94.32655,0.0035478831,0.004753709,1.0,0.0002824068069458008,0.006379485130310059,31
5,2026-07-31 11:00:00,MPRO,10070.295,10104.644,0.0035346746,0.0013561249,0.6,-0.006485951133072376,0.015027188695967197,32
5,2026-07-31 11:00:00,TRIM,558.1333,560.086,0.0035207034,0.0019811392,1.0,2.0170211428194307e-05,0.008847450837492943,33
5,2026-07-31 11:00:00,UNIC,12686.639,12729.919,0.0034387112,0.0001988411,0.6,-0.00017323493375442922,0.009986637160182,34
5,2026-07-31 11:00:00,BWPT,80.90511,81.173096,0.0033192516,0.002470255,0.8,-0.00034259550739079714,0.0071624754928052425,35
5,2026-07-31 11:00:00,AHAP,89.15648,89.44845,0.0032860518,0.0030190945,1.0,0.0012549161911010742,0.005728935822844505,36
5,2026-07-31 11:00:00,NETV,50.399075,50.561092,0.0032585978,0.0016599894,0.6,-0.0034669397864490747,0.010539674200117588,37
5,2026-07-31 11:00:00,SULI,87.7438,88.025955,0.0032218695,0.00037658215,0.8,-0.0012478589778766036,0.00951599981635809,38
5,2026-07-31 11:00:00,PADA,136.62126,137.06824,0.0031796216,0.0024346113,0.8,0.0,0.0071201082319021225,39
5,2026-07-31 11:00:00,MSIE,110.605446,110.96169,0.0031757713,0.0015523434,0.8,-0.0009960532188415527,0.008502792567014694,40
5,2026-07-31 11:00:00,RELI,483.32715,484.8229,0.0031634688,7.545948e-05,0.6,-0.006784474942833185,0.014103698544204235,41
5,2026-07-31 11:00:00,ENZO,66.35909,66.56742,0.0031307458,0.002713561,1.0,0.001491117523983121,0.005244516767561436,42
5,2026-07-31 11:00:00,GULA,851.3719,854.01953,0.0031258822,0.0039430857,0.8,-0.0016531944274902344,0.006881737615913153,43
5,2026-07-31 11:00:00,NIKL,182.88155,183.45161,0.0031158447,0.0035625696,1.0,0.002118611242622137,0.0038375614676624537,44
5,2026-07-31 11:00:00,KINO,1213.0026,1216.7494,0.0030733466,0.00085282326,0.8,0.0001907944679260254,0.007412600331008434,45
5,2026-07-31 11:00:00,BTPS,998.97644,1002.00635,0.0030449033,0.00012266636,0.6,-0.00233646621927619,0.01069412101060152,46
5,2026-07-31 11:00:00,IPOL,105.533165,105.85117,0.0030176044,0.0014437437,0.8,-0.00041056869667954743,0.007555841933935881,47
5,2026-07-31 11:00:00,RISE,1010.3626,1013.3174,0.0029650093,0.001637578,0.8,-0.001753389835357666,0.007974815554916859,48
5,2026-07-31 11:00:00,LPPS,79.41439,79.64763,0.002943766,0.0017033815,0.6,-0.003326117992401123,0.010207127779722214,49
5,2026-07-31 11:00:00,TYRE,112.31947,112.649765,0.0029437065,0.0034586191,0.8,-0.0005033492925576866,0.006244230084121227,50
5,2026-07-31 11:00:00,TOWR,398.92035,400.0648,0.0029056072,0.003497243,0.8,-0.0011550188064575195,0.006768679246306419,51
5,2026-07-31 11:00:00,PCAR,40.813232,40.93078,0.0028739334,0.0030801296,0.6,-0.0006321549299173057,0.006382942199707031,52
5,2026-07-31 11:00:00,BSBK,51.722187,51.86927,0.0028620244,0.0008509159,0.6,-0.0012043355964124203,0.008511470630764961,53
5,2026-07-31 11:00:00,BIPP,61.894848,62.07124,0.0028578758,0.0022898912,0.8,5.5885291658341885e-05,0.006173586472868919,54
5,2026-07-31 11:00:00,PDES,408.861,410.0145,0.0028532147,0.00658679,0.8,-0.004098045639693737,0.007090520579367876,55
5,2026-07-31 11:00:00,SAMF,276.6103,277.39087,0.0028298378,0.0016072989,1.0,0.0008100748527795076,0.005966329015791416,56
5,2026-07-31 11:00:00,MERI,100.87723,101.15885,0.002814853,0.0019705296,0.6,-0.002225887728855014,0.008461498655378819,57
5,2026-07-31 11:00:00,SSTM,395.23892,396.32513,0.0027617097,0.0023686886,0.8,-0.0022352098021656275,0.008113311603665352,58
5,2026-07-31 11:00:00,APLI,244.26541,244.93112,0.0027363063,0.0037138462,0.8,-0.0011711596744135022,0.005962491035461426,59
5,2026-07-31 11:00:00,IATA,56.759132,56.91004,0.002651608,0.0046117306,0.6,-0.007713651284575462,0.012120174244046211,60
5,2026-07-31 11:00:00,AWAN,155.219,155.62279,0.0026189208,0.0016126633,0.8,-0.00018695593462325633,0.0063079590909183025,61
5,2026-07-31 11:00:00,SMAR,5647.6123,5662.343,0.0026162148,0.002099514,1.0,0.0011978388065472245,0.004326558206230402,62
5,2026-07-31 11:00:00,PTIS,268.66568,269.36115,0.002615416,0.0017565489,0.8,-0.0015671849250793457,0.007099222857505083,63
5,2026-07-31 11:00:00,KOBX,157.79483,158.20425,0.0026145936,0.00290668,0.8,-0.0004743337631225586,0.005104732699692249,64
5,2026-07-31 11:00:00,APEX,145.65779,146.0378,0.0026134371,0.0033864975,0.8,-0.0009343742858618498,0.0055092573165893555,65
5,2026-07-31 11:00:00,TPIA,2075.5098,2080.9001,0.0026081086,0.0032354593,1.0,0.0006000280845910311,0.004258084110915661,66
5,2026-07-31 11:00:00,BULL,448.08075,449.22256,0.002592206,0.00021588802,0.6,-0.006001412868499756,0.014306662604212761,67
5,2026-07-31 11:00:00,SMIL,405.8454,406.87952,0.0025633336,0.0018898249,0.8,0.0005417108768597245,0.004827690310776234,68
5,2026-07-31 11:00:00,EPAC,60.971718,61.127216,0.0025341392,0.0044356585,0.6,-0.002419078256934881,0.006427454762160778,69
5,2026-07-31 11:00:00,ATAP,558.8904,560.27765,0.0025131344,0.0009486675,0.6,-0.0020642161834985018,0.008501863107085228,70
5,2026-07-31 11:00:00,DOSS,162.33157,162.74017,0.002509582,0.0009223223,0.6,-0.0025120973587036133,0.008992647752165794,71
5,2026-07-31 11:00:00,BBSI,4634.6416,4646.1626,0.0024917484,5.686283e-05,0.6,-0.00479578971862793,0.012027429416775703,72
5,2026-07-31 11:00:00,DKFT,656.4103,658.03766,0.0024873852,0.002949953,0.8,-0.0018876672256737947,0.006377124227583408,73
5,2026-07-31 11:00:00,SDPC,179.46182,179.90474,0.0024749874,0.0025935173,0.8,-0.002009451389312744,0.007103967014700174,74
5,2026-07-31 11:00:00,CHEK,130.0019,130.3168,0.0024168133,0.001580596,0.8,-0.000285589718259871,0.005351734347641468,75
5,2026-07-31 11:00:00,STTP,9856.631,9880.417,0.0024154424,0.0021836758,0.8,0.0005625486373901367,0.004333615303039551,76
5,2026-07-31 11:00:00,MGLV,8029.3735,8048.2993,0.0023576021,0.0027635098,0.6,-0.0008256912115029991,0.00545766344293952,77
5,2026-07-31 11:00:00,KOPI,208.7126,209.1995,0.0023545623,0.0015850067,0.6,-0.003447330091148615,0.009102201089262962,78
5,2026-07-31 11:00:00,STRK,67.31116,67.46524,0.0023302436,0.0027558804,0.6,-0.002799808979034424,0.00778503343462944,79
5,2026-07-31 11:00:00,ENRG,1263.6584,1266.5476,0.002300155,8.904934e-05,0.6,-0.0015265702968463302,0.007290815934538841,80
5,2026-07-31 11:00:00,ATIC,475.5733,476.65204,0.002247536,0.0012946129,0.6,-0.0011671304237097502,0.006397819146513939,81
5,2026-07-31 11:00:00,JIHD,417.73535,418.67203,0.0022396208,0.00038039684,0.6,-0.0011766791576519608,0.007060217671096325,82
5,2026-07-31 11:00:00,GHON,1631.2712,1634.8475,0.0022087693,0.0028643608,0.6,-0.0027548193465918303,0.007112573832273483,83
5,2026-07-31 11:00:00,NIRO,145.88081,146.19043,0.0022036433,0.002717495,0.6,-0.006627297028899193,0.010381197556853294,84
5,2026-07-31 11:00:00,PMUI,83.03908,83.216156,0.0021465658,0.00021147728,0.6,-0.002582025481387973,0.007506132125854492,85
5,2026-07-31 11:00:00,ISAT,1901.0457,1904.9773,0.0021302223,0.00137043,0.6,-0.0022722482681274414,0.0073070521466434,86
5,2026-07-31 11:00:00,SBMA,106.06736,106.29137,0.0021205903,0.0007392168,0.6,-0.0018860577838495374,0.006784200668334961,87
5,2026-07-31 11:00:00,MYOH,1031.8671,1033.9447,0.0021036863,0.0033390522,0.6,-0.006025218870490789,0.009868049062788486,88
5,2026-07-31 11:00:00,ALKA,1756.0862,1759.7639,0.0020965815,0.0023434162,0.8,-0.0017589330673217773,0.005948519334197044,89
5,2026-07-31 11:00:00,MCOR,68.15365,68.2941,0.002080977,0.0001988411,0.6,-0.0004820942704100162,0.0063789598643779755,90
5,2026-07-31 11:00:00,PRAY,723.8753,725.34296,0.00203737,0.002248764,0.6,-0.0025277615059167147,0.00651471596211195,91
5,2026-07-31 11:00:00,DMND,604.52844,605.7373,0.0020104288,0.0042232275,0.8,-0.0028707862365990877,0.005296850111335516,92
5,2026-07-31 11:00:00,RANC,502.69745,503.69708,0.002003753,0.00065386295,0.6,-0.0017395258182659745,0.0071925632655620575,93
5,2026-07-31 11:00:00,DILD,116.00734,116.232895,0.001963377,0.003149867,0.6,-0.003990471363067627,0.006932878401130438,94
5,2026-07-31 11:00:00,PPGL,208.7308,209.14156,0.0019614338,0.00019907951,0.6,-0.0019339799182489514,0.006838154513388872,95
5,2026-07-31 11:00:00,NISP,1275.8876,1278.383,0.001953733,0.0019037724,0.8,9.776355000212789e-05,0.003922295290976763,96
5,2026-07-31 11:00:00,HOKI,54.116627,54.219128,0.0019386411,0.00510931,0.8,-0.006367743015289307,0.007220745086669922,97
5,2026-07-31 11:00:00,ICON,106.42721,106.62766,0.0019081235,0.004807949,0.6,-0.005847525782883167,0.00799169484525919,98
5,2026-07-31 11:00:00,BRNA,595.76715,596.87195,0.0018960715,0.0025345087,0.6,-0.0035872578155249357,0.007427453063428402,99
5,2026-07-31 11:00:00,EAST,90.31395,90.48327,0.0018746614,0.0015802383,0.8,-0.0004316329723224044,0.004383754450827837,100
5,2026-07-31 11:00:00,MTEL,454.32452,455.17007,0.0018660069,0.0015131235,1.0,0.0005603551981039345,0.003297495888546109,101
5,2026-07-31 11:00:00,BOLA,162.1936,162.49564,0.0018589854,0.0011931658,0.8,0.00010427235974930227,0.004116510972380638,102
5,2026-07-31 11:00:00,GIAA,53.538036,53.63517,0.0018519282,0.006296158,0.6,-0.010626256465911865,0.011985230259597301,103
5,2026-07-31 11:00:00,UANG,2193.5215,2197.4175,0.0017906666,0.0024001598,0.8,-0.002316546393558383,0.005296158604323864,104
5,2026-07-31 11:00:00,MMLP,287.54257,288.0511,0.0017797828,0.0013910532,0.6,-0.00021163224300835282,0.004044055938720703,105
5,2026-07-31 11:00:00,RELF,34.810295,34.870754,0.00177598,0.005649209,0.6,-0.012719368562102318,0.014356064610183239,106
5,2026-07-31 11:00:00,PNIN,714.8961,716.1381,0.0017518162,0.0005129576,0.6,-0.002957749180495739,0.006725001148879528,107
5,2026-07-31 11:00:00,MUTU,108.715614,108.90126,0.0017282009,0.0016981363,0.6,-0.0037474988494068384,0.007584595121443272,108
5,2026-07-31 11:00:00,DSSA,847.78076,849.2502,0.0016979575,0.0027321577,0.6,-0.004177534487098455,0.006828212644904852,109
5,2026-07-31 11:00:00,CNMA,89.956,90.10763,0.0016969442,0.00309062,0.6,-0.0026132583152502775,0.005301856901496649,110
5,2026-07-31 11:00:00,NASI,127.15029,127.36507,0.0016939044,0.0020608902,0.8,-0.0012810587650164962,0.004347395617514849,111
5,2026-07-31 11:00:00,SUNI,720.5968,721.8089,0.0016756415,0.00024831295,0.8,-0.0009030461078509688,0.00493309460580349,112
5,2026-07-31 11:00:00,BELI,251.98962,252.40483,0.0016672969,0.0019294024,0.8,-0.004295980557799339,0.007306098006665707,113
5,2026-07-31 11:00:00,MAPB,1168.4539,1170.4583,0.0016462088,0.0020179749,0.6,-0.008089900016784668,0.011342238634824753,114
5,2026-07-31 11:00:00,SCNP,156.75229,157.01932,0.001634562,0.0030766726,0.8,-0.004160106182098389,0.006079339887946844,115
5,2026-07-31 11:00:00,SONA,2476.1353,2480.1304,0.0016253233,0.0027157068,0.6,-0.003243362996727228,0.005895423702895641,116
5,2026-07-31 11:00:00,LMPI,142.82468,143.05232,0.0016039967,0.00015568733,0.6,-0.0013544796966016293,0.005271029192954302,117
5,2026-07-31 11:00:00,SPMA,162.11807,162.37589,0.001584959,0.0007086992,1.0,0.00026035308837890625,0.0033368587028235197,118
5,2026-07-31 11:00:00,GUNA,199.75816,200.06796,0.0015842676,0.0017329454,0.6,-0.005185186862945557,0.008580111898481846,119
5,2026-07-31 11:00:00,LPIN,420.06918,420.72647,0.0015654803,0.0011322498,0.6,-0.0007597326766699553,0.004435586743056774,120
5,2026-07-31 11:00:00,WBSA,606.2027,607.1273,0.0015556574,0.0018372536,0.6,-0.0025596977211534977,0.005833219736814499,121
5,2026-07-31 11:00:00,ASHA,55.168274,55.251904,0.0015293002,0.0011358261,0.8,-0.0014427542919293046,0.004697894677519798,122
5,2026-07-31 11:00:00,LTLS,814.4837,815.7008,0.0015067816,0.002914071,0.8,-0.0039023873396217823,0.005442761816084385,123
5,2026-07-31 11:00:00,GDYR,1092.2413,1093.882,0.0015036702,0.0010402203,0.8,9.945634519681334e-05,0.003098130226135254,124
5,2026-07-31 11:00:00,KRYA,59.772987,59.863197,0.0015008807,0.00074732304,0.6,-0.002147245453670621,0.005707382690161467,125
5,2026-07-31 11:00:00,SMKM,70.35625,70.46127,0.0014681459,0.0019590855,0.6,-0.005783140659332275,0.008090806193649769,126
5,2026-07-31 11:00:00,PAMG,57.05708,57.140038,0.0014649152,0.0016294718,0.6,-0.002212476683780551,0.005096435081213713,127
5,2026-07-31 11:00:00,NICK,1228.5153,1230.0842,0.0014555693,0.0024603605,0.6,-0.00884166918694973,0.011864160187542439,128
5,2026-07-31 11:00:00,FOLK,202.5506,202.83748,0.001450944,0.0020164251,0.6,-0.0038133622147142887,0.006655430421233177,129
5,2026-07-31 11:00:00,DFAM,79.00769,79.1193,0.0014351606,0.0031745434,0.8,-0.0059733628295362,0.006620883941650391,130
5,2026-07-31 11:00:00,FPNI,324.14197,324.6137,0.0014347791,0.0032815933,0.8,-0.0031254051718860865,0.004509782884269953,131
5,2026-07-31 11:00:00,CTBN,4276.399,4282.507,0.0014225006,0.0037264824,0.6,-0.0036573410034179688,0.004999518394470215,132
5,2026-07-31 11:00:00,CHEM,64.43006,64.51779,0.0013982654,0.0013664961,0.6,-0.005662798881530762,0.008180045522749424,133
5,2026-07-31 11:00:00,ASLC,63.693443,63.781364,0.0013942122,0.0013890266,0.6,-0.0014868259895592928,0.004713010508567095,134
5,2026-07-31 11:00:00,SDRA,210.19417,210.48758,0.0013896227,0.00014233589,0.6,-0.0007762074237689376,0.004260921385139227,135
5,2026-07-31 11:00:00,BANK,282.6939,283.0848,0.0013841391,0.0007300377,0.6,-0.0035678863059729338,0.007012652698904276,136
5,2026-07-31 11:00:00,ARII,272.97623,273.34833,0.0013684153,0.0007824898,0.8,-0.0009264826076105237,0.004148697480559349,137
5,2026-07-31 11:00:00,NASA,30.559544,30.606623,0.001360011,0.0021953583,0.8,-0.007507729344069958,0.009166216477751732,138
5,2026-07-31 11:00:00,GWSA,125.973595,126.13945,0.0013256908,0.0007582903,0.6,-0.0020161985885351896,0.005032539367675781,139
5,2026-07-31 11:00:00,DMMX,180.13823,180.3696,0.0013090611,8.46386e-06,0.6,-0.0026889322325587273,0.0064039696007966995,140
5,2026-07-31 11:00:00,CMNP,1338.7347,1340.4728,0.0013056993,0.0006271601,0.6,-0.0011907101143151522,0.004441761411726475,141
5,2026-07-31 11:00:00,VICI,568.1637,568.9017,0.0013026356,0.002765298,0.8,-0.0018636822933331132,0.003408670425415039,142
5,2026-07-31 11:00:00,BBRI,2983.0593,2986.9656,0.0012951612,0.0018771887,0.6,-0.0009690761216916144,0.003152441931888461,143
5,2026-07-31 11:00:00,ISEA,79.15953,79.26027,0.0012898206,0.00046288967,0.6,-0.0034071325790137053,0.007345317862927914,144
5,2026-07-31 11:00:00,ISSP,429.6504,430.1888,0.0012689233,0.0006223917,0.6,-0.0011928081512451172,0.004089999012649059,145
5,2026-07-31 11:00:00,VIVA,37.40719,37.454723,0.0012627601,0.0037835836,0.6,-0.007802081294357777,0.008836769498884678,146
5,2026-07-31 11:00:00,KETR,553.4181,554.10596,0.0012488127,0.0010201931,0.6,-0.0027054548263549805,0.0056250570341944695,147
5,2026-07-31 11:00:00,ROCK,1765.6383,1767.8129,0.0012361407,0.00023376942,0.6,-0.0003396034298930317,0.0034354685340076685,148
5,2026-07-31 11:00:00,CITA,3264.5703,3268.607,0.0012358666,0.00085008144,0.6,-0.0010715245734900236,0.003700900124385953,149
5,2026-07-31 11:00:00,KEJU,546.668,547.338,0.0012298345,0.0014951229,0.6,-0.000541257846634835,0.003049349645152688,150
5,2026-07-31 11:00:00,DEPO,241.89981,242.19406,0.0012147665,0.0026854277,0.6,-0.0028301477432250977,0.004391360096633434,151
5,2026-07-31 11:00:00,UNTR,24088.178,24117.465,0.0012124181,0.00014817715,0.6,-0.001927196979522705,0.004755353555083275,152
5,2026-07-31 11:00:00,BOLT,791.38965,792.3252,0.0012019158,0.0002824068,0.6,-0.0015777230728417635,0.005095934495329857,153
5,2026-07-31 11:00:00,POWR,721.7877,722.6559,0.0012005925,0.0007814169,0.6,-0.0013470053672790527,0.0038500786758959293,154
5,2026-07-31 11:00:00,GPSO,282.61386,282.94626,0.0011864423,0.0010113716,0.6,-0.0029747248627245426,0.0056209079921245575,155
5,2026-07-31 11:00:00,TEBE,1095.8291,1097.1115,0.0011849403,0.0015949011,0.6,-0.0019134521717205644,0.004522728733718395,156
5,2026-07-31 11:00:00,BJBR,783.8094,784.731,0.0011725903,0.0007430315,0.8,-0.0015428542392328382,0.004103541374206543,157
5,2026-07-31 11:00:00,BTON,351.08466,351.4932,0.0011651993,0.0017684698,0.8,-0.0015821218257769942,0.0031970739364624023,158
5,2026-07-31 11:00:00,BBLD,583.32904,583.98846,0.0011518598,0.0049915314,0.8,-0.009478103369474411,0.007961106486618519,159
5,2026-07-31 11:00:00,AMAG,381.25983,381.69092,0.0011498928,0.0002683401,0.6,-0.0060978056862950325,0.00906660407781601,160
5,2026-07-31 11:00:00,MPIX,95.63338,95.74265,0.0011498451,0.0022441149,0.6,-0.0026723621413111687,0.004189515020698309,161
5,2026-07-31 11:00:00,SRTG,1737.1305,1739.115,0.0011444449,0.00045228004,0.8,-0.0007434010622091591,0.0037368531338870525,162
5,2026-07-31 11:00:00,GTRA,242.99411,243.26741,0.0011339188,0.00026917458,0.6,-0.0008939623949117959,0.004002070054411888,163
5,2026-07-31 11:00:00,BMHS,184.12904,184.33205,0.001106143,0.0010004044,0.6,-0.0015093922847881913,0.0039009805768728256,164
5,2026-07-31 11:00:00,LPPF,1569.6855,1571.4043,0.0010935664,0.0010938644,0.8,0.00028012992697767913,0.0018573760753497481,165
5,2026-07-31 11:00:00,HERO,353.41763,353.80292,0.0010830403,0.00016570091,0.6,-0.0037430166266858578,0.006489872932434082,166
5,2026-07-31 11:00:00,EURO,1954.492,1956.5426,0.0010684729,0.00018620491,0.6,-0.0031374215614050627,0.005915927700698376,167
5,2026-07-31 11:00:00,CFIN,340.20157,340.5557,0.0010406614,0.0007328987,0.8,-0.0007672429201193154,0.0028647659346461296,168
5,2026-07-31 11:00:00,AALI,6862.447,6869.4795,0.0010239601,0.00079476833,0.6,-0.0010545849800109863,0.003550982102751732,169
5,2026-07-31 11:00:00,KAQI,94.03915,94.13023,0.0009828925,0.0004850626,0.6,-0.003818976692855358,0.006211161147803068,170
5,2026-07-31 11:00:00,PJAA,452.8791,453.3084,0.00095175504,0.00010704994,0.6,-0.0009367704624310136,0.003797435201704502,171
5,2026-07-31 11:00:00,ASSA,593.7107,594.2605,0.00092487334,0.0010944605,1.0,0.0004953145980834961,0.0012232065200805664,172
5,2026-07-31 11:00:00,KBAG,40.839912,40.875725,0.000917387,0.0018908978,0.6,-0.004882717039436102,0.005837202072143555,173
5,2026-07-31 11:00:00,UFOE,133.98143,134.10019,0.00090085267,0.0014259815,0.6,-0.0020586014725267887,0.0035857437178492546,174
5,2026-07-31 11:00:00,SATU,260.29697,260.5285,0.0008921266,0.0015536547,0.6,-0.0006777524831704795,0.0021342276595532894,175
5,2026-07-31 11:00:00,VINS,139.46704,139.59111,0.00089164975,0.0005248785,0.8,-0.0010228038299828768,0.0031352038495242596,176
5,2026-07-31 11:00:00,IKBI,568.97,569.47906,0.0008888364,0.00043070316,0.6,-0.006308329291641712,0.008856605738401413,177
5,2026-07-31 11:00:00,IKAN,85.91734,85.979225,0.00086869,0.0027065277,0.6,-0.004718220327049494,0.005738878156989813,178
5,2026-07-31 11:00:00,TBIG,1417.134,1418.3555,0.00086275337,0.00074470043,0.6,-0.000853073550388217,0.0025690316688269377,179
5,2026-07-31 11:00:00,TAMA,227.9573,228.15486,0.0008447647,9.179115e-06,0.6,-0.0007437586318701506,0.003025936894118786,180
5,2026-07-31 11:00:00,HEXA,4461.5146,4465.2544,0.00083881617,0.0009073019,0.8,-0.00044680832070298493,0.002024316694587469,181
5,2026-07-31 11:00:00,PBRX,25.622192,25.643723,0.00083764794,0.0014683008,0.8,-0.00047250985517166555,0.0017551661003381014,182
5,2026-07-31 11:00:00,AMOR,342.58612,342.8603,0.00081403257,9.429455e-05,0.6,-0.002929043723270297,0.005514310672879219,183
5,2026-07-31 11:00:00,CMNT,827.62305,828.28986,0.0008060575,0.00015580654,0.8,-0.0009578585741110146,0.0027599812019616365,184
5,2026-07-31 11:00:00,ESTA,175.96611,176.10751,0.0008019328,0.00029599667,0.6,-0.0012361644767224789,0.003235911950469017,185
5,2026-07-31 11:00:00,HAJJ,103.75905,103.84629,0.000789082,0.00029575825,0.6,-0.005634903907775879,0.007537078112363815,186
5,2026-07-31 11:00:00,BIPI,138.52206,138.62767,0.00078828336,0.0012506247,0.6,-0.00782477855682373,0.010074494406580925,187
5,2026-07-31 11:00:00,LCKM,108.10018,108.18197,0.0007753968,0.00051021576,0.6,-0.002451276872307062,0.004481147974729538,188
5,2026-07-31 11:00:00,BINA,3979.9688,3983.1763,0.00077432394,0.0018355846,0.6,-0.003196895122528076,0.003979897126555443,189
5,2026-07-31 11:00:00,MLBI,6517.5093,6522.5415,0.00077214243,0.0013003349,0.6,-0.0009422540315426886,0.0020935535430908203,190
5,2026-07-31 11:00:00,ASPR,148.09909,148.2111,0.0007718921,0.0015307665,0.6,-0.0023987293243408203,0.003646921832114458,191
5,2026-07-31 11:00:00,HOMI,177.67682,177.81076,0.0007545948,0.001036644,0.6,-0.000671815883833915,0.002015399979427457,192
5,2026-07-31 11:00:00,KONI,2456.364,2458.1296,0.0007470131,0.0005930662,0.6,-0.004097151570022106,0.006129860412329435,193
5,2026-07-31 11:00:00,TUGU,1199.9048,1200.7688,0.00071837904,0.0005708933,1.0,0.00026638509007170796,0.0012811183696612716,194
5,2026-07-31 11:00:00,ASRM,260.24985,260.434,0.0007140875,0.00011384487,0.6,-0.0013113379245623946,0.0033690209966152906,195
5,2026-07-31 11:00:00,ICBP,7040.3,7045.28,0.0007101059,0.0008209944,0.8,-0.0008447646396234632,0.0020295381546020508,196
5,2026-07-31 11:00:00,MRAT,439.80487,440.11572,0.00070952176,1.8000603e-05,0.6,-0.0015808462630957365,0.0032504319678992033,197
5,2026-07-31 11:00:00,PJHB,165.0135,165.12704,0.00069071056,0.0011510849,0.6,-0.0011121392017230392,0.0022252798080444336,198
5,2026-07-31 11:00:00,SMSM,1780.2377,1781.4441,0.00067282916,0.00010764599,0.6,-0.0011158108245581388,0.002729392144829035,199
5,2026-07-31 11:00:00,PRIM,102.48628,102.55409,0.0006690979,0.00078368187,0.6,-0.00290492782369256,0.004214906599372625,200
5,2026-07-31 11:00:00,ANJT,1453.0881,1454.0482,0.0006623507,0.0015907288,0.6,-0.0031537292525172234,0.003630327992141247,201
5,2026-07-31 11:00:00,PTPP,199.2376,199.36584,0.000661695,0.00046157837,0.6,-0.004123198799788952,0.0052567957900464535,202
5,2026-07-31 11:00:00,PNGO,3563.1772,3565.5242,0.0006589413,0.00081408024,0.6,-0.00035502910031937063,0.0016016005538403988,203
5,2026-07-31 11:00:00,PURA,31.010273,31.03012,0.0006458044,0.0018641949,0.6,-0.0020140409469604492,0.002486705780029297,204
5,2026-07-31 11:00:00,ASBI,415.85245,416.11362,0.00064543483,0.0017386675,0.6,-0.004882705397903919,0.005437039770185947,205
5,2026-07-31 11:00:00,BEEF,395.8092,396.05695,0.0006250024,0.0022374392,0.8,-0.005253803450614214,0.0045785666443407536,206
5,2026-07-31 11:00:00,MEJA,96.3991,96.45846,0.0006233811,0.001160264,0.8,-0.0043388246558606625,0.004985737148672342,207
5,2026-07-31 11:00:00,ELSA,685.17004,685.5877,0.00061346294,0.00029456615,0.8,-0.0001868605613708496,0.0015626907115802169,208
5,2026-07-31 11:00:00,PTSN,267.76758,267.92154,0.000586164,0.00064885616,0.8,-0.0017176031833514571,0.0026700017042458057,209
5,2026-07-31 11:00:00,KRAS,216.39359,216.51021,0.00057822466,0.0007815361,0.6,-0.0031121252104640007,0.004232525359839201,210
5,2026-07-31 11:00:00,AADI,9259.969,9265.119,0.0005613923,0.0016030073,0.6,-0.0011947632301598787,0.0017783164512366056,211
5,2026-07-31 11:00:00,TKIM,6250.9893,6254.538,0.00055861473,0.0021733046,0.6,-0.003355646040290594,0.0036272762808948755,212
5,2026-07-31 11:00:00,OMED,216.96655,217.08525,0.00055422785,0.00062191486,0.6,-0.000648200511932373,0.0018259523203596473,213
5,2026-07-31 11:00:00,BSDE,584.563,584.87805,0.0005487442,0.0022736788,0.6,-0.0024686455726623535,0.002611184027045965,214
5,2026-07-31 11:00:00,ROTI,592.3016,592.61255,0.0005323648,0.00015771389,0.6,-0.005075931549072266,0.0058067794889211655,215
5,2026-07-31 11:00:00,MINA,258.8072,258.94965,0.0005305171,0.0013660192,0.8,-0.0037568688858300447,0.003955864813178778,216
5,2026-07-31 11:00:00,RICY,77.5212,77.56163,0.00052654743,0.00051403046,0.6,-0.00506281852722168,0.005294728092849255,217
5,2026-07-31 11:00:00,SMMA,20199.08,20209.246,0.0005171895,4.374981e-05,0.6,-0.0020446896087378263,0.003775095334276557,218
5,2026-07-31 11:00:00,EKAD,169.00491,169.09187,0.00051487685,5.1617622e-05,0.6,-0.0005456805229187012,0.001792097114957869,219
5,2026-07-31 11:00:00,PANS,1567.0127,1567.8163,0.0005126119,0.0010436773,0.6,-0.00044455527677200735,0.0011692524421960115,220
5,2026-07-31 11:00:00,SIDO,361.85358,362.03088,0.0004894495,0.0014275312,0.6,-0.0011935472721233964,0.0016880750190466642,221
5,2026-07-31 11:00:00,PTMP,62.12066,62.150074,0.00048059225,0.0004892349,0.6,-0.0029004334937781096,0.004107999615371227,222
5,2026-07-31 11:00:00,AYAM,412.90567,413.1149,0.00047665834,2.2172928e-05,0.6,-0.003823554376140237,0.004597520921379328,223
5,2026-07-31 11:00:00,CBUT,815.4893,815.88367,0.00047528744,0.0007497072,0.6,-0.0031842589378356934,0.004343843087553978,224
5,2026-07-31 11:00:00,MPXL,154.06226,154.13467,0.00047198535,0.00018894672,0.6,-0.0011702298652380705,0.0024737357161939144,225
5,2026-07-31 11:00:00,MKPI,21620.793,21630.375,0.00045044423,0.00033390522,0.6,-0.0025637983344495296,0.0035156484227627516,226
5,2026-07-31 11:00:00,PSAB,428.3788,428.56427,0.00044625998,0.0011788607,0.8,-0.003952967934310436,0.003960299305617809,227
5,2026-07-31 11:00:00,CPRO,50.477673,50.49792,0.00044611693,0.006210327,0.6,-0.012307370081543922,0.009523177519440651,228
5,2026-07-31 11:00:00,TALF,573.2914,573.5582,0.0004352808,0.0028295517,0.6,-0.006686484906822443,0.006369662005454302,229
5,2026-07-31 11:00:00,LRNA,184.95227,185.02966,0.00042945147,0.0007698536,0.6,-0.00996409635990858,0.01020808145403862,230
5,2026-07-31 11:00:00,BBRM,115.117935,115.162415,0.00037267208,0.0008791685,0.6,-0.0028343796730041504,0.0036635634023696184,231
5,2026-07-31 11:00:00,SGRO,3265.4326,3266.588,0.00035465957,7.9751015e-05,0.6,-0.0027574063278734684,0.003933500964194536,232
5,2026-07-31 11:00:00,INDR,1962.0668,1962.7268,0.0003345132,0.00012648106,0.6,-0.0035103322006762028,0.004605269059538841,233
5,2026-07-31 11:00:00,MPMX,988.2952,988.6219,0.00032862424,0.00053691864,0.8,-0.0008156656986102462,0.0011800766224041581,234
5,2026-07-31 11:00:00,ARNA,487.6433,487.79132,0.0003049612,0.00021731853,0.6,-0.00033316609915345907,0.0010450838599354029,235
5,2026-07-31 11:00:00,DNAR,125.6299,125.66533,0.00028506518,0.000116825104,0.6,-0.002130055334419012,0.002768897917121649,236
5,2026-07-31 11:00:00,WOOD,232.18289,232.24663,0.00027743579,1.66893e-06,0.6,-0.0029592751525342464,0.0036405082792043686,237
5,2026-07-31 11:00:00,DLTA,1780.3157,1780.8027,0.00027472974,0.00017905235,0.8,-0.00036242007627151906,0.0010025977389886975,238
5,2026-07-31 11:00:00,BPTR,74.68703,74.70769,0.00027239323,0.00064980984,0.6,-0.0016170501476153731,0.002056455472484231,239
5,2026-07-31 11:00:00,BVIC,92.72193,92.74651,0.00026826857,0.00056278706,0.6,-0.002723824931308627,0.00337216816842556,240
5,2026-07-31 11:00:00,BGTG,111.91225,111.936295,0.00021756887,0.0003017187,0.6,-0.005622124765068293,0.005806970410048962,241
5,2026-07-31 11:00:00,MDKI,181.42068,181.45915,0.0002167344,6.8068504e-05,0.6,-0.002082252409309149,0.002621578983962536,242
5,2026-07-31 11:00:00,ECII,159.77199,159.8071,0.00021322965,0.000736475,0.8,-0.001917421817779541,0.0017941712867468596,243
5,2026-07-31 11:00:00,CARE,417.24707,417.3235,0.00018302203,6.997585e-05,0.6,-0.0006361365085467696,0.001201104954816401,244
5,2026-07-31 11:00:00,MKTR,118.936905,118.95314,0.00015722513,0.0002696514,0.8,-0.004684126004576683,0.004669808782637119,245
5,2026-07-31 11:00:00,PORT,862.51697,862.65393,0.00015494824,0.0004888773,0.6,-0.006810903549194336,0.0076538072898983955,246
5,2026-07-31 11:00:00,CASA,1814.2332,1814.4977,0.00014793873,0.00060403347,0.6,-0.0030406832229346037,0.0030791282188147306,247
5,2026-07-31 11:00:00,ASII,4914.8564,4915.5337,0.00013715029,0.00014221668,0.6,-0.00011552571959327906,0.00037255286588333547,248
5,2026-07-31 11:00:00,DEWA,448.44492,448.50342,0.00013266802,0.00080764294,0.6,-0.0037790536880493164,0.00369074335321784,249
5,2026-07-31 11:00:00,SMGA,70.936104,70.9459,0.000118839744,0.0006133318,0.6,-0.0031228780280798674,0.003039407543838024,250
5,2026-07-31 11:00:00,PNBS,50.012115,50.017776,0.0001131773,6.9856644e-05,1.0,6.80685043334961e-05,0.0002012491022469476,251
5,2026-07-31 11:00:00,YELO,85.240234,85.247604,0.00010448694,0.00046288967,0.6,-0.005915999412536621,0.005735587794333696,252
5,2026-07-31 11:00:00,RALS,379.3798,379.41965,0.00010433197,0.0001809597,0.6,-0.0032858490012586117,0.00366363488137722,253
5,2026-07-31 11:00:00,ARKO,4705.958,4706.2617,9.28998e-05,5.1259995e-06,0.6,-0.002557945204898715,0.003147982992231846,254
5,2026-07-31 11:00:00,KKGI,271.00006,271.02444,8.472204e-05,1.7642975e-05,0.6,-0.0030010342597961426,0.003319358453154564,255
5,2026-07-31 11:00:00,SGER,453.80255,453.8312,6.004572e-05,2.6226044e-06,0.6,-0.0024593472480773926,0.0028019424062222242,256
5,2026-07-31 11:00:00,TMAS,121.73869,121.74536,5.873442e-05,0.00047945976,0.6,-0.002339255763217807,0.0021199940238147974,257
5,2026-07-31 11:00:00,JRPT,1075.2303,1075.2899,5.539656e-05,7.677078e-05,0.8,-0.000346386426826939,0.00040419099968858063,258
5,2026-07-31 11:00:00,AKRA,1450.548,1450.6052,4.0638446e-05,0.00031781197,0.8,-0.0019170880550518632,0.001722812419757247,259
5,2026-07-31 11:00:00,FAPA,7335.668,7335.9165,3.5083292e-05,0.00072717667,0.6,-0.0017771124839782715,0.0013731479411944747,260
5,2026-07-31 11:00:00,MIDI,289.06064,289.06833,2.195835e-05,0.0010886192,0.6,-0.003108465578407049,0.00267431722022593,261
5,2026-07-31 11:00:00,ARGO,1175.2721,1175.2946,1.9478797e-05,0.0007325411,0.6,-0.0021352767944335938,0.0016506670508533716,262
5,2026-07-31 11:00:00,WEGE,49.99141,49.99144,5.9604645e-07,5.9604645e-07,1.0,5.960464477539062e-07,5.960464477539062e-07,263
