Sektor,Tanggal,Nilai
IDX Sector Energy,2025-06-30,0.0
IDX Sector Energy,2025-07-01,-0.3831908884093915
IDX Sector Energy,2025-07-02,-1.7221609621534888
IDX Sector Energy,2025-07-03,-1.475614625729473
IDX Sector Energy,2025-07-04,-1.2202761465503662
IDX Sector Energy,2025-07-07,-0.5590337435112155
IDX Sector Energy,2025-07-08,0.4297159771550824
IDX Sector Energy,2025-07-09,0.5022511548845848
IDX Sector Energy,2025-07-10,2.151510600027109
IDX Sector Energy,2025-07-11,2.5812265771821914
IDX Sector Energy,2025-07-14,6.2435203739591385
IDX Sector Energy,2025-07-15,6.2464510882108355
IDX Sector Energy,2025-07-16,8.093533745342912
IDX Sector Energy,2025-07-17,7.991691425096438
IDX Sector Energy,2025-07-18,8.35070392092933
IDX Sector Energy,2025-07-21,8.366822849313664
IDX Sector Energy,2025-07-22,8.153979726784163
IDX Sector Energy,2025-07-23,9.026966234508428
IDX Sector Energy,2025-07-24,8.21186133325518
IDX Sector Energy,2025-07-25,7.85797758736276
IDX Sector Energy,2025-07-28,9.325166409618603
IDX Sector Energy,2025-07-29,10.43554077173033
IDX Sector Energy,2025-07-30,9.596257477900583
IDX Sector Energy,2025-07-31,8.466100794589902
IDX Sector Energy,2025-08-01,8.538269633037942
IDX Sector Energy,2025-08-04,7.124932685157031
IDX Sector Energy,2025-08-05,7.217982862648413
IDX Sector Energy,2025-08-06,8.605676060826974
IDX Sector Energy,2025-08-07,8.312238296375806
IDX Sector Energy,2025-08-08,10.766345142890637
IDX Sector Energy,2025-08-11,11.150268709862953
IDX Sector Energy,2025-08-12,12.172355305142304
IDX Sector Energy,2025-08-13,12.90979627872558
IDX Sector Energy,2025-08-14,13.412413772891625
IDX Sector Energy,2025-08-15,12.17162262657938
IDX Sector Energy,2025-08-19,12.875726725549601
IDX Sector Energy,2025-08-20,13.500335200442537
IDX Sector Energy,2025-08-21,11.377399064369476
IDX Sector Energy,2025-08-22,11.003366657996636
IDX Sector Energy,2025-08-25,11.569727187137095
IDX Sector Energy,2025-08-26,14.320202512354792
IDX Sector Energy,2025-08-27,14.095270193537042
IDX Sector Energy,2025-08-28,14.562719116682725
IDX Sector Energy,2025-08-29,12.939836099805474
IDX Sector Energy,2025-09-01,11.447369867128742
IDX Sector Energy,2025-09-02,13.45967154020024
IDX Sector Energy,2025-09-03,16.288177132369373
IDX Sector Energy,2025-09-04,15.511904194951113
IDX Sector Energy,2025-09-08,14.400064475713537
IDX Sector Energy,2025-09-09,12.973905652981452
IDX Sector Energy,2025-09-10,13.046074491429492
IDX Sector Energy,2025-09-11,12.482644676540732
IDX Sector Energy,2025-09-12,14.24437028109213
IDX Sector Energy,2025-09-15,16.656348110238817
IDX Sector Energy,2025-09-16,17.17032212213019
IDX Sector Energy,2025-09-17,18.01363514805602
IDX Sector Energy,2025-09-18,18.918859512548952
IDX Sector Energy,2025-09-19,20.164779408801667
IDX Sector Energy,2025-09-22,21.670067516329574
IDX Sector Energy,2025-09-23,24.431166680709673
IDX Sector Energy,2025-09-24,25.197182118246992
IDX Sector Energy,2025-09-25,24.63521766048408
IDX Sector Energy,2025-09-26,25.82032523601408
IDX Sector Energy,2025-09-29,25.52468943587414
IDX Sector Energy,2025-09-30,25.876375146077788
IDX Sector Energy,2025-10-01,26.705034600745133
IDX Sector Energy,2025-10-02,27.727121196024488
IDX Sector Energy,2025-10-03,29.266845196009832
IDX Sector Energy,2025-10-06,30.49408178890798
IDX Sector Energy,2025-10-07,33.90982924926091
IDX Sector Energy,2025-10-08,37.582380545918795
IDX Sector Energy,2025-10-09,36.03862681383737
IDX Sector Energy,2025-10-10,38.25351410955743
IDX Sector Energy,2025-10-13,40.33651926395112
IDX Sector Energy,2025-10-14,35.642980389858266
IDX Sector Energy,2025-10-15,34.755706650156974
IDX Sector Energy,2025-10-16,35.72357503177993
IDX Sector Energy,2025-10-17,28.904901985925246
IDX Sector Energy,2025-10-20,32.464254444611335
IDX Sector Energy,2025-10-21,34.43149638606299
IDX Sector Energy,2025-10-22,34.235504870480746
IDX Sector Energy,2025-10-23,34.27763388784889
IDX Sector Energy,2025-10-24,33.835462375124095
IDX Sector Energy,2025-10-27,28.863871986401485
IDX Sector Energy,2025-10-28,28.966446985210883
IDX Sector Energy,2025-10-29,29.986335544801463
IDX Sector Energy,2025-10-30,31.67589231090482
IDX Sector Energy,2025-10-31,31.322741243575326
IDX Sector Energy,2025-11-03,33.1079125621403
IDX Sector Energy,2025-11-04,32.8331581010437
IDX Sector Energy,2025-11-05,32.96870363518469
IDX Sector Energy,2025-11-06,35.27737378695905
IDX Sector Energy,2025-11-07,37.73074795491096
IDX Sector Energy,2025-11-10,38.235563484765784
IDX Sector Energy,2025-11-11,40.63874917115738
IDX Sector Energy,2025-11-12,39.9013081975741
IDX Sector Energy,2025-11-13,42.1341461180858
IDX Sector Energy,2025-11-14,41.53554773217668
IDX Sector Energy,2025-11-17,42.81736887801268
IDX Sector Energy,2025-11-18,39.648167754083765
IDX Sector Energy,2025-11-19,41.795648622014795
IDX Sector Energy,2025-11-20,42.41769272193749
IDX Sector Energy,2025-11-21,42.001897637477974
IDX Sector Energy,2025-11-24,45.311040366925425
IDX Sector Energy,2025-11-25,45.77885562935257
IDX Sector Energy,2025-11-26,49.1946030897055
IDX Sector Energy,2025-11-27,48.82863014752483
IDX Sector Energy,2025-11-28,50.68194057244176
IDX Sector Energy,2025-12-01,52.72501474515608
IDX Sector Energy,2025-12-02,53.581515985214544
IDX Sector Energy,2025-12-03,52.81110447629968
IDX Sector Energy,2025-12-04,53.44230705825893
IDX Sector Energy,2025-12-05,52.37662608848559
IDX Sector Energy,2025-12-08,56.53494327236226
IDX Sector Energy,2025-12-09,55.64437247912782
IDX Sector Energy,2025-12-10,57.803576204065635
IDX Sector Energy,2025-12-11,60.28405947884574
IDX Sector Energy,2025-12-12,62.2589945452081
IDX Sector Energy,2025-12-15,56.65730059237062
IDX Sector Energy,2025-12-16,58.808444853116264
IDX Sector Energy,2025-12-17,60.114810730810234
IDX Sector Energy,2025-12-18,57.509772100333
IDX Sector Energy,2025-12-19,57.63322843818574
IDX Sector Energy,2025-12-22,61.567712321089054
IDX Sector Energy,2025-12-23,60.25988108626924
IDX Sector Energy,2025-12-24,58.43184807177319
IDX Sector Energy,2025-12-29,63.446666495708335
IDX Sector Energy,2025-12-30,63.14370390993915
IDX Sector Energy,2026-01-02,68.57798081114844
IDX Sector Energy,2026-01-05,72.4780288015943
IDX Sector Energy,2026-01-06,75.26953412633577
IDX Sector Energy,2026-01-07,76.16853072304384
IDX Sector Energy,2026-01-08,77.02942803447985
IDX Sector Energy,2026-01-09,78.77686640705423
IDX Sector Energy,2026-01-12,76.2985811679629
IDX Sector Energy,2026-01-13,75.3534258217906
IDX Sector Energy,2026-01-14,78.38268534020098
IDX Sector Energy,2026-01-15,78.0137816837686
IDX Sector Energy,2026-01-19,79.72788318172992
IDX Sector Energy,2026-01-20,79.16078997402654
IDX Sector Energy,2026-01-21,76.99828919555557
IDX Sector Energy,2026-01-22,73.71405753724754
IDX Sector Energy,2026-01-23,72.04245139593583
IDX Sector Energy,2026-01-26,67.92956028296047
IDX Sector Energy,2026-01-27,69.85613856416983
IDX Sector Energy,2026-01-28,54.59371141989442
IDX Sector Energy,2026-01-29,50.47788959266735
IDX Sector Energy,2026-01-30,50.88745690934202
IDX Sector Energy,2026-02-02,39.33128427561902
IDX Sector Energy,2026-02-03,45.591289917243955
IDX Sector Energy,2026-02-04,43.90319850826645
IDX Sector Energy,2026-02-05,42.17627513545395
IDX Sector Energy,2026-02-06,37.5494100105872
IDX Sector Energy,2026-02-09,41.57254799960435
IDX Sector Energy,2026-02-10,43.815643419996995
IDX Sector Energy,2026-02-11,52.36820028501196
IDX Sector Energy,2026-02-12,51.95936564690022
IDX Sector Energy,2026-02-13,53.97020196284587
IDX Sector Energy,2026-02-18,57.74422924046877
IDX Sector Energy,2026-02-19,59.03374351121548
IDX Sector Energy,2026-02-20,57.40939513721238
IDX Sector Energy,2026-02-23,60.0338497496071
IDX Sector Energy,2026-02-24,54.42959142179939
IDX Sector Energy,2026-02-25,56.06749434921658
IDX Sector Energy,2026-02-26,52.739668316414566
IDX Sector Energy,2026-02-27,53.14300786530437
IDX Sector Energy,2026-03-02,55.507361587860984
IDX Sector Energy,2026-03-03,55.87589890501189
IDX Sector Energy,2026-03-04,48.649123899608384
IDX Sector Energy,2026-03-05,49.736418886988
IDX Sector Energy,2026-03-06,45.45171465100688
IDX Sector Energy,2026-03-09,39.15983749189474
IDX Sector Energy,2026-03-10,42.032670137120796
IDX Sector Energy,2026-03-11,39.17302570602738
IDX Sector Energy,2026-03-12,38.40188151854959
IDX Sector Energy,2026-03-13,34.45017968941756
IDX Sector Energy,2026-03-16,31.442900527894903
IDX Sector Energy,2026-03-17,32.821801583318376
IDX Sector Energy,2026-03-25,39.65732623612032
IDX Sector Energy,2026-03-26,35.597187979675496
IDX Sector Energy,2026-03-27,36.07049833132457
IDX Sector Energy,2026-03-30,39.03711383260493
IDX Sector Energy,2026-03-31,35.21546244839195
IDX Sector Energy,2026-04-01,38.06668107601174
IDX Sector Energy,2026-04-02,34.0076418374113
IDX Sector Energy,2026-04-06,34.53187334918361
IDX Sector Energy,2026-04-07,34.80003370321389
IDX Sector Energy,2026-04-08,39.98886328584355
IDX Sector Energy,2026-04-09,42.532356917035145
IDX Sector Energy,2026-04-10,44.543559572262254
IDX Sector Energy,2026-04-13,48.36630997431961
IDX Sector Energy,2026-04-14,53.82110187529078
IDX Sector Energy,2026-04-15,53.412267237179044
IDX Sector Energy,2026-04-16,53.312256613339876
IDX Sector Energy,2026-04-17,53.24741456052108
IDX Sector Energy,2026-04-20,51.1874887808595
IDX Sector Energy,2026-04-21,49.64190335237076
IDX Sector Energy,2026-04-22,49.40048576588722
IDX Sector Energy,2026-04-23,46.95443838356456
IDX Sector Energy,2026-04-24,40.750116312721865
IDX Sector Energy,2026-04-27,39.04883668961172
IDX Sector Energy,2026-04-28,38.46196116070938
IDX Sector Energy,2026-04-29,39.081074546380385
IDX Sector Energy,2026-04-30,37.57615277813394
IDX Sector Energy,2026-05-04,35.92909136868019
IDX Sector Energy,2026-05-05,37.83881804294229
IDX Sector Energy,2026-05-06,37.658579116462924
IDX Sector Energy,2026-05-07,35.9474083327533
IDX Sector Energy,2026-05-08,29.702056262386847
IDX Sector Energy,2026-05-11,27.088225489154524
IDX Sector Energy,2026-05-12,27.095552274783767
IDX Sector Energy,2026-05-13,25.04734935212898
IDX Sector Energy,2026-05-18,22.078902154441312
IDX Sector Energy,2026-05-19,13.611336002725563
IDX Sector Energy,2026-05-20,10.60552219832876
IDX Sector Energy,2026-05-21,2.959288715651113
IDX Sector Energy,2026-05-22,7.940770264973202
IDX Sector Energy,2026-05-25,5.739071183385781
IDX Sector Energy,2026-05-26,4.638954321154994
IDX Sector Energy,2026-05-29,6.676899743928843
IDX Sector Energy,2026-06-02,8.395763652549173
IDX Sector Energy,2026-06-03,2.3119672053075235
IDX Sector Energy,2026-06-04,1.4800106971070186
IDX Sector Energy,2026-06-05,-4.336724413948734
IDX Sector Energy,2026-06-08,-8.191346333493302
IDX Sector Energy,2026-06-09,0.25423946133472053
IDX Sector Energy,2026-06-10,1.9855589055247627
IDX Sector Energy,2026-06-11,-0.17657553366474826
IDX Sector Energy,2026-06-12,4.475933340904345
IDX Sector Energy,2026-06-15,6.929673848137714
IDX Sector Energy,2026-06-17,4.796846551465174
IDX Sector Energy,2026-06-18,4.926164317821307
IDX Sector Energy,2026-06-19,4.891362086082404
IDX Sector Energy,2026-06-22,6.434749478882372
IDX Sector Energy,2026-06-23,5.784863593568548
IDX Sector Energy,2026-06-24,-0.5542713328522078
IDX Sector Energy,2026-06-25,0.887273739701287
IDX Sector Energy,2026-06-26,-1.7540324796406945
IDX Sector Energy,2026-06-29,-2.2291745276970816
IDX Sector Energy,2026-06-30,-5.658842880745573
IDX Sector Basic Materials,2025-06-30,0.0
IDX Sector Basic Materials,2025-07-01,0.3390929601059159
IDX Sector Basic Materials,2025-07-02,-1.4077086232285432
IDX Sector Basic Materials,2025-07-03,-0.2526310101187501
IDX Sector Basic Materials,2025-07-04,-0.513367828048797
IDX Sector Basic Materials,2025-07-07,-0.7247943151267884
IDX Sector Basic Materials,2025-07-08,0.11753421326380352
IDX Sector Basic Materials,2025-07-09,1.5340241282879183
IDX Sector Basic Materials,2025-07-10,1.987273881736264
IDX Sector Basic Materials,2025-07-11,2.702611421083206
IDX Sector Basic Materials,2025-07-14,4.956701476607989
IDX Sector Basic Materials,2025-07-15,5.073560205887518
IDX Sector Basic Materials,2025-07-16,5.0857189176044635
IDX Sector Basic Materials,2025-07-17,6.155010064711366
IDX Sector Basic Materials,2025-07-18,7.077721187230651
IDX Sector Basic Materials,2025-07-21,10.067413301630618
IDX Sector Basic Materials,2025-07-22,5.27350346523284
IDX Sector Basic Materials,2025-07-23,7.428972859053512
IDX Sector Basic Materials,2025-07-24,7.579605787546777
IDX Sector Basic Materials,2025-07-25,8.523932397562854
IDX Sector Basic Materials,2025-07-28,10.97121087259021
IDX Sector Basic Materials,2025-07-29,12.917280231285716
IDX Sector Basic Materials,2025-07-30,11.968900717363992
IDX Sector Basic Materials,2025-07-31,9.146728631064157
IDX Sector Basic Materials,2025-08-01,12.428905310655084
IDX Sector Basic Materials,2025-08-04,10.686156631226273
IDX Sector Basic Materials,2025-08-05,9.45812674781481
IDX Sector Basic Materials,2025-08-06,11.45620837329947
IDX Sector Basic Materials,2025-08-07,12.803123437943286
IDX Sector Basic Materials,2025-08-08,12.62952405398468
IDX Sector Basic Materials,2025-08-11,11.472419988922063
IDX Sector Basic Materials,2025-08-12,10.499047567582172
IDX Sector Basic Materials,2025-08-13,10.565244998041097
IDX Sector Basic Materials,2025-08-14,10.32882560354494
IDX Sector Basic Materials,2025-08-15,9.372340281811919
IDX Sector Basic Materials,2025-08-19,9.818835195417517
IDX Sector Basic Materials,2025-08-20,11.826373596682023
IDX Sector Basic Materials,2025-08-21,10.96242958079464
IDX Sector Basic Materials,2025-08-22,10.356520446900204
IDX Sector Basic Materials,2025-08-25,11.127247672957674
IDX Sector Basic Materials,2025-08-26,9.53378095405358
IDX Sector Basic Materials,2025-08-27,11.867578119722781
IDX Sector Basic Materials,2025-08-28,12.280298834114642
IDX Sector Basic Materials,2025-08-29,10.503775955472095
IDX Sector Basic Materials,2025-09-01,10.407857229705083
IDX Sector Basic Materials,2025-09-02,14.858621202091298
IDX Sector Basic Materials,2025-09-03,15.247699977033545
IDX Sector Basic Materials,2025-09-04,13.953472663163156
IDX Sector Basic Materials,2025-09-08,14.82754893881466
IDX Sector Basic Materials,2025-09-09,14.555328893151943
IDX Sector Basic Materials,2025-09-10,13.582631955796328
IDX Sector Basic Materials,2025-09-11,13.107766714851191
IDX Sector Basic Materials,2025-09-12,15.979924615987354
IDX Sector Basic Materials,2025-09-15,17.755096526661355
IDX Sector Basic Materials,2025-09-16,18.057037867632157
IDX Sector Basic Materials,2025-09-17,18.346145012901744
IDX Sector Basic Materials,2025-09-18,19.043919968657544
IDX Sector Basic Materials,2025-09-19,21.264911308952865
IDX Sector Basic Materials,2025-09-22,22.80704124505208
IDX Sector Basic Materials,2025-09-23,26.29659150781535
IDX Sector Basic Materials,2025-09-24,27.807649180637927
IDX Sector Basic Materials,2025-09-25,23.936450466759432
IDX Sector Basic Materials,2025-09-26,27.460450412720714
IDX Sector Basic Materials,2025-09-29,33.230434606395484
IDX Sector Basic Materials,2025-09-30,31.82272598316694
IDX Sector Basic Materials,2025-10-01,33.626268221180474
IDX Sector Basic Materials,2025-10-02,34.42198835465611
IDX Sector Basic Materials,2025-10-03,34.95089231434323
IDX Sector Basic Materials,2025-10-06,36.54638548520015
IDX Sector Basic Materials,2025-10-07,35.68987179313979
IDX Sector Basic Materials,2025-10-08,37.71159535807406
IDX Sector Basic Materials,2025-10-09,38.30061739236163
IDX Sector Basic Materials,2025-10-10,40.56619067561908
IDX Sector Basic Materials,2025-10-13,42.30083354723659
IDX Sector Basic Materials,2025-10-14,39.261155618000295
IDX Sector Basic Materials,2025-10-15,38.66537874386998
IDX Sector Basic Materials,2025-10-16,40.3331487010443
IDX Sector Basic Materials,2025-10-17,37.02192621012956
IDX Sector Basic Materials,2025-10-20,35.969522162629524
IDX Sector Basic Materials,2025-10-21,37.12730171167642
IDX Sector Basic Materials,2025-10-22,33.40268302238554
IDX Sector Basic Materials,2025-10-23,35.121789762364735
IDX Sector Basic Materials,2025-10-24,33.359452047391954
IDX Sector Basic Materials,2025-10-27,31.611299496088947
IDX Sector Basic Materials,2025-10-28,31.460666567595684
IDX Sector Basic Materials,2025-10-29,35.98776023020494
IDX Sector Basic Materials,2025-10-30,35.35888464084517
IDX Sector Basic Materials,2025-10-31,34.0639818429905
IDX Sector Basic Materials,2025-11-03,35.718242120479324
IDX Sector Basic Materials,2025-11-04,32.70963645451966
IDX Sector Basic Materials,2025-11-05,36.04179894894692
IDX Sector Basic Materials,2025-11-06,34.81647100147256
IDX Sector Basic Materials,2025-11-07,35.06640007565421
IDX Sector Basic Materials,2025-11-10,36.67202550627525
IDX Sector Basic Materials,2025-11-11,36.38832223287986
IDX Sector Basic Materials,2025-11-12,35.918860863808916
IDX Sector Basic Materials,2025-11-13,36.27146350360033
IDX Sector Basic Materials,2025-11-14,35.03127490847192
IDX Sector Basic Materials,2025-11-17,32.248280893260024
IDX Sector Basic Materials,2025-11-18,30.502154793909835
IDX Sector Basic Materials,2025-11-19,30.855432917685523
IDX Sector Basic Materials,2025-11-20,30.437308331419462
IDX Sector Basic Materials,2025-11-21,31.28031234379433
IDX Sector Basic Materials,2025-11-24,32.65492225179341
IDX Sector Basic Materials,2025-11-25,32.29016090028505
IDX Sector Basic Materials,2025-11-26,34.51115224058037
IDX Sector Basic Materials,2025-11-27,34.75027357101363
IDX Sector Basic Materials,2025-11-28,33.94982504964807
IDX Sector Basic Materials,2025-12-01,33.77960308561084
IDX Sector Basic Materials,2025-12-02,35.177854933059535
IDX Sector Basic Materials,2025-12-03,34.36794963591413
IDX Sector Basic Materials,2025-12-04,33.48576755245133
IDX Sector Basic Materials,2025-12-05,33.54115723916186
IDX Sector Basic Materials,2025-12-08,34.168681860553086
IDX Sector Basic Materials,2025-12-09,31.999702787046918
IDX Sector Basic Materials,2025-12-10,33.46550303292309
IDX Sector Basic Materials,2025-12-11,32.32190864754597
IDX Sector Basic Materials,2025-12-12,39.6245660015401
IDX Sector Basic Materials,2025-12-15,37.675794706907496
IDX Sector Basic Materials,2025-12-16,37.74672052525634
IDX Sector Basic Materials,2025-12-17,37.44950757217546
IDX Sector Basic Materials,2025-12-18,36.26133124383621
IDX Sector Basic Materials,2025-12-19,36.48896934653679
IDX Sector Basic Materials,2025-12-22,39.13754204887802
IDX Sector Basic Materials,2025-12-23,38.62822712473487
IDX Sector Basic Materials,2025-12-24,36.43087772388917
IDX Sector Basic Materials,2025-12-29,40.67629456505586
IDX Sector Basic Materials,2025-12-30,39.023385255535594
IDX Sector Basic Materials,2026-01-02,42.817578795206764
IDX Sector Basic Materials,2026-01-05,46.563137488010156
IDX Sector Basic Materials,2026-01-06,51.472555085718916
IDX Sector Basic Materials,2026-01-07,53.14978181867308
IDX Sector Basic Materials,2026-01-08,48.21402034557761
IDX Sector Basic Materials,2026-01-09,51.739371259507436
IDX Sector Basic Materials,2026-01-12,52.86202564137204
IDX Sector Basic Materials,2026-01-13,56.95005471420273
IDX Sector Basic Materials,2026-01-14,58.92246794828495
IDX Sector Basic Materials,2026-01-15,57.720781940260196
IDX Sector Basic Materials,2026-01-19,57.477607705921294
IDX Sector Basic Materials,2026-01-20,61.39879223463612
IDX Sector Basic Materials,2026-01-21,61.622377433431055
IDX Sector Basic Materials,2026-01-22,60.20791397035976
IDX Sector Basic Materials,2026-01-23,60.053903621945125
IDX Sector Basic Materials,2026-01-26,67.18025965604356
IDX Sector Basic Materials,2026-01-27,64.78431796382108
IDX Sector Basic Materials,2026-01-28,54.40010267356561
IDX Sector Basic Materials,2026-01-29,50.52822847570284
IDX Sector Basic Materials,2026-01-30,50.90109563502249
IDX Sector Basic Materials,2026-02-02,34.70163872414585
IDX Sector Basic Materials,2026-02-03,43.478877615811726
IDX Sector Basic Materials,2026-02-04,48.24779454479134
IDX Sector Basic Materials,2026-02-05,46.96505045865363
IDX Sector Basic Materials,2026-02-06,42.544683265559776
IDX Sector Basic Materials,2026-02-09,48.830061739236164
IDX Sector Basic Materials,2026-02-10,51.18479890841788
IDX Sector Basic Materials,2026-02-11,55.72202483079126
IDX Sector Basic Materials,2026-02-12,57.99030004998581
IDX Sector Basic Materials,2026-02-13,56.3117223490631
IDX Sector Basic Materials,2026-02-18,57.2182218559598
IDX Sector Basic Materials,2026-02-19,61.70276002755975
IDX Sector Basic Materials,2026-02-20,61.35083287175261
IDX Sector Basic Materials,2026-02-23,66.69863957525567
IDX Sector Basic Materials,2026-02-24,64.64922116696613
IDX Sector Basic Materials,2026-02-25,66.34873887140135
IDX Sector Basic Materials,2026-02-26,63.46442225854825
IDX Sector Basic Materials,2026-02-27,66.52976857918699
IDX Sector Basic Materials,2026-03-02,65.07342510909066
IDX Sector Basic Materials,2026-03-03,58.716445333081154
IDX Sector Basic Materials,2026-03-04,46.938706583266914
IDX Sector Basic Materials,2026-03-05,50.80720336120831
IDX Sector Basic Materials,2026-03-06,47.44464408748868
IDX Sector Basic Materials,2026-03-09,40.67629456505586
IDX Sector Basic Materials,2026-03-10,46.899528512178975
IDX Sector Basic Materials,2026-03-11,43.92199510949595
IDX Sector Basic Materials,2026-03-12,41.8489347617568
IDX Sector Basic Materials,2026-03-13,36.360627389524595
IDX Sector Basic Materials,2026-03-16,33.87214439145648
IDX Sector Basic Materials,2026-03-17,38.46543548452466
IDX Sector Basic Materials,2026-03-25,38.23104254198133
IDX Sector Basic Materials,2026-03-26,35.094770402993746
IDX Sector Basic Materials,2026-03-27,34.53141676010862
IDX Sector Basic Materials,2026-03-30,33.460099161048895
IDX Sector Basic Materials,2026-03-31,34.03628699963524
IDX Sector Basic Materials,2026-04-01,38.80047554072493
IDX Sector Basic Materials,2026-04-02,32.057794409694544
IDX Sector Basic Materials,2026-04-06,33.59789789384094
IDX Sector Basic Materials,2026-04-07,33.48644303643561
IDX Sector Basic Materials,2026-04-08,45.220950811256266
IDX Sector Basic Materials,2026-04-09,45.62961862174248
IDX Sector Basic Materials,2026-04-10,48.4869158752246
IDX Sector Basic Materials,2026-04-13,51.985922913767716
IDX Sector Basic Materials,2026-04-14,57.38303994812283
IDX Sector Basic Materials,2026-04-15,56.69201983220978
IDX Sector Basic Materials,2026-04-16,56.075978438551225
IDX Sector Basic Materials,2026-04-17,56.4535739857608
IDX Sector Basic Materials,2026-04-20,55.49776414801205
IDX Sector Basic Materials,2026-04-21,59.11295443185042
IDX Sector Basic Materials,2026-04-22,58.0254252171681
IDX Sector Basic Materials,2026-04-23,54.95737696059226
IDX Sector Basic Materials,2026-04-24,50.67818592021183
IDX Sector Basic Materials,2026-04-27,52.91268694019265
IDX Sector Basic Materials,2026-04-28,50.64778914091947
IDX Sector Basic Materials,2026-04-29,49.01446886694316
IDX Sector Basic Materials,2026-04-30,44.69204685156915
IDX Sector Basic Materials,2026-05-04,43.695032490779646
IDX Sector Basic Materials,2026-05-05,47.80805447102849
IDX Sector Basic Materials,2026-05-06,50.6254981694384
IDX Sector Basic Materials,2026-05-07,48.185650018238064
IDX Sector Basic Materials,2026-05-08,36.62339065940746
IDX Sector Basic Materials,2026-05-11,36.36197835749314
IDX Sector Basic Materials,2026-05-12,38.890990394617745
IDX Sector Basic Materials,2026-05-13,32.74205968576485
IDX Sector Basic Materials,2026-05-18,25.87576498561219
IDX Sector Basic Materials,2026-05-19,16.685805379554452
IDX Sector Basic Materials,2026-05-20,11.232623174504532
IDX Sector Basic Materials,2026-05-21,3.97049485956688
IDX Sector Basic Materials,2026-05-22,11.097526377649586
IDX Sector Basic Materials,2026-05-25,10.058632009835048
IDX Sector Basic Materials,2026-05-26,9.083908620526607
IDX Sector Basic Materials,2026-05-29,11.970927169316816
IDX Sector Basic Materials,2026-06-02,13.444157739020008
IDX Sector Basic Materials,2026-06-03,3.1795031139811676
IDX Sector Basic Materials,2026-06-04,2.371624268788587
IDX Sector Basic Materials,2026-06-05,-0.17765228786425474
IDX Sector Basic Materials,2026-06-08,-4.173140054849299
IDX Sector Basic Materials,2026-06-09,5.3842828386538955
IDX Sector Basic Materials,2026-06-10,5.823347428432472
IDX Sector Basic Materials,2026-06-11,1.3090879615244322
IDX Sector Basic Materials,2026-06-12,6.2218829791545645
IDX Sector Basic Materials,2026-06-15,13.933883627619188
IDX Sector Basic Materials,2026-06-17,13.196930600775456
IDX Sector Basic Materials,2026-06-18,16.019778171059563
IDX Sector Basic Materials,2026-06-19,13.89538104051553
IDX Sector Basic Materials,2026-06-22,11.06105024249875
IDX Sector Basic Materials,2026-06-23,11.608867753745558
IDX Sector Basic Materials,2026-06-24,4.201510382188839
IDX Sector Basic Materials,2026-06-25,6.474513989273314
IDX Sector Basic Materials,2026-06-26,1.155753097094068
IDX Sector Basic Materials,2026-06-29,-0.28100133745828887
IDX Sector Basic Materials,2026-06-30,-5.80308290890423
IDX Sector Industrials,2025-06-30,0.0
IDX Sector Industrials,2025-07-01,-0.6326278640341773
IDX Sector Industrials,2025-07-02,-0.4862165794390481
IDX Sector Industrials,2025-07-03,-0.5550517356292953
IDX Sector Industrials,2025-07-04,-0.12892934016585994
IDX Sector Industrials,2025-07-07,0.3146749997268446
IDX Sector Industrials,2025-07-08,0.5015132808146586
IDX Sector Industrials,2025-07-09,1.5744676201610524
IDX Sector Industrials,2025-07-10,1.8509008664488709
IDX Sector Industrials,2025-07-11,2.80257421631721
IDX Sector Industrials,2025-07-14,2.5173999978147568
IDX Sector Industrials,2025-07-15,2.235503643892792
IDX Sector Industrials,2025-07-16,2.922762584268435
IDX Sector Industrials,2025-07-17,2.8222414038001378
IDX Sector Industrials,2025-07-18,3.3543480873660174
IDX Sector Industrials,2025-07-21,5.066486019907564
IDX Sector Industrials,2025-07-22,5.051189318531954
IDX Sector Industrials,2025-07-23,8.111622215180883
IDX Sector Industrials,2025-07-24,8.947477683205314
IDX Sector Industrials,2025-07-25,9.764758585273647
IDX Sector Industrials,2025-07-28,10.14608349813708
IDX Sector Industrials,2025-07-29,10.528501032527343
IDX Sector Industrials,2025-07-30,12.22315702063962
IDX Sector Industrials,2025-07-31,11.664827420429837
IDX Sector Industrials,2025-08-01,11.133813358390787
IDX Sector Industrials,2025-08-04,12.317122471946941
IDX Sector Industrials,2025-08-05,12.034133496498148
IDX Sector Industrials,2025-08-06,13.923276116386045
IDX Sector Industrials,2025-08-07,14.390918129868995
IDX Sector Industrials,2025-08-08,16.901762398522777
IDX Sector Industrials,2025-08-11,17.291828283600843
IDX Sector Industrials,2025-08-12,23.164668990308446
IDX Sector Industrials,2025-08-13,24.133824284606057
IDX Sector Industrials,2025-08-14,23.72627645509872
IDX Sector Industrials,2025-08-15,23.441102236596265
IDX Sector Industrials,2025-08-19,25.72031074156223
IDX Sector Industrials,2025-08-20,27.015067250854976
IDX Sector Industrials,2025-08-21,28.79276247500628
IDX Sector Industrials,2025-08-22,29.223255356577035
IDX Sector Industrials,2025-08-25,29.498595981338024
IDX Sector Industrials,2025-08-26,30.95615309812834
IDX Sector Industrials,2025-08-27,34.025326966991905
IDX Sector Industrials,2025-08-28,37.490029828567685
IDX Sector Industrials,2025-08-29,38.49961211935798
IDX Sector Industrials,2025-09-01,40.688133037597105
IDX Sector Industrials,2025-09-02,43.08315942440698
IDX Sector Industrials,2025-09-03,45.8005091616315
IDX Sector Industrials,2025-09-04,45.5470209674071
IDX Sector Industrials,2025-09-08,45.76226740819248
IDX Sector Industrials,2025-09-09,45.922882772636385
IDX Sector Industrials,2025-09-10,46.94666914327546
IDX Sector Industrials,2025-09-11,47.92784327436819
IDX Sector Industrials,2025-09-12,48.33320586082187
IDX Sector Industrials,2025-09-15,50.366574522251234
IDX Sector Industrials,2025-09-16,52.57913311408061
IDX Sector Industrials,2025-09-17,56.89498814505643
IDX Sector Industrials,2025-09-18,57.49702260633939
IDX Sector Industrials,2025-09-19,64.66789768692023
IDX Sector Industrials,2025-09-22,68.67235558274969
IDX Sector Industrials,2025-09-23,71.15369907017909
IDX Sector Industrials,2025-09-24,78.6108409907892
IDX Sector Industrials,2025-09-25,75.63126208712563
IDX Sector Industrials,2025-09-26,77.49090392578914
IDX Sector Industrials,2025-09-29,76.79708925625253
IDX Sector Industrials,2025-09-30,74.28187450149143
IDX Sector Industrials,2025-10-01,74.50913977907193
IDX Sector Industrials,2025-10-02,74.39332189722802
IDX Sector Industrials,2025-10-03,78.67858352545262
IDX Sector Industrials,2025-10-06,75.94156660074516
IDX Sector Industrials,2025-10-07,75.28490106312074
IDX Sector Industrials,2025-10-08,80.4256853468527
IDX Sector Industrials,2025-10-09,80.71195218688199
IDX Sector Industrials,2025-10-10,81.58714202987227
IDX Sector Industrials,2025-10-13,80.71850791604297
IDX Sector Industrials,2025-10-14,79.88811555565267
IDX Sector Industrials,2025-10-15,78.61411885536968
IDX Sector Industrials,2025-10-16,80.44863039891612
IDX Sector Industrials,2025-10-17,76.08032953465249
IDX Sector Industrials,2025-10-20,80.3994624302088
IDX Sector Industrials,2025-10-21,80.43879680517466
IDX Sector Industrials,2025-10-22,83.62269593435529
IDX Sector Industrials,2025-10-23,86.6295903761896
IDX Sector Industrials,2025-10-24,89.13169367262874
IDX Sector Industrials,2025-10-27,82.58142761928696
IDX Sector Industrials,2025-10-28,80.76767588475028
IDX Sector Industrials,2025-10-29,79.05553795220874
IDX Sector Industrials,2025-10-30,80.62235722168198
IDX Sector Industrials,2025-10-31,77.90500748445746
IDX Sector Industrials,2025-11-03,78.23716442861357
IDX Sector Industrials,2025-11-04,84.69346503064803
IDX Sector Industrials,2025-11-05,81.94333664761864
IDX Sector Industrials,2025-11-06,85.7358259672432
IDX Sector Industrials,2025-11-07,85.22666433574074
IDX Sector Industrials,2025-11-10,90.77608907050687
IDX Sector Industrials,2025-11-11,92.44561476350206
IDX Sector Industrials,2025-11-12,93.54697726254602
IDX Sector Industrials,2025-11-13,90.64497448728734
IDX Sector Industrials,2025-11-14,87.28625591381402
IDX Sector Industrials,2025-11-17,87.84458551402379
IDX Sector Industrials,2025-11-18,85.73254810266272
IDX Sector Industrials,2025-11-19,86.78474263299935
IDX Sector Industrials,2025-11-20,87.43703768451645
IDX Sector Industrials,2025-11-21,89.02898724910678
IDX Sector Industrials,2025-11-24,93.28802596068748
IDX Sector Industrials,2025-11-25,99.27886979229265
IDX Sector Industrials,2025-11-26,99.35644592069752
IDX Sector Industrials,2025-11-27,100.44032647531222
IDX Sector Industrials,2025-11-28,101.02706423521956
IDX Sector Industrials,2025-12-01,100.15187439222927
IDX Sector Industrials,2025-12-02,105.64776067218077
IDX Sector Industrials,2025-12-03,106.28912950842958
IDX Sector Industrials,2025-12-04,116.14457568043005
IDX Sector Industrials,2025-12-05,124.80687914513291
IDX Sector Industrials,2025-12-08,121.60331282846934
IDX Sector Industrials,2025-12-09,121.05809468658151
IDX Sector Industrials,2025-12-10,120.94992515542542
IDX Sector Industrials,2025-12-11,122.04691716836206
IDX Sector Industrials,2025-12-12,120.8078843569376
IDX Sector Industrials,2025-12-15,121.60986855763032
IDX Sector Industrials,2025-12-16,122.24358904319134
IDX Sector Industrials,2025-12-17,124.25510527408412
IDX Sector Industrials,2025-12-18,123.77216655922555
IDX Sector Industrials,2025-12-19,124.04095145482556
IDX Sector Industrials,2025-12-22,125.01119937065
IDX Sector Industrials,2025-12-23,130.8206680288015
IDX Sector Industrials,2025-12-24,130.5453274040405
IDX Sector Industrials,2025-12-29,135.0130568272456
IDX Sector Industrials,2025-12-30,135.46868000393343
IDX Sector Industrials,2026-01-02,140.57450039880686
IDX Sector Industrials,2026-01-05,144.43910273920216
IDX Sector Industrials,2026-01-06,149.67494509576827
IDX Sector Industrials,2026-01-07,155.66141844126614
IDX Sector Industrials,2026-01-08,155.16973875419293
IDX Sector Industrials,2026-01-09,155.470209674071
IDX Sector Industrials,2026-01-12,161.14419326289567
IDX Sector Industrials,2026-01-13,166.67722867475936
IDX Sector Industrials,2026-01-14,171.93055297575472
IDX Sector Industrials,2026-01-15,165.65344230412026
IDX Sector Industrials,2026-01-19,166.4368519388569
IDX Sector Industrials,2026-01-20,171.40281677829617
IDX Sector Industrials,2026-01-21,154.22025064737826
IDX Sector Industrials,2026-01-22,151.76403745506593
IDX Sector Industrials,2026-01-23,147.90380560077796
IDX Sector Industrials,2026-01-26,143.14106836532892
IDX Sector Industrials,2026-01-27,134.74427193164559
IDX Sector Industrials,2026-01-28,119.24871343815215
IDX Sector Industrials,2026-01-29,113.43924478000065
IDX Sector Industrials,2026-01-30,111.09884946953225
IDX Sector Industrials,2026-02-02,98.6844836816975
IDX Sector Industrials,2026-02-03,109.44789834249315
IDX Sector Industrials,2026-02-04,110.96445702173224
IDX Sector Industrials,2026-02-05,108.11052959365405
IDX Sector Industrials,2026-02-06,98.73474427193165
IDX Sector Industrials,2026-02-09,99.10514296952678
IDX Sector Industrials,2026-02-10,104.51143428427827
IDX Sector Industrials,2026-02-11,112.5203500759372
IDX Sector Industrials,2026-02-12,112.79896856527867
IDX Sector Industrials,2026-02-13,114.51656960545436
IDX Sector Industrials,2026-02-18,118.62154868175213
IDX Sector Industrials,2026-02-19,118.04901500169356
IDX Sector Industrials,2026-02-20,119.1383586639424
IDX Sector Industrials,2026-02-23,122.91882914677186
IDX Sector Industrials,2026-02-24,118.71551413305944
IDX Sector Industrials,2026-02-25,123.54162341706456
IDX Sector Industrials,2026-02-26,120.72703036395222
IDX Sector Industrials,2026-02-27,130.61416256023077
IDX Sector Industrials,2026-03-02,116.89083618325448
IDX Sector Industrials,2026-03-03,118.15936977590333
IDX Sector Industrials,2026-03-04,106.42570719928324
IDX Sector Industrials,2026-03-05,112.20676769773718
IDX Sector Industrials,2026-03-06,105.04791145395147
IDX Sector Industrials,2026-03-09,96.77130338821935
IDX Sector Industrials,2026-03-10,102.40158211597085
IDX Sector Industrials,2026-03-11,99.69515859401461
IDX Sector Industrials,2026-03-12,98.71289184139506
IDX Sector Industrials,2026-03-13,91.83265408695082
IDX Sector Industrials,2026-03-16,92.2303683227167
IDX Sector Industrials,2026-03-17,93.85946701921921
IDX Sector Industrials,2026-03-25,105.44562568971733
IDX Sector Industrials,2026-03-26,99.71919626760486
IDX Sector Industrials,2026-03-27,97.18322170383401
IDX Sector Industrials,2026-03-30,98.8112277788097
IDX Sector Industrials,2026-03-31,96.42931285032178
IDX Sector Industrials,2026-04-01,108.42848245796138
IDX Sector Industrials,2026-04-02,103.78374834740994
IDX Sector Industrials,2026-04-06,103.75861805229286
IDX Sector Industrials,2026-04-07,98.39821684166822
IDX Sector Industrials,2026-04-08,110.41268315068343
IDX Sector Industrials,2026-04-09,108.9584038984736
IDX Sector Industrials,2026-04-10,117.91571517542039
IDX Sector Industrials,2026-04-13,121.92017307124985
IDX Sector Industrials,2026-04-14,131.8346208056991
IDX Sector Industrials,2026-04-15,135.39438174010905
IDX Sector Industrials,2026-04-16,137.62770014094818
IDX Sector Industrials,2026-04-17,138.24175343902627
IDX Sector Industrials,2026-04-20,136.719731652153
IDX Sector Industrials,2026-04-21,142.8263933656021
IDX Sector Industrials,2026-04-22,145.58963320695344
IDX Sector Industrials,2026-04-23,137.22452279754816
IDX Sector Industrials,2026-04-24,128.99926794357702
IDX Sector Industrials,2026-04-27,126.37369841460617
IDX Sector Industrials,2026-04-28,126.60314893524033
IDX Sector Industrials,2026-04-29,132.07171967702106
IDX Sector Industrials,2026-04-30,125.21879746074757
IDX Sector Industrials,2026-05-04,125.28544737388415
IDX Sector Industrials,2026-05-05,123.8825213334353
IDX Sector Industrials,2026-05-06,124.84621352009877
IDX Sector Industrials,2026-05-07,127.15164494170864
IDX Sector Industrials,2026-05-08,116.81653791943009
IDX Sector Industrials,2026-05-11,113.65776908536652
IDX Sector Industrials,2026-05-12,106.81140259825399
IDX Sector Industrials,2026-05-13,109.41949018279558
IDX Sector Industrials,2026-05-18,102.6233842859172
IDX Sector Industrials,2026-05-19,93.43115938070211
IDX Sector Industrials,2026-05-20,90.98040929602395
IDX Sector Industrials,2026-05-21,80.72615626673077
IDX Sector Industrials,2026-05-22,84.91635982212121
IDX Sector Industrials,2026-05-25,86.37938004654568
IDX Sector Industrials,2026-05-26,80.08041694437463
IDX Sector Industrials,2026-05-29,80.64748751679906
IDX Sector Industrials,2026-06-02,79.48603083377948
IDX Sector Industrials,2026-06-03,73.12478830457918
IDX Sector Industrials,2026-06-04,66.0828425641642
IDX Sector Industrials,2026-06-05,56.58249838838325
IDX Sector Industrials,2026-06-08,46.57845568873398
IDX Sector Industrials,2026-06-09,59.11191722299313
IDX Sector Industrials,2026-06-10,63.530478677490905
IDX Sector Industrials,2026-06-11,62.24227789735913
IDX Sector Industrials,2026-06-12,68.48442468013505
IDX Sector Industrials,2026-06-15,76.08470002075981
IDX Sector Industrials,2026-06-17,71.64865662183276
IDX Sector Industrials,2026-06-18,71.37003813249129
IDX Sector Industrials,2026-06-19,71.02586235154006
IDX Sector Industrials,2026-06-22,66.99408891753986
IDX Sector Industrials,2026-06-23,67.75783136479355
IDX Sector Industrials,2026-06-24,61.736394130437155
IDX Sector Industrials,2026-06-25,65.36389759951051
IDX Sector Industrials,2026-06-26,58.36019361253455
IDX Sector Industrials,2026-06-29,57.87616227614917
IDX Sector Industrials,2026-06-30,55.168646132666105
IDX Sector Consumer Non-Cyclicals,2025-06-30,0.0
IDX Sector Consumer Non-Cyclicals,2025-07-01,-0.4950716511832511
IDX Sector Consumer Non-Cyclicals,2025-07-02,-0.41603912855459957
IDX Sector Consumer Non-Cyclicals,2025-07-03,0.9170754984268055
IDX Sector Consumer Non-Cyclicals,2025-07-04,0.09990903803999344
IDX Sector Consumer Non-Cyclicals,2025-07-07,0.3534095823205738
IDX Sector Consumer Non-Cyclicals,2025-07-08,0.09096196000656119
IDX Sector Consumer Non-Cyclicals,2025-07-09,1.2197849718912632
IDX Sector Consumer Non-Cyclicals,2025-07-10,1.286888057142005
IDX Sector Consumer Non-Cyclicals,2025-07-11,1.817748020458985
IDX Sector Consumer Non-Cyclicals,2025-07-14,1.4419707430548308
IDX Sector Consumer Non-Cyclicals,2025-07-15,0.9558461699050118
IDX Sector Consumer Non-Cyclicals,2025-07-16,0.9707579666273989
IDX Sector Consumer Non-Cyclicals,2025-07-17,2.670702792979526
IDX Sector Consumer Non-Cyclicals,2025-07-18,2.1458075483515007
IDX Sector Consumer Non-Cyclicals,2025-07-21,3.140424389734719
IDX Sector Consumer Non-Cyclicals,2025-07-22,2.5916702703508747
IDX Sector Consumer Non-Cyclicals,2025-07-23,3.3283130284367966
IDX Sector Consumer Non-Cyclicals,2025-07-24,3.2134921936744156
IDX Sector Consumer Non-Cyclicals,2025-07-25,3.156827366129345
IDX Sector Consumer Non-Cyclicals,2025-07-28,3.411819090082164
IDX Sector Consumer Non-Cyclicals,2025-07-29,4.273720940636137
IDX Sector Consumer Non-Cyclicals,2025-07-30,5.25193480562473
IDX Sector Consumer Non-Cyclicals,2025-07-31,5.852880213536929
IDX Sector Consumer Non-Cyclicals,2025-08-01,6.330057708653316
IDX Sector Consumer Non-Cyclicals,2025-08-04,5.826038979436633
IDX Sector Consumer Non-Cyclicals,2025-08-05,6.075065984700497
IDX Sector Consumer Non-Cyclicals,2025-08-06,4.999925441016388
IDX Sector Consumer Non-Cyclicals,2025-08-07,4.820983880347743
IDX Sector Consumer Non-Cyclicals,2025-08-08,4.381085877037324
IDX Sector Consumer Non-Cyclicals,2025-08-11,5.037204932822355
IDX Sector Consumer Non-Cyclicals,2025-08-12,5.184831720373988
IDX Sector Consumer Non-Cyclicals,2025-08-13,5.059572627905936
IDX Sector Consumer Non-Cyclicals,2025-08-14,5.687359269918432
IDX Sector Consumer Non-Cyclicals,2025-08-15,4.983522464621762
IDX Sector Consumer Non-Cyclicals,2025-08-19,5.772356511236039
IDX Sector Consumer Non-Cyclicals,2025-08-20,7.50212493103294
IDX Sector Consumer Non-Cyclicals,2025-08-21,8.155261627473495
IDX Sector Consumer Non-Cyclicals,2025-08-22,7.722819522524269
IDX Sector Consumer Non-Cyclicals,2025-08-25,7.475283696932643
IDX Sector Consumer Non-Cyclicals,2025-08-26,6.823638180164328
IDX Sector Consumer Non-Cyclicals,2025-08-27,6.182430921101684
IDX Sector Consumer Non-Cyclicals,2025-08-28,6.922056038532083
IDX Sector Consumer Non-Cyclicals,2025-08-29,5.591923770895155
IDX Sector Consumer Non-Cyclicals,2025-09-01,4.92834881674893
IDX Sector Consumer Non-Cyclicals,2025-09-02,6.075065984700497
IDX Sector Consumer Non-Cyclicals,2025-09-03,7.1561712470735594
IDX Sector Consumer Non-Cyclicals,2025-09-04,6.816182281803134
IDX Sector Consumer Non-Cyclicals,2025-09-08,6.886267726398354
IDX Sector Consumer Non-Cyclicals,2025-09-09,6.571628815555987
IDX Sector Consumer Non-Cyclicals,2025-09-10,6.847497054920147
IDX Sector Consumer Non-Cyclicals,2025-09-11,7.907725801881869
IDX Sector Consumer Non-Cyclicals,2025-09-12,8.238767689118863
IDX Sector Consumer Non-Cyclicals,2025-09-15,8.681648051773758
IDX Sector Consumer Non-Cyclicals,2025-09-16,10.590358032239305
IDX Sector Consumer Non-Cyclicals,2025-09-17,11.705760427073859
IDX Sector Consumer Non-Cyclicals,2025-09-18,11.118235636211807
IDX Sector Consumer Non-Cyclicals,2025-09-19,12.52143570778843
IDX Sector Consumer Non-Cyclicals,2025-09-22,13.350531605553153
IDX Sector Consumer Non-Cyclicals,2025-09-23,15.748348518512996
IDX Sector Consumer Non-Cyclicals,2025-09-24,15.711069026707028
IDX Sector Consumer Non-Cyclicals,2025-09-25,17.73907338095167
IDX Sector Consumer Non-Cyclicals,2025-09-26,19.653748080106173
IDX Sector Consumer Non-Cyclicals,2025-09-29,19.467350621076335
IDX Sector Consumer Non-Cyclicals,2025-09-30,18.633781184294897
IDX Sector Consumer Non-Cyclicals,2025-10-01,17.41697857174811
IDX Sector Consumer Non-Cyclicals,2025-10-02,17.98064448785434
IDX Sector Consumer Non-Cyclicals,2025-10-03,19.828216101758102
IDX Sector Consumer Non-Cyclicals,2025-10-06,18.86938757250861
IDX Sector Consumer Non-Cyclicals,2025-10-07,18.718778425612502
IDX Sector Consumer Non-Cyclicals,2025-10-08,19.428579949598127
IDX Sector Consumer Non-Cyclicals,2025-10-09,21.231416173334726
IDX Sector Consumer Non-Cyclicals,2025-10-10,21.812976245507823
IDX Sector Consumer Non-Cyclicals,2025-10-13,22.959693413459387
IDX Sector Consumer Non-Cyclicals,2025-10-14,20.709503288051177
IDX Sector Consumer Non-Cyclicals,2025-10-15,21.358166445475014
IDX Sector Consumer Non-Cyclicals,2025-10-16,23.123723177405644
IDX Sector Consumer Non-Cyclicals,2025-10-17,20.333726010647023
IDX Sector Consumer Non-Cyclicals,2025-10-20,21.459566663187246
IDX Sector Consumer Non-Cyclicals,2025-10-21,20.399337916225527
IDX Sector Consumer Non-Cyclicals,2025-10-22,22.237962452095854
IDX Sector Consumer Non-Cyclicals,2025-10-23,24.764020816868225
IDX Sector Consumer Non-Cyclicals,2025-10-24,23.384679620047418
IDX Sector Consumer Non-Cyclicals,2025-10-27,22.733034103279103
IDX Sector Consumer Non-Cyclicals,2025-10-28,21.982970728143034
IDX Sector Consumer Non-Cyclicals,2025-10-29,22.40497457538659
IDX Sector Consumer Non-Cyclicals,2025-10-30,21.812976245507823
IDX Sector Consumer Non-Cyclicals,2025-10-31,21.959111853387213
IDX Sector Consumer Non-Cyclicals,2025-11-03,20.988353886759814
IDX Sector Consumer Non-Cyclicals,2025-11-04,20.53205290705477
IDX Sector Consumer Non-Cyclicals,2025-11-05,21.149401291361595
IDX Sector Consumer Non-Cyclicals,2025-11-06,20.029525357510327
IDX Sector Consumer Non-Cyclicals,2025-11-07,19.19446474105665
IDX Sector Consumer Non-Cyclicals,2025-11-10,19.207885358106797
IDX Sector Consumer Non-Cyclicals,2025-11-11,18.36686002296417
IDX Sector Consumer Non-Cyclicals,2025-11-12,20.299428878185534
IDX Sector Consumer Non-Cyclicals,2025-11-13,19.54936550304946
IDX Sector Consumer Non-Cyclicals,2025-11-14,19.093064523344417
IDX Sector Consumer Non-Cyclicals,2025-11-17,18.829125721358167
IDX Sector Consumer Non-Cyclicals,2025-11-18,18.435454287887147
IDX Sector Consumer Non-Cyclicals,2025-11-19,19.72383352470139
IDX Sector Consumer Non-Cyclicals,2025-11-20,19.625415666333637
IDX Sector Consumer Non-Cyclicals,2025-11-21,19.04385559416054
IDX Sector Consumer Non-Cyclicals,2025-11-24,20.124960856533605
IDX Sector Consumer Non-Cyclicals,2025-11-25,19.573224377805282
IDX Sector Consumer Non-Cyclicals,2025-11-26,20.356093705730604
IDX Sector Consumer Non-Cyclicals,2025-11-27,19.462877082059617
IDX Sector Consumer Non-Cyclicals,2025-11-28,19.62094212731692
IDX Sector Consumer Non-Cyclicals,2025-12-01,19.361476864347384
IDX Sector Consumer Non-Cyclicals,2025-12-02,19.655239259778412
IDX Sector Consumer Non-Cyclicals,2025-12-03,19.974351709637496
IDX Sector Consumer Non-Cyclicals,2025-12-04,19.949001655209436
IDX Sector Consumer Non-Cyclicals,2025-12-05,19.421124051236934
IDX Sector Consumer Non-Cyclicals,2025-12-08,20.412758533275674
IDX Sector Consumer Non-Cyclicals,2025-12-09,19.95496637389839
IDX Sector Consumer Non-Cyclicals,2025-12-10,19.480771238126483
IDX Sector Consumer Non-Cyclicals,2025-12-11,16.684809352678904
IDX Sector Consumer Non-Cyclicals,2025-12-12,17.147075051072903
IDX Sector Consumer Non-Cyclicals,2025-12-15,17.72714394357376
IDX Sector Consumer Non-Cyclicals,2025-12-16,18.128271275405975
IDX Sector Consumer Non-Cyclicals,2025-12-17,18.290809859679992
IDX Sector Consumer Non-Cyclicals,2025-12-18,18.48168085772655
IDX Sector Consumer Non-Cyclicals,2025-12-19,18.6993930898734
IDX Sector Consumer Non-Cyclicals,2025-12-22,18.41010423345909
IDX Sector Consumer Non-Cyclicals,2025-12-23,17.87775309046987
IDX Sector Consumer Non-Cyclicals,2025-12-24,18.11186829901135
IDX Sector Consumer Non-Cyclicals,2025-12-29,18.660622418395192
IDX Sector Consumer Non-Cyclicals,2025-12-30,19.26156782630739
IDX Sector Consumer Non-Cyclicals,2026-01-02,20.084699005383158
IDX Sector Consumer Non-Cyclicals,2026-01-05,21.06440405004399
IDX Sector Consumer Non-Cyclicals,2026-01-06,21.95314713469826
IDX Sector Consumer Non-Cyclicals,2026-01-07,20.815377044780124
IDX Sector Consumer Non-Cyclicals,2026-01-08,21.535616826471422
IDX Sector Consumer Non-Cyclicals,2026-01-09,21.892008768136474
IDX Sector Consumer Non-Cyclicals,2026-01-12,21.19115432218428
IDX Sector Consumer Non-Cyclicals,2026-01-13,22.09480920356094
IDX Sector Consumer Non-Cyclicals,2026-01-14,22.221559475701227
IDX Sector Consumer Non-Cyclicals,2026-01-15,22.464621762276135
IDX Sector Consumer Non-Cyclicals,2026-01-19,23.344417768896975
IDX Sector Consumer Non-Cyclicals,2026-01-20,24.68797065358405
IDX Sector Consumer Non-Cyclicals,2026-01-21,25.411192794619822
IDX Sector Consumer Non-Cyclicals,2026-01-22,27.258764408523582
IDX Sector Consumer Non-Cyclicals,2026-01-23,27.011228582931956
IDX Sector Consumer Non-Cyclicals,2026-01-26,27.531650288543265
IDX Sector Consumer Non-Cyclicals,2026-01-27,27.483932539031628
IDX Sector Consumer Non-Cyclicals,2026-01-28,22.43778052817584
IDX Sector Consumer Non-Cyclicals,2026-01-29,17.99555628457673
IDX Sector Consumer Non-Cyclicals,2026-01-30,20.321796573269115
IDX Sector Consumer Non-Cyclicals,2026-02-02,18.24458328984059
IDX Sector Consumer Non-Cyclicals,2026-02-03,19.858039695202876
IDX Sector Consumer Non-Cyclicals,2026-02-04,17.906085504242405
IDX Sector Consumer Non-Cyclicals,2026-02-05,18.841055158736076
IDX Sector Consumer Non-Cyclicals,2026-02-06,17.340928408463935
IDX Sector Consumer Non-Cyclicals,2026-02-09,19.13630873383934
IDX Sector Consumer Non-Cyclicals,2026-02-10,19.86400441389183
IDX Sector Consumer Non-Cyclicals,2026-02-11,19.883389749630933
IDX Sector Consumer Non-Cyclicals,2026-02-12,19.16016760859516
IDX Sector Consumer Non-Cyclicals,2026-02-13,18.487645576415503
IDX Sector Consumer Non-Cyclicals,2026-02-18,20.51863229000462
IDX Sector Consumer Non-Cyclicals,2026-02-19,20.585735375255364
IDX Sector Consumer Non-Cyclicals,2026-02-20,18.73518140200713
IDX Sector Consumer Non-Cyclicals,2026-02-23,19.946019295864957
IDX Sector Consumer Non-Cyclicals,2026-02-24,18.258003906890742
IDX Sector Consumer Non-Cyclicals,2026-02-25,18.404139514770133
IDX Sector Consumer Non-Cyclicals,2026-02-26,16.8309449605583
IDX Sector Consumer Non-Cyclicals,2026-02-27,16.750421258257408
IDX Sector Consumer Non-Cyclicals,2026-03-02,12.567662277627832
IDX Sector Consumer Non-Cyclicals,2026-03-03,12.463279700571121
IDX Sector Consumer Non-Cyclicals,2026-03-04,7.815272662203069
IDX Sector Consumer Non-Cyclicals,2026-03-05,9.5346028242943
IDX Sector Consumer Non-Cyclicals,2026-03-06,8.79348652719166
IDX Sector Consumer Non-Cyclicals,2026-03-09,4.989487183310717
IDX Sector Consumer Non-Cyclicals,2026-03-10,6.003489360433038
IDX Sector Consumer Non-Cyclicals,2026-03-11,6.286813498158393
IDX Sector Consumer Non-Cyclicals,2026-03-12,6.215236873890935
IDX Sector Consumer Non-Cyclicals,2026-03-13,3.8994348429042214
IDX Sector Consumer Non-Cyclicals,2026-03-16,3.7368962586302024
IDX Sector Consumer Non-Cyclicals,2026-03-17,4.849316294120278
IDX Sector Consumer Non-Cyclicals,2026-03-25,7.272483261508179
IDX Sector Consumer Non-Cyclicals,2026-03-26,7.084594622806102
IDX Sector Consumer Non-Cyclicals,2026-03-27,7.095032880511773
IDX Sector Consumer Non-Cyclicals,2026-03-30,7.360462862170263
IDX Sector Consumer Non-Cyclicals,2026-03-31,8.947078033432248
IDX Sector Consumer Non-Cyclicals,2026-04-01,10.199668958112763
IDX Sector Consumer Non-Cyclicals,2026-04-02,9.53311164462206
IDX Sector Consumer Non-Cyclicals,2026-04-06,8.654806817673462
IDX Sector Consumer Non-Cyclicals,2026-04-07,7.578175094317114
IDX Sector Consumer Non-Cyclicals,2026-04-08,10.934820536526447
IDX Sector Consumer Non-Cyclicals,2026-04-09,10.293613277463802
IDX Sector Consumer Non-Cyclicals,2026-04-10,10.685793531262583
IDX Sector Consumer Non-Cyclicals,2026-04-13,12.08601124349473
IDX Sector Consumer Non-Cyclicals,2026-04-14,13.76955309345223
IDX Sector Consumer Non-Cyclicals,2026-04-15,14.108050879050417
IDX Sector Consumer Non-Cyclicals,2026-04-16,14.257168846274288
IDX Sector Consumer Non-Cyclicals,2026-04-17,14.907323183370364
IDX Sector Consumer Non-Cyclicals,2026-04-20,13.68902939115134
IDX Sector Consumer Non-Cyclicals,2026-04-21,14.39286619644801
IDX Sector Consumer Non-Cyclicals,2026-04-22,14.504704671865913
IDX Sector Consumer Non-Cyclicals,2026-04-23,13.833673819358495
IDX Sector Consumer Non-Cyclicals,2026-04-24,10.33089276926977
IDX Sector Consumer Non-Cyclicals,2026-04-27,10.915435200787343
IDX Sector Consumer Non-Cyclicals,2026-04-28,9.133475492462086
IDX Sector Consumer Non-Cyclicals,2026-04-29,10.717108304379595
IDX Sector Consumer Non-Cyclicals,2026-04-30,8.295432516663933
IDX Sector Consumer Non-Cyclicals,2026-05-04,9.952133132521137
IDX Sector Consumer Non-Cyclicals,2026-05-05,10.485975455182595
IDX Sector Consumer Non-Cyclicals,2026-05-06,12.048731751688761
IDX Sector Consumer Non-Cyclicals,2026-05-07,12.952386633065418
IDX Sector Consumer Non-Cyclicals,2026-05-08,10.565007977811247
IDX Sector Consumer Non-Cyclicals,2026-05-11,10.42185472927633
IDX Sector Consumer Non-Cyclicals,2026-05-12,8.827783659653152
IDX Sector Consumer Non-Cyclicals,2026-05-13,8.349114984864526
IDX Sector Consumer Non-Cyclicals,2026-05-18,6.383740176853909
IDX Sector Consumer Non-Cyclicals,2026-05-19,3.5773400337006604
IDX Sector Consumer Non-Cyclicals,2026-05-20,3.329804208109035
IDX Sector Consumer Non-Cyclicals,2026-05-21,1.838624535870327
IDX Sector Consumer Non-Cyclicals,2026-05-22,2.533514263133565
IDX Sector Consumer Non-Cyclicals,2026-05-25,2.396325733287604
IDX Sector Consumer Non-Cyclicals,2026-05-26,0.6665573134907025
IDX Sector Consumer Non-Cyclicals,2026-05-29,0.019385335739103206
IDX Sector Consumer Non-Cyclicals,2026-06-02,-0.23262402886923844
IDX Sector Consumer Non-Cyclicals,2026-06-03,-4.214073753746589
IDX Sector Consumer Non-Cyclicals,2026-06-04,-6.477684496204947
IDX Sector Consumer Non-Cyclicals,2026-06-05,-10.023709756788595
IDX Sector Consumer Non-Cyclicals,2026-06-08,-13.949985833793114
IDX Sector Consumer Non-Cyclicals,2026-06-09,-9.131984312789848
IDX Sector Consumer Non-Cyclicals,2026-06-10,-8.548933060944513
IDX Sector Consumer Non-Cyclicals,2026-06-11,-9.067863586883584
IDX Sector Consumer Non-Cyclicals,2026-06-12,-6.400143153248535
IDX Sector Consumer Non-Cyclicals,2026-06-15,-3.8427700153591506
IDX Sector Consumer Non-Cyclicals,2026-06-17,-3.4997986907442478
IDX Sector Consumer Non-Cyclicals,2026-06-18,-3.616110705178867
IDX Sector Consumer Non-Cyclicals,2026-06-19,-2.5663202159228167
IDX Sector Consumer Non-Cyclicals,2026-06-22,-2.869029689387274
IDX Sector Consumer Non-Cyclicals,2026-06-23,-2.722894081507881
IDX Sector Consumer Non-Cyclicals,2026-06-24,-4.264773862602705
IDX Sector Consumer Non-Cyclicals,2026-06-25,-1.86993930898734
IDX Sector Consumer Non-Cyclicals,2026-06-26,-3.1016537182565127
IDX Sector Consumer Non-Cyclicals,2026-06-29,-3.8278582186367633
IDX Sector Consumer Non-Cyclicals,2026-06-30,-3.9650467484827248
IDX Sector Consumer Cyclicals,2025-06-30,0.0
IDX Sector Consumer Cyclicals,2025-07-01,0.6868304100084983
IDX Sector Consumer Cyclicals,2025-07-02,1.4948661864890846
IDX Sector Consumer Cyclicals,2025-07-03,1.5004388470165368
IDX Sector Consumer Cyclicals,2025-07-04,1.0560191699522143
IDX Sector Consumer Cyclicals,2025-07-07,1.9964056339597933
IDX Sector Consumer Cyclicals,2025-07-08,1.695481965477368
IDX Sector Consumer Cyclicals,2025-07-09,2.6860223742320177
IDX Sector Consumer Cyclicals,2025-07-10,1.9100293957842822
IDX Sector Consumer Cyclicals,2025-07-11,1.6634391674445173
IDX Sector Consumer Cyclicals,2025-07-14,-0.14210284345003413
IDX Sector Consumer Cyclicals,2025-07-15,-0.6533944468437843
IDX Sector Consumer Cyclicals,2025-07-16,-0.73280485935998
IDX Sector Consumer Cyclicals,2025-07-17,-0.7718134830521461
IDX Sector Consumer Cyclicals,2025-07-18,-1.9866534780367517
IDX Sector Consumer Cyclicals,2025-07-21,-1.4070967831817105
IDX Sector Consumer Cyclicals,2025-07-22,-2.2471753576951476
IDX Sector Consumer Cyclicals,2025-07-23,-1.1827971969517548
IDX Sector Consumer Cyclicals,2025-07-24,-1.5450201312361553
IDX Sector Consumer Cyclicals,2025-07-25,-1.3931651318630798
IDX Sector Consumer Cyclicals,2025-07-28,-0.0891625684392371
IDX Sector Consumer Cyclicals,2025-07-29,0.6324969698658381
IDX Sector Consumer Cyclicals,2025-07-30,0.6603602725030998
IDX Sector Consumer Cyclicals,2025-07-31,0.9807882528316081
IDX Sector Consumer Cyclicals,2025-08-01,2.5508853564412988
IDX Sector Consumer Cyclicals,2025-08-04,3.477340169130247
IDX Sector Consumer Cyclicals,2025-08-05,7.3308349238635255
IDX Sector Consumer Cyclicals,2025-08-06,8.917650009055574
IDX Sector Consumer Cyclicals,2025-08-07,9.583582942086126
IDX Sector Consumer Cyclicals,2025-08-08,9.121052118307583
IDX Sector Consumer Cyclicals,2025-08-11,9.83017317042589
IDX Sector Consumer Cyclicals,2025-08-12,10.136669499435769
IDX Sector Consumer Cyclicals,2025-08-13,11.375193301662046
IDX Sector Consumer Cyclicals,2025-08-14,11.986792794549938
IDX Sector Consumer Cyclicals,2025-08-15,11.766672703715571
IDX Sector Consumer Cyclicals,2025-08-19,11.529834631298847
IDX Sector Consumer Cyclicals,2025-08-20,12.226417197230388
IDX Sector Consumer Cyclicals,2025-08-21,11.985399629418074
IDX Sector Consumer Cyclicals,2025-08-22,13.119436046754622
IDX Sector Consumer Cyclicals,2025-08-25,14.337062372002954
IDX Sector Consumer Cyclicals,2025-08-26,13.696206411345937
IDX Sector Consumer Cyclicals,2025-08-27,12.67919586508589
IDX Sector Consumer Cyclicals,2025-08-28,14.445729252288274
IDX Sector Consumer Cyclicals,2025-08-29,10.944705275916354
IDX Sector Consumer Cyclicals,2025-09-01,9.458198080218448
IDX Sector Consumer Cyclicals,2025-09-02,10.837431560762898
IDX Sector Consumer Cyclicals,2025-09-03,12.244528343944607
IDX Sector Consumer Cyclicals,2025-09-04,16.29863887766617
IDX Sector Consumer Cyclicals,2025-09-08,13.417573384973322
IDX Sector Consumer Cyclicals,2025-09-09,14.192173198289193
IDX Sector Consumer Cyclicals,2025-09-10,15.425124339988018
IDX Sector Consumer Cyclicals,2025-09-11,15.699577870965046
IDX Sector Consumer Cyclicals,2025-09-12,16.64275066523635
IDX Sector Consumer Cyclicals,2025-09-15,19.436046754621824
IDX Sector Consumer Cyclicals,2025-09-16,20.195321751487203
IDX Sector Consumer Cyclicals,2025-09-17,20.358322071915183
IDX Sector Consumer Cyclicals,2025-09-18,21.201186976692348
IDX Sector Consumer Cyclicals,2025-09-19,20.720545006199586
IDX Sector Consumer Cyclicals,2025-09-22,21.123169729308014
IDX Sector Consumer Cyclicals,2025-09-23,22.122069128853845
IDX Sector Consumer Cyclicals,2025-09-24,21.543905599130664
IDX Sector Consumer Cyclicals,2025-09-25,21.48678582872428
IDX Sector Consumer Cyclicals,2025-09-26,22.142966605831788
IDX Sector Consumer Cyclicals,2025-09-29,23.363379261343848
IDX Sector Consumer Cyclicals,2025-09-30,23.235208069212444
IDX Sector Consumer Cyclicals,2025-10-01,24.97109182351384
IDX Sector Consumer Cyclicals,2025-10-02,27.76996057342677
IDX Sector Consumer Cyclicals,2025-10-03,28.11825185639254
IDX Sector Consumer Cyclicals,2025-10-06,26.750163696902995
IDX Sector Consumer Cyclicals,2025-10-07,26.188718148762174
IDX Sector Consumer Cyclicals,2025-10-08,26.475710165925967
IDX Sector Consumer Cyclicals,2025-10-09,28.541774056478914
IDX Sector Consumer Cyclicals,2025-10-10,28.180944287326376
IDX Sector Consumer Cyclicals,2025-10-13,26.98282227392413
IDX Sector Consumer Cyclicals,2025-10-14,25.170314437370262
IDX Sector Consumer Cyclicals,2025-10-15,24.79833934716282
IDX Sector Consumer Cyclicals,2025-10-16,27.215480850945262
IDX Sector Consumer Cyclicals,2025-10-17,23.895568341715542
IDX Sector Consumer Cyclicals,2025-10-20,26.300171359311218
IDX Sector Consumer Cyclicals,2025-10-21,27.854943646470417
IDX Sector Consumer Cyclicals,2025-10-22,28.350910433413674
IDX Sector Consumer Cyclicals,2025-10-23,30.66913721283384
IDX Sector Consumer Cyclicals,2025-10-24,29.192382173058974
IDX Sector Consumer Cyclicals,2025-10-27,26.56208640410148
IDX Sector Consumer Cyclicals,2025-10-28,28.14054249850235
IDX Sector Consumer Cyclicals,2025-10-29,30.117443820616057
IDX Sector Consumer Cyclicals,2025-10-30,30.347316067373466
IDX Sector Consumer Cyclicals,2025-10-31,30.76944510232798
IDX Sector Consumer Cyclicals,2025-11-03,33.61986096211984
IDX Sector Consumer Cyclicals,2025-11-04,33.04448376266039
IDX Sector Consumer Cyclicals,2025-11-05,33.93192995165717
IDX Sector Consumer Cyclicals,2025-11-06,35.294445450619264
IDX Sector Consumer Cyclicals,2025-11-07,35.01999191964224
IDX Sector Consumer Cyclicals,2025-11-10,35.893506457320385
IDX Sector Consumer Cyclicals,2025-11-11,36.010532328396884
IDX Sector Consumer Cyclicals,2025-11-12,36.218113933044485
IDX Sector Consumer Cyclicals,2025-11-13,35.54800150461834
IDX Sector Consumer Cyclicals,2025-11-14,34.07403279510721
IDX Sector Consumer Cyclicals,2025-11-17,36.80045695816325
IDX Sector Consumer Cyclicals,2025-11-18,34.59229022416027
IDX Sector Consumer Cyclicals,2025-11-19,34.90993187422505
IDX Sector Consumer Cyclicals,2025-11-20,38.278605163069976
IDX Sector Consumer Cyclicals,2025-11-21,39.189735159308434
IDX Sector Consumer Cyclicals,2025-11-24,42.72558826397693
IDX Sector Consumer Cyclicals,2025-11-25,43.803898076038955
IDX Sector Consumer Cyclicals,2025-11-26,44.80001114532106
IDX Sector Consumer Cyclicals,2025-11-27,44.63004499923376
IDX Sector Consumer Cyclicals,2025-11-28,44.59521587093718
IDX Sector Consumer Cyclicals,2025-12-01,48.7677454408671
IDX Sector Consumer Cyclicals,2025-12-02,52.374649967260616
IDX Sector Consumer Cyclicals,2025-12-03,54.109140556430155
IDX Sector Consumer Cyclicals,2025-12-04,56.28944398779587
IDX Sector Consumer Cyclicals,2025-12-05,59.16075732456568
IDX Sector Consumer Cyclicals,2025-12-08,61.38982153554661
IDX Sector Consumer Cyclicals,2025-12-09,60.50098218141796
IDX Sector Consumer Cyclicals,2025-12-10,62.20482313768651
IDX Sector Consumer Cyclicals,2025-12-11,62.844285933211665
IDX Sector Consumer Cyclicals,2025-12-12,60.845093968988145
IDX Sector Consumer Cyclicals,2025-12-15,61.00391479402054
IDX Sector Consumer Cyclicals,2025-12-16,60.90778639992198
IDX Sector Consumer Cyclicals,2025-12-17,59.03955195809359
IDX Sector Consumer Cyclicals,2025-12-18,55.5677844494908
IDX Sector Consumer Cyclicals,2025-12-19,55.18605720336031
IDX Sector Consumer Cyclicals,2025-12-22,56.420401510191006
IDX Sector Consumer Cyclicals,2025-12-23,59.95764777999136
IDX Sector Consumer Cyclicals,2025-12-24,59.908887000376154
IDX Sector Consumer Cyclicals,2025-12-29,65.82844564566238
IDX Sector Consumer Cyclicals,2025-12-30,70.85219911116064
IDX Sector Consumer Cyclicals,2026-01-02,76.77593725184246
IDX Sector Consumer Cyclicals,2026-01-05,79.71133618467798
IDX Sector Consumer Cyclicals,2026-01-06,80.1139609077864
IDX Sector Consumer Cyclicals,2026-01-07,82.234358238482
IDX Sector Consumer Cyclicals,2026-01-08,80.60156870393848
IDX Sector Consumer Cyclicals,2026-01-09,86.56013597291687
IDX Sector Consumer Cyclicals,2026-01-12,90.70898173560512
IDX Sector Consumer Cyclicals,2026-01-13,87.18566711712339
IDX Sector Consumer Cyclicals,2026-01-14,93.192995165717
IDX Sector Consumer Cyclicals,2026-01-15,95.41509355103861
IDX Sector Consumer Cyclicals,2026-01-19,100.19782944872456
IDX Sector Consumer Cyclicals,2026-01-20,104.3661795232589
IDX Sector Consumer Cyclicals,2026-01-21,104.32159823903928
IDX Sector Consumer Cyclicals,2026-01-22,102.66651806238593
IDX Sector Consumer Cyclicals,2026-01-23,98.11365441145739
IDX Sector Consumer Cyclicals,2026-01-26,94.200253556054
IDX Sector Consumer Cyclicals,2026-01-27,97.54663620278912
IDX Sector Consumer Cyclicals,2026-01-28,84.84236336532969
IDX Sector Consumer Cyclicals,2026-01-29,75.82161913651625
IDX Sector Consumer Cyclicals,2026-01-30,73.26376795441564
IDX Sector Consumer Cyclicals,2026-02-02,59.982724752364895
IDX Sector Consumer Cyclicals,2026-02-03,64.24720322099779
IDX Sector Consumer Cyclicals,2026-02-04,57.63663467030747
IDX Sector Consumer Cyclicals,2026-02-05,56.0735033923571
IDX Sector Consumer Cyclicals,2026-02-06,48.093453517045376
IDX Sector Consumer Cyclicals,2026-02-09,51.13751933016621
IDX Sector Consumer Cyclicals,2026-02-10,55.59564775212806
IDX Sector Consumer Cyclicals,2026-02-11,63.911450424218785
IDX Sector Consumer Cyclicals,2026-02-12,62.40822524693852
IDX Sector Consumer Cyclicals,2026-02-13,63.94627955251536
IDX Sector Consumer Cyclicals,2026-02-18,67.23275609858037
IDX Sector Consumer Cyclicals,2026-02-19,68.1898605441703
IDX Sector Consumer Cyclicals,2026-02-20,68.5632287995096
IDX Sector Consumer Cyclicals,2026-02-23,71.13361846779699
IDX Sector Consumer Cyclicals,2026-02-24,65.78804385683836
IDX Sector Consumer Cyclicals,2026-02-25,70.27403558143747
IDX Sector Consumer Cyclicals,2026-02-26,65.86884743448641
IDX Sector Consumer Cyclicals,2026-02-27,70.6390448459856
IDX Sector Consumer Cyclicals,2026-03-02,57.674250128867776
IDX Sector Consumer Cyclicals,2026-03-03,56.01499045681884
IDX Sector Consumer Cyclicals,2026-03-04,45.58018361916438
IDX Sector Consumer Cyclicals,2026-03-05,50.53427882806949
IDX Sector Consumer Cyclicals,2026-03-06,45.50216637178005
IDX Sector Consumer Cyclicals,2026-03-09,38.89577731648532
IDX Sector Consumer Cyclicals,2026-03-10,42.48596386129648
IDX Sector Consumer Cyclicals,2026-03-11,41.6890734058708
IDX Sector Consumer Cyclicals,2026-03-12,38.80104208751863
IDX Sector Consumer Cyclicals,2026-03-13,33.867844355591465
IDX Sector Consumer Cyclicals,2026-03-16,33.82744256676744
IDX Sector Consumer Cyclicals,2026-03-17,34.204990317502336
IDX Sector Consumer Cyclicals,2026-03-25,39.36388080079132
IDX Sector Consumer Cyclicals,2026-03-26,36.15263517184692
IDX Sector Consumer Cyclicals,2026-03-27,35.697070173727695
IDX Sector Consumer Cyclicals,2026-03-30,37.44827874447958
IDX Sector Consumer Cyclicals,2026-03-31,36.83110659106424
IDX Sector Consumer Cyclicals,2026-04-01,43.97525738725811
IDX Sector Consumer Cyclicals,2026-04-02,44.628651834101895
IDX Sector Consumer Cyclicals,2026-04-06,47.89701723345268
IDX Sector Consumer Cyclicals,2026-04-07,46.86886136613773
IDX Sector Consumer Cyclicals,2026-04-08,53.31642959640006
IDX Sector Consumer Cyclicals,2026-04-09,56.37303389570766
IDX Sector Consumer Cyclicals,2026-04-10,60.498195851154236
IDX Sector Consumer Cyclicals,2026-04-13,64.19565611111885
IDX Sector Consumer Cyclicals,2026-04-14,62.63113166803661
IDX Sector Consumer Cyclicals,2026-04-15,61.0053079591524
IDX Sector Consumer Cyclicals,2026-04-16,60.65701667618663
IDX Sector Consumer Cyclicals,2026-04-17,59.91863915629919
IDX Sector Consumer Cyclicals,2026-04-20,58.01000292564677
IDX Sector Consumer Cyclicals,2026-04-21,60.44804190640717
IDX Sector Consumer Cyclicals,2026-04-22,62.39568676075175
IDX Sector Consumer Cyclicals,2026-04-23,56.81745357277198
IDX Sector Consumer Cyclicals,2026-04-24,50.127474609565475
IDX Sector Consumer Cyclicals,2026-04-27,50.570501121497934
IDX Sector Consumer Cyclicals,2026-04-28,49.54373841931484
IDX Sector Consumer Cyclicals,2026-04-29,50.79201437746416
IDX Sector Consumer Cyclicals,2026-04-30,48.02518842558408
IDX Sector Consumer Cyclicals,2026-05-04,51.767229969768316
IDX Sector Consumer Cyclicals,2026-05-05,52.00824753758063
IDX Sector Consumer Cyclicals,2026-05-06,52.34678666462336
IDX Sector Consumer Cyclicals,2026-05-07,53.01829225818136
IDX Sector Consumer Cyclicals,2026-05-08,47.82875214199139
IDX Sector Consumer Cyclicals,2026-05-11,46.523356413435685
IDX Sector Consumer Cyclicals,2026-05-12,46.43419384499645
IDX Sector Consumer Cyclicals,2026-05-13,44.39042059655331
IDX Sector Consumer Cyclicals,2026-05-18,42.116775101352765
IDX Sector Consumer Cyclicals,2026-05-19,37.37026149709525
IDX Sector Consumer Cyclicals,2026-05-20,34.535170453753885
IDX Sector Consumer Cyclicals,2026-05-21,26.39072709288232
IDX Sector Consumer Cyclicals,2026-05-22,29.65630616196938
IDX Sector Consumer Cyclicals,2026-05-25,31.066189275414814
IDX Sector Consumer Cyclicals,2026-05-26,28.178157957062652
IDX Sector Consumer Cyclicals,2026-05-29,29.678596804079188
IDX Sector Consumer Cyclicals,2026-06-02,29.558784602738964
IDX Sector Consumer Cyclicals,2026-06-03,25.372323381490407
IDX Sector Consumer Cyclicals,2026-06-04,23.518020590980647
IDX Sector Consumer Cyclicals,2026-06-05,18.92614831635994
IDX Sector Consumer Cyclicals,2026-06-08,13.877317878488137
IDX Sector Consumer Cyclicals,2026-06-09,20.409869181794118
IDX Sector Consumer Cyclicals,2026-06-10,21.380905278702684
IDX Sector Consumer Cyclicals,2026-06-11,20.57426266735396
IDX Sector Consumer Cyclicals,2026-06-12,23.859346048287104
IDX Sector Consumer Cyclicals,2026-06-15,28.642081945973057
IDX Sector Consumer Cyclicals,2026-06-17,28.13636300310676
IDX Sector Consumer Cyclicals,2026-06-18,28.736817174939745
IDX Sector Consumer Cyclicals,2026-06-19,29.250895108597224
IDX Sector Consumer Cyclicals,2026-06-22,27.091489154209448
IDX Sector Consumer Cyclicals,2026-06-23,27.44953259309826
IDX Sector Consumer Cyclicals,2026-06-24,22.467574081555888
IDX Sector Consumer Cyclicals,2026-06-25,25.07975870379916
IDX Sector Consumer Cyclicals,2026-06-26,21.372546287911508
IDX Sector Consumer Cyclicals,2026-06-29,20.39733069560735
IDX Sector Consumer Cyclicals,2026-06-30,17.037016397553604
IDX Sector Healthcare,2025-06-30,0.0
IDX Sector Healthcare,2025-07-01,0.07023035556625733
IDX Sector Healthcare,2025-07-02,0.7578189795863767
IDX Sector Healthcare,2025-07-03,1.3256815688792574
IDX Sector Healthcare,2025-07-04,1.2761858897182758
IDX Sector Healthcare,2025-07-07,0.6033121973406106
IDX Sector Healthcare,2025-07-08,0.6180271289830644
IDX Sector Healthcare,2025-07-09,1.8868555528801134
IDX Sector Healthcare,2025-07-10,1.870134039650052
IDX Sector Healthcare,2025-07-11,2.696845653744281
IDX Sector Healthcare,2025-07-14,3.411857559461701
IDX Sector Healthcare,2025-07-15,2.9750916338925006
IDX Sector Healthcare,2025-07-16,3.2051796559381436
IDX Sector Healthcare,2025-07-17,4.198437541803783
IDX Sector Healthcare,2025-07-18,5.641838563822672
IDX Sector Healthcare,2025-07-21,6.047836905048559
IDX Sector Healthcare,2025-07-22,5.614415282125371
IDX Sector Healthcare,2025-07-23,5.698022848275677
IDX Sector Healthcare,2025-07-24,4.954918800331755
IDX Sector Healthcare,2025-07-25,4.189073494394949
IDX Sector Healthcare,2025-07-28,4.057307970142066
IDX Sector Healthcare,2025-07-29,4.942210450276908
IDX Sector Healthcare,2025-07-30,5.3094148808090535
IDX Sector Healthcare,2025-07-31,5.464590523584023
IDX Sector Healthcare,2025-08-01,4.295422318538138
IDX Sector Healthcare,2025-08-04,6.3755785643577605
IDX Sector Healthcare,2025-08-05,6.987585948578002
IDX Sector Healthcare,2025-08-06,6.95146748000107
IDX Sector Healthcare,2025-08-07,7.49190678759665
IDX Sector Healthcare,2025-08-08,7.170184873050272
IDX Sector Healthcare,2025-08-11,7.685876341065361
IDX Sector Healthcare,2025-08-12,8.75538432726008
IDX Sector Healthcare,2025-08-13,10.453621210905101
IDX Sector Healthcare,2025-08-14,11.974610054311475
IDX Sector Healthcare,2025-08-15,12.774567247237606
IDX Sector Healthcare,2025-08-19,14.369799609385451
IDX Sector Healthcare,2025-08-20,14.63132407630361
IDX Sector Healthcare,2025-08-21,14.879471332637719
IDX Sector Healthcare,2025-08-22,14.259437622067047
IDX Sector Healthcare,2025-08-25,13.801268159563367
IDX Sector Healthcare,2025-08-26,15.45335366669342
IDX Sector Healthcare,2025-08-27,15.474088343098696
IDX Sector Healthcare,2025-08-28,16.32956095994863
IDX Sector Healthcare,2025-08-29,14.294218369585574
IDX Sector Healthcare,2025-09-01,15.023276346416246
IDX Sector Healthcare,2025-09-02,15.56772881718704
IDX Sector Healthcare,2025-09-03,17.2485753270728
IDX Sector Healthcare,2025-09-04,17.130855873933168
IDX Sector Healthcare,2025-09-08,16.66733552719587
IDX Sector Healthcare,2025-09-09,16.79040586456912
IDX Sector Healthcare,2025-09-10,17.49137169917329
IDX Sector Healthcare,2025-09-11,19.09931241137598
IDX Sector Healthcare,2025-09-12,19.982208309923216
IDX Sector Healthcare,2025-09-15,19.670519303314872
IDX Sector Healthcare,2025-09-16,20.635016186424807
IDX Sector Healthcare,2025-09-17,21.903844610321855
IDX Sector Healthcare,2025-09-18,21.891136260267007
IDX Sector Healthcare,2025-09-19,22.804130882628353
IDX Sector Healthcare,2025-09-22,22.52454718142173
IDX Sector Healthcare,2025-09-23,23.50175241458651
IDX Sector Healthcare,2025-09-24,22.40214570457768
IDX Sector Healthcare,2025-09-25,23.13120368140835
IDX Sector Healthcare,2025-09-26,24.454209808170802
IDX Sector Healthcare,2025-09-29,24.97859646306552
IDX Sector Healthcare,2025-09-30,24.67493378280761
IDX Sector Healthcare,2025-10-01,24.513069534740616
IDX Sector Healthcare,2025-10-02,24.183321293843807
IDX Sector Healthcare,2025-10-03,22.505150226074857
IDX Sector Healthcare,2025-10-06,21.46574096369425
IDX Sector Healthcare,2025-10-07,21.366080744843085
IDX Sector Healthcare,2025-10-08,20.760093105385664
IDX Sector Healthcare,2025-10-09,21.956015731599646
IDX Sector Healthcare,2025-10-10,22.687080290017924
IDX Sector Healthcare,2025-10-13,22.77068785616823
IDX Sector Healthcare,2025-10-14,22.55197046311903
IDX Sector Healthcare,2025-10-15,22.224897664339032
IDX Sector Healthcare,2025-10-16,26.196591486743184
IDX Sector Healthcare,2025-10-17,26.107633036359257
IDX Sector Healthcare,2025-10-20,25.9002862723065
IDX Sector Healthcare,2025-10-21,26.84471733954036
IDX Sector Healthcare,2025-10-22,24.870241057334724
IDX Sector Healthcare,2025-10-23,25.935067019825027
IDX Sector Healthcare,2025-10-24,28.011878962998637
IDX Sector Healthcare,2025-10-27,29.357626347753968
IDX Sector Healthcare,2025-10-28,32.786205420445725
IDX Sector Healthcare,2025-10-29,33.313936377986465
IDX Sector Healthcare,2025-10-30,33.5714476817294
IDX Sector Healthcare,2025-10-31,32.29258634989432
IDX Sector Healthcare,2025-11-03,32.39893517403751
IDX Sector Healthcare,2025-11-04,31.889932311314446
IDX Sector Healthcare,2025-11-05,32.22636915750328
IDX Sector Healthcare,2025-11-06,32.11266286753886
IDX Sector Healthcare,2025-11-07,32.86579982342082
IDX Sector Healthcare,2025-11-10,31.887256869197635
IDX Sector Healthcare,2025-11-11,32.84907831019076
IDX Sector Healthcare,2025-11-12,31.43845145410279
IDX Sector Healthcare,2025-11-13,32.71062418064585
IDX Sector Healthcare,2025-11-14,30.728121572089787
IDX Sector Healthcare,2025-11-17,30.405061936485005
IDX Sector Healthcare,2025-11-18,29.619819675201327
IDX Sector Healthcare,2025-11-19,30.213767825133104
IDX Sector Healthcare,2025-11-20,30.5401717633839
IDX Sector Healthcare,2025-11-21,31.059876394574204
IDX Sector Healthcare,2025-11-24,30.92476656767531
IDX Sector Healthcare,2025-11-25,32.89389196564732
IDX Sector Healthcare,2025-11-26,32.80961553896781
IDX Sector Healthcare,2025-11-27,32.12068919388929
IDX Sector Healthcare,2025-11-28,30.925435428204512
IDX Sector Healthcare,2025-12-01,30.97961313106991
IDX Sector Healthcare,2025-12-02,29.964282847740588
IDX Sector Healthcare,2025-12-03,31.071247023570645
IDX Sector Healthcare,2025-12-04,33.057762795301926
IDX Sector Healthcare,2025-12-05,32.2611499050218
IDX Sector Healthcare,2025-12-08,35.96864381839099
IDX Sector Healthcare,2025-12-09,37.10704443909356
IDX Sector Healthcare,2025-12-10,36.381999625438105
IDX Sector Healthcare,2025-12-11,35.65494823019504
IDX Sector Healthcare,2025-12-12,36.40540974396019
IDX Sector Healthcare,2025-12-15,41.183749364582496
IDX Sector Healthcare,2025-12-16,40.9670385531209
IDX Sector Healthcare,2025-12-17,42.32081226422666
IDX Sector Healthcare,2025-12-18,41.6211841506809
IDX Sector Healthcare,2025-12-19,40.21791476041416
IDX Sector Healthcare,2025-12-22,41.08074484308532
IDX Sector Healthcare,2025-12-23,40.149022125906306
IDX Sector Healthcare,2025-12-24,39.979131551488884
IDX Sector Healthcare,2025-12-29,40.216577039355755
IDX Sector Healthcare,2025-12-30,38.07087246167429
IDX Sector Healthcare,2026-01-02,37.276935013510986
IDX Sector Healthcare,2026-01-05,39.502902854696735
IDX Sector Healthcare,2026-01-06,39.74636808732643
IDX Sector Healthcare,2026-01-07,39.67346228964336
IDX Sector Healthcare,2026-01-08,39.48484362040827
IDX Sector Healthcare,2026-01-09,41.306819701955746
IDX Sector Healthcare,2026-01-12,40.81855151563796
IDX Sector Healthcare,2026-01-13,41.85194103325575
IDX Sector Healthcare,2026-01-14,43.60836878294138
IDX Sector Healthcare,2026-01-15,43.350188618669236
IDX Sector Healthcare,2026-01-19,42.11079005805709
IDX Sector Healthcare,2026-01-20,44.25248147256334
IDX Sector Healthcare,2026-01-21,43.69665837279611
IDX Sector Healthcare,2026-01-22,44.242448564625306
IDX Sector Healthcare,2026-01-23,45.168151537041496
IDX Sector Healthcare,2026-01-26,42.93683281162212
IDX Sector Healthcare,2026-01-27,42.261952537656846
IDX Sector Healthcare,2026-01-28,35.370682505283995
IDX Sector Healthcare,2026-01-29,30.910051636032854
IDX Sector Healthcare,2026-01-30,32.10129223854242
IDX Sector Healthcare,2026-02-02,30.41241940230623
IDX Sector Healthcare,2026-02-03,33.08786151911603
IDX Sector Healthcare,2026-02-04,32.6424004066672
IDX Sector Healthcare,2026-02-05,31.6049977258742
IDX Sector Healthcare,2026-02-06,31.55617090724242
IDX Sector Healthcare,2026-02-09,31.257859111218128
IDX Sector Healthcare,2026-02-10,32.869144126066836
IDX Sector Healthcare,2026-02-11,33.398212804665974
IDX Sector Healthcare,2026-02-12,31.729405784305857
IDX Sector Healthcare,2026-02-13,30.459908499879607
IDX Sector Healthcare,2026-02-18,30.61976616635899
IDX Sector Healthcare,2026-02-19,30.671937287636784
IDX Sector Healthcare,2026-02-20,30.253230596356047
IDX Sector Healthcare,2026-02-23,31.21705861893678
IDX Sector Healthcare,2026-02-24,29.595740696150038
IDX Sector Healthcare,2026-02-25,33.134012895631
IDX Sector Healthcare,2026-02-26,30.39034700484255
IDX Sector Healthcare,2026-02-27,30.18835112502341
IDX Sector Healthcare,2026-03-02,27.37980576290232
IDX Sector Healthcare,2026-03-03,26.93233806886588
IDX Sector Healthcare,2026-03-04,23.396741311501724
IDX Sector Healthcare,2026-03-05,25.826042753565027
IDX Sector Healthcare,2026-03-06,24.54651256120074
IDX Sector Healthcare,2026-03-09,21.136661583326646
IDX Sector Healthcare,2026-03-10,22.125906306017068
IDX Sector Healthcare,2026-03-11,22.475051502260747
IDX Sector Healthcare,2026-03-12,21.84832918639805
IDX Sector Healthcare,2026-03-13,20.396232977499533
IDX Sector Healthcare,2026-03-16,20.55341520186211
IDX Sector Healthcare,2026-03-17,21.27979773657597
IDX Sector Healthcare,2026-03-25,21.128635256976214
IDX Sector Healthcare,2026-03-26,20.20226342403082
IDX Sector Healthcare,2026-03-27,20.34473071675094
IDX Sector Healthcare,2026-03-30,20.51060812799315
IDX Sector Healthcare,2026-03-31,21.262407362816706
IDX Sector Healthcare,2026-04-01,21.02362415389143
IDX Sector Healthcare,2026-04-02,20.20226342403082
IDX Sector Healthcare,2026-04-06,19.499291007839044
IDX Sector Healthcare,2026-04-07,19.09730582978837
IDX Sector Healthcare,2026-04-08,21.29585038927683
IDX Sector Healthcare,2026-04-09,20.927308237686276
IDX Sector Healthcare,2026-04-10,21.16809802819916
IDX Sector Healthcare,2026-04-13,20.884501163817323
IDX Sector Healthcare,2026-04-14,21.168766888728364
IDX Sector Healthcare,2026-04-15,17.758247050325068
IDX Sector Healthcare,2026-04-16,20.549402038686893
IDX Sector Healthcare,2026-04-17,20.441046632956095
IDX Sector Healthcare,2026-04-20,19.474543168258556
IDX Sector Healthcare,2026-04-21,19.6504534874388
IDX Sector Healthcare,2026-04-22,20.282526687535114
IDX Sector Healthcare,2026-04-23,18.54348931160874
IDX Sector Healthcare,2026-04-24,16.73622816170372
IDX Sector Healthcare,2026-04-27,16.915482783529978
IDX Sector Healthcare,2026-04-28,16.41918827086176
IDX Sector Healthcare,2026-04-29,16.314177167776975
IDX Sector Healthcare,2026-04-30,14.978462690959681
IDX Sector Healthcare,2026-05-04,13.099633464429997
IDX Sector Healthcare,2026-05-05,11.377317601733687
IDX Sector Healthcare,2026-05-06,10.652941648607433
IDX Sector Healthcare,2026-05-07,12.880916071380796
IDX Sector Healthcare,2026-05-08,13.672846937956498
IDX Sector Healthcare,2026-05-11,12.475586590684111
IDX Sector Healthcare,2026-05-12,8.521952002568424
IDX Sector Healthcare,2026-05-13,7.200952457393584
IDX Sector Healthcare,2026-05-18,5.871926585868315
IDX Sector Healthcare,2026-05-19,6.4498220830992326
IDX Sector Healthcare,2026-05-20,6.162212055542178
IDX Sector Healthcare,2026-05-21,4.415148353265377
IDX Sector Healthcare,2026-05-22,4.617813093613719
IDX Sector Healthcare,2026-05-25,4.523503758996174
IDX Sector Healthcare,2026-05-26,3.8640072772025578
IDX Sector Healthcare,2026-05-29,2.3155951520988842
IDX Sector Healthcare,2026-06-02,0.006688605292024507
IDX Sector Healthcare,2026-06-03,-4.356288626695561
IDX Sector Healthcare,2026-06-04,-6.084624234154694
IDX Sector Healthcare,2026-06-05,-7.878508173475667
IDX Sector Healthcare,2026-06-08,-11.96792144901945
IDX Sector Healthcare,2026-06-09,-7.667817106776895
IDX Sector Healthcare,2026-06-10,-6.699307060491746
IDX Sector Healthcare,2026-06-11,-6.009042994354817
IDX Sector Healthcare,2026-06-12,-6.554833186184017
IDX Sector Healthcare,2026-06-15,-7.184230944163523
IDX Sector Healthcare,2026-06-17,-6.643791636567943
IDX Sector Healthcare,2026-06-18,-7.645075848784011
IDX Sector Healthcare,2026-06-19,-6.24448190063408
IDX Sector Healthcare,2026-06-22,-8.339353078096156
IDX Sector Healthcare,2026-06-23,-4.702089520293228
IDX Sector Healthcare,2026-06-24,-6.207694571527945
IDX Sector Healthcare,2026-06-25,-3.3703882066511492
IDX Sector Healthcare,2026-06-26,-4.159643631110041
IDX Sector Healthcare,2026-06-29,-4.510795408941328
IDX Sector Healthcare,2026-06-30,-6.221740642641197
IDX Sector Financials,2025-06-30,0.0
IDX Sector Financials,2025-07-01,-0.7769430927774429
IDX Sector Financials,2025-07-02,-1.3715949017244167
IDX Sector Financials,2025-07-03,-1.675168692942093
IDX Sector Financials,2025-07-04,-1.3583640827367214
IDX Sector Financials,2025-07-07,-0.9246872381400408
IDX Sector Financials,2025-07-08,-1.4840568631198272
IDX Sector Financials,2025-07-09,-1.0863972479896506
IDX Sector Financials,2025-07-10,0.7570968642959
IDX Sector Financials,2025-07-11,1.9015627067315466
IDX Sector Financials,2025-07-14,0.31386442820810606
IDX Sector Financials,2025-07-15,0.899695691163283
IDX Sector Financials,2025-07-16,1.0592005645149434
IDX Sector Financials,2025-07-17,1.207679755376858
IDX Sector Financials,2025-07-18,1.2047395733795923
IDX Sector Financials,2025-07-21,1.0849271569910177
IDX Sector Financials,2025-07-22,0.6718315863751966
IDX Sector Financials,2025-07-23,1.2069447098775414
IDX Sector Financials,2025-07-24,4.271349396527645
IDX Sector Financials,2025-07-25,5.997236228922571
IDX Sector Financials,2025-07-28,6.294929656145715
IDX Sector Financials,2025-07-29,4.710906605118857
IDX Sector Financials,2025-07-30,2.475633241697661
IDX Sector Financials,2025-07-31,1.1819531629007836
IDX Sector Financials,2025-08-01,1.020243153051174
IDX Sector Financials,2025-08-04,0.7659174102876968
IDX Sector Financials,2025-08-05,2.0992899460476604
IDX Sector Financials,2025-08-06,1.8236478838040076
IDX Sector Financials,2025-08-07,1.9052379342281287
IDX Sector Financials,2025-08-08,2.511650471164165
IDX Sector Financials,2025-08-11,4.1228702056657305
IDX Sector Financials,2025-08-12,7.150522617350014
IDX Sector Financials,2025-08-13,7.368831130646987
IDX Sector Financials,2025-08-14,6.995428016994252
IDX Sector Financials,2025-08-15,6.716110727254017
IDX Sector Financials,2025-08-19,6.4904517589638795
IDX Sector Financials,2025-08-20,7.748849653793569
IDX Sector Financials,2025-08-21,7.50334445702189
IDX Sector Financials,2025-08-22,7.404113314614174
IDX Sector Financials,2025-08-25,9.412257618746601
IDX Sector Financials,2025-08-26,8.658100936447966
IDX Sector Financials,2025-08-27,8.558134748540935
IDX Sector Financials,2025-08-28,9.105743645531659
IDX Sector Financials,2025-08-29,7.520250503506167
IDX Sector Financials,2025-09-01,5.7759875336283315
IDX Sector Financials,2025-09-02,6.243476471193567
IDX Sector Financials,2025-09-03,7.145377298854799
IDX Sector Financials,2025-09-04,6.955000514531849
IDX Sector Financials,2025-09-08,4.500683592314364
IDX Sector Financials,2025-09-09,2.6946768004939505
IDX Sector Financials,2025-09-10,4.060391338223836
IDX Sector Financials,2025-09-11,6.069270687855578
IDX Sector Financials,2025-09-12,7.404113314614174
IDX Sector Financials,2025-09-15,7.613601281919351
IDX Sector Financials,2025-09-16,7.204915984299428
IDX Sector Financials,2025-09-17,8.097996265968863
IDX Sector Financials,2025-09-18,7.191685165311733
IDX Sector Financials,2025-09-19,7.2027108478014785
IDX Sector Financials,2025-09-22,6.911632830072182
IDX Sector Financials,2025-09-23,7.6893109683489405
IDX Sector Financials,2025-09-24,8.082560310483219
IDX Sector Financials,2025-09-25,7.779721564764859
IDX Sector Financials,2025-09-26,8.340561280743279
IDX Sector Financials,2025-09-29,9.179248195463298
IDX Sector Financials,2025-09-30,7.684165649853726
IDX Sector Financials,2025-10-01,6.939564559046205
IDX Sector Financials,2025-10-02,8.042867853520132
IDX Sector Financials,2025-10-03,7.316642900195522
IDX Sector Financials,2025-10-06,6.664657542301868
IDX Sector Financials,2025-10-07,6.67862340678888
IDX Sector Financials,2025-10-08,6.0339885038883905
IDX Sector Financials,2025-10-09,7.246078532261147
IDX Sector Financials,2025-10-10,5.900210223012804
IDX Sector Financials,2025-10-13,4.287520397512606
IDX Sector Financials,2025-10-14,1.2650133043235376
IDX Sector Financials,2025-10-15,1.828058156799906
IDX Sector Financials,2025-10-16,1.9434603001925819
IDX Sector Financials,2025-10-17,1.0342090175381855
IDX Sector Financials,2025-10-20,4.445555179865634
IDX Sector Financials,2025-10-21,5.308498596063096
IDX Sector Financials,2025-10-22,4.342648809961337
IDX Sector Financials,2025-10-23,5.930347088484777
IDX Sector Financials,2025-10-24,6.851359099128236
IDX Sector Financials,2025-10-27,5.057848080796202
IDX Sector Financials,2025-10-28,4.275759669523543
IDX Sector Financials,2025-10-29,5.900945268512121
IDX Sector Financials,2025-10-30,7.107889978389663
IDX Sector Financials,2025-10-31,6.6881789982799935
IDX Sector Financials,2025-11-03,7.127736206871205
IDX Sector Financials,2025-11-04,6.732281728238978
IDX Sector Financials,2025-11-05,7.873807388677359
IDX Sector Financials,2025-11-06,7.947311938609
IDX Sector Financials,2025-11-07,8.389809329197478
IDX Sector Financials,2025-11-10,8.466254061126383
IDX Sector Financials,2025-11-11,7.23725798626935
IDX Sector Financials,2025-11-12,7.213001484791908
IDX Sector Financials,2025-11-13,7.4886435470355615
IDX Sector Financials,2025-11-14,7.180659482821986
IDX Sector Financials,2025-11-17,7.856901342193082
IDX Sector Financials,2025-11-18,7.632712464901577
IDX Sector Financials,2025-11-19,8.491245608103142
IDX Sector Financials,2025-11-20,8.469194243123649
IDX Sector Financials,2025-11-21,7.806918248239566
IDX Sector Financials,2025-11-24,9.039589550593181
IDX Sector Financials,2025-11-25,9.73567763844582
IDX Sector Financials,2025-11-26,11.88201049644973
IDX Sector Financials,2025-11-27,11.718095350102171
IDX Sector Financials,2025-11-28,11.087426311688693
IDX Sector Financials,2025-12-01,11.127853814151097
IDX Sector Financials,2025-12-02,12.36052511650471
IDX Sector Financials,2025-12-03,11.713685077106273
IDX Sector Financials,2025-12-04,11.29911941549182
IDX Sector Financials,2025-12-05,12.472252032400805
IDX Sector Financials,2025-12-08,14.016582626464578
IDX Sector Financials,2025-12-09,13.592461373359011
IDX Sector Financials,2025-12-10,11.90259177043059
IDX Sector Financials,2025-12-11,11.067580083207151
IDX Sector Financials,2025-12-12,10.622877556120724
IDX Sector Financials,2025-12-15,13.060288431853932
IDX Sector Financials,2025-12-16,12.94194610646399
IDX Sector Financials,2025-12-17,13.18745130323567
IDX Sector Financials,2025-12-18,13.27345162665569
IDX Sector Financials,2025-12-19,13.428546227011452
IDX Sector Financials,2025-12-22,13.363862223071608
IDX Sector Financials,2025-12-23,12.4406450759302
IDX Sector Financials,2025-12-24,11.832027402496214
IDX Sector Financials,2025-12-29,12.841244873057642
IDX Sector Financials,2025-12-30,13.937197712538406
IDX Sector Financials,2026-01-02,12.943416197462623
IDX Sector Financials,2026-01-05,14.542875203975125
IDX Sector Financials,2026-01-06,15.294091704276495
IDX Sector Financials,2026-01-07,15.021389824030107
IDX Sector Financials,2026-01-08,14.502447701512724
IDX Sector Financials,2026-01-09,13.271981535657057
IDX Sector Financials,2026-01-12,12.091498463754906
IDX Sector Financials,2026-01-13,12.42447407494524
IDX Sector Financials,2026-01-14,13.133792981785572
IDX Sector Financials,2026-01-15,14.428943151581082
IDX Sector Financials,2026-01-19,14.237831321758817
IDX Sector Financials,2026-01-20,14.653132028872587
IDX Sector Financials,2026-01-21,13.444717227996414
IDX Sector Financials,2026-01-22,12.97281801743528
IDX Sector Financials,2026-01-23,12.46931185040354
IDX Sector Financials,2026-01-26,11.727650941593284
IDX Sector Financials,2026-01-27,11.20282845508137
IDX Sector Financials,2026-01-28,6.416212163532923
IDX Sector Financials,2026-01-29,5.850962174558605
IDX Sector Financials,2026-01-30,9.0807520985549
IDX Sector Financials,2026-02-02,6.544110080413978
IDX Sector Financials,2026-02-03,7.404113314614174
IDX Sector Financials,2026-02-04,8.651485526954119
IDX Sector Financials,2026-02-05,8.530938065066227
IDX Sector Financials,2026-02-06,7.51142995751437
IDX Sector Financials,2026-02-09,7.307087308704409
IDX Sector Financials,2026-02-10,8.763212442850213
IDX Sector Financials,2026-02-11,8.2295694103465
IDX Sector Financials,2026-02-12,7.975243667583023
IDX Sector Financials,2026-02-13,7.246078532261147
IDX Sector Financials,2026-02-18,8.20310777237111
IDX Sector Financials,2026-02-19,7.0865736589094865
IDX Sector Financials,2026-02-20,7.665054466871499
IDX Sector Financials,2026-02-23,9.458565485203534
IDX Sector Financials,2026-02-24,10.572894462167207
IDX Sector Financials,2026-02-25,10.319303764903047
IDX Sector Financials,2026-02-26,9.744498184437617
IDX Sector Financials,2026-02-27,8.831571674286637
IDX Sector Financials,2026-03-02,5.922996633491613
IDX Sector Financials,2026-03-03,5.766431942137218
IDX Sector Financials,2026-03-04,2.4065389647619186
IDX Sector Financials,2026-03-05,4.125810387662996
IDX Sector Financials,2026-03-06,2.886523675815533
IDX Sector Financials,2026-03-09,1.5105185010952178
IDX Sector Financials,2026-03-10,2.514590653161431
IDX Sector Financials,2026-03-11,2.5410522911368214
IDX Sector Financials,2026-03-12,2.572659247607427
IDX Sector Financials,2026-03-13,0.935712920629787
IDX Sector Financials,2026-03-16,1.3870308572100614
IDX Sector Financials,2026-03-17,1.8545197947752965
IDX Sector Financials,2026-03-25,2.5733942931067433
IDX Sector Financials,2026-03-26,1.9162636167178748
IDX Sector Financials,2026-03-27,1.3495435367449244
IDX Sector Financials,2026-03-30,0.16759037384414094
IDX Sector Financials,2026-03-31,-0.36678770415888745
IDX Sector Financials,2026-04-01,-0.19331696632021522
IDX Sector Financials,2026-04-02,-0.9085162371550799
IDX Sector Financials,2026-04-06,-1.1297649324493186
IDX Sector Financials,2026-04-07,-0.497625803037208
IDX Sector Financials,2026-04-08,2.1176660835305707
IDX Sector Financials,2026-04-09,0.863678461696779
IDX Sector Financials,2026-04-10,3.9133822383605543
IDX Sector Financials,2026-04-13,2.5469326551313527
IDX Sector Financials,2026-04-14,3.6921335430663156
IDX Sector Financials,2026-04-15,3.023242138688385
IDX Sector Financials,2026-04-16,3.1415844640783264
IDX Sector Financials,2026-04-17,2.794642988400982
IDX Sector Financials,2026-04-20,1.611954780000882
IDX Sector Financials,2026-04-21,2.1426576305073284
IDX Sector Financials,2026-04-22,3.218764241506549
IDX Sector Financials,2026-04-23,1.9625714831748085
IDX Sector Financials,2026-04-24,-0.3520867941725593
IDX Sector Financials,2026-04-27,-0.3542919306705085
IDX Sector Financials,2026-04-28,0.5630448524763683
IDX Sector Financials,2026-04-29,1.604604325007718
IDX Sector Financials,2026-04-30,-0.15509460035576203
IDX Sector Financials,2026-05-04,-0.31312938270878965
IDX Sector Financials,2026-05-05,1.983152757155668
IDX Sector Financials,2026-05-06,1.3296973082633814
IDX Sector Financials,2026-05-07,3.3385766578951235
IDX Sector Financials,2026-05-08,1.811887155814945
IDX Sector Financials,2026-05-11,0.041897593461035235
IDX Sector Financials,2026-05-12,0.3520867941725593
IDX Sector Financials,2026-05-13,-0.23374446878261765
IDX Sector Financials,2026-05-18,-2.0243153051173866
IDX Sector Financials,2026-05-19,-4.048630610234773
IDX Sector Financials,2026-05-20,-2.8872587213148493
IDX Sector Financials,2026-05-21,-4.068476838716316
IDX Sector Financials,2026-05-22,-4.334563309468856
IDX Sector Financials,2026-05-25,-2.9725239992355528
IDX Sector Financials,2026-05-26,-4.445555179865634
IDX Sector Financials,2026-05-29,-5.441541831439366
IDX Sector Financials,2026-06-02,-5.183540861179307
IDX Sector Financials,2026-06-03,-6.849153962630287
IDX Sector Financials,2026-06-04,-8.748511532863883
IDX Sector Financials,2026-06-05,-11.81659144701057
IDX Sector Financials,2026-06-08,-14.305455507695926
IDX Sector Financials,2026-06-09,-8.191347044382047
IDX Sector Financials,2026-06-10,-5.967099363450598
IDX Sector Financials,2026-06-11,-4.688855240139365
IDX Sector Financials,2026-06-12,-3.290798700439557
IDX Sector Financials,2026-06-15,1.7677844258559605
IDX Sector Financials,2026-06-17,1.7986563368272497
IDX Sector Financials,2026-06-18,0.4527880275789071
IDX Sector Financials,2026-06-19,-0.30283874571835995
IDX Sector Financials,2026-06-22,-1.875101068756156
IDX Sector Financials,2026-06-23,-2.4873939696867238
IDX Sector Financials,2026-06-24,-4.616820781206357
IDX Sector Financials,2026-06-25,-3.149669964570807
IDX Sector Financials,2026-06-26,-3.124678417594049
IDX Sector Financials,2026-06-29,-4.225041530070711
IDX Sector Financials,2026-06-30,-6.038398776884289
IDX Sector Properties & Real Estate,2025-06-30,0.0
IDX Sector Properties & Real Estate,2025-07-01,-0.4141244029706524
IDX Sector Properties & Real Estate,2025-07-02,-1.1139946439910549
IDX Sector Properties & Real Estate,2025-07-03,-0.8669004168852323
IDX Sector Properties & Real Estate,2025-07-04,-0.5894370668948953
IDX Sector Properties & Real Estate,2025-07-07,-0.3271582783468154
IDX Sector Properties & Real Estate,2025-07-08,-0.20844261616189502
IDX Sector Properties & Real Estate,2025-07-09,1.8028215675989068
IDX Sector Properties & Real Estate,2025-07-10,2.1147952845034648
IDX Sector Properties & Real Estate,2025-07-11,2.3950194638469395
IDX Sector Properties & Real Estate,2025-07-14,2.2224676292758345
IDX Sector Properties & Real Estate,2025-07-15,3.5780348416664367
IDX Sector Properties & Real Estate,2025-07-16,3.602882305844676
IDX Sector Properties & Real Estate,2025-07-17,3.339223102620027
IDX Sector Properties & Real Estate,2025-07-18,2.451616465586262
IDX Sector Properties & Real Estate,2025-07-21,3.939703486927473
IDX Sector Properties & Real Estate,2025-07-22,2.8933491620882914
IDX Sector Properties & Real Estate,2025-07-23,5.356008945087104
IDX Sector Properties & Real Estate,2025-07-24,4.694790315010629
IDX Sector Properties & Real Estate,2025-07-25,5.179315866486292
IDX Sector Properties & Real Estate,2025-07-28,6.3526683415698075
IDX Sector Properties & Real Estate,2025-07-29,6.947627067170978
IDX Sector Properties & Real Estate,2025-07-30,6.827530990309489
IDX Sector Properties & Real Estate,2025-07-31,6.436873636840507
IDX Sector Properties & Real Estate,2025-08-01,7.285828662930344
IDX Sector Properties & Real Estate,2025-08-04,7.810386240026504
IDX Sector Properties & Real Estate,2025-08-05,9.011347008641396
IDX Sector Properties & Real Estate,2025-08-06,9.419949752905772
IDX Sector Properties & Real Estate,2025-08-07,9.259821650423786
IDX Sector Properties & Real Estate,2025-08-08,9.408906435493222
IDX Sector Properties & Real Estate,2025-08-11,12.23461527842964
IDX Sector Properties & Real Estate,2025-08-12,11.955771513762734
IDX Sector Properties & Real Estate,2025-08-13,13.626073272411032
IDX Sector Properties & Real Estate,2025-08-14,13.559813367935728
IDX Sector Properties & Real Estate,2025-08-15,12.857182297562188
IDX Sector Properties & Real Estate,2025-08-19,13.971176941553242
IDX Sector Properties & Real Estate,2025-08-20,16.89489522652605
IDX Sector Properties & Real Estate,2025-08-21,15.960354490488943
IDX Sector Properties & Real Estate,2025-08-22,16.029375224317384
IDX Sector Properties & Real Estate,2025-08-25,20.265867866707158
IDX Sector Properties & Real Estate,2025-08-26,18.603848596118272
IDX Sector Properties & Real Estate,2025-08-27,21.152094089064356
IDX Sector Properties & Real Estate,2025-08-28,21.973440821622816
IDX Sector Properties & Real Estate,2025-08-29,19.33546837469976
IDX Sector Properties & Real Estate,2025-09-01,18.841279920488116
IDX Sector Properties & Real Estate,2025-09-02,22.307501173352474
IDX Sector Properties & Real Estate,2025-09-03,21.098257916678172
IDX Sector Properties & Real Estate,2025-09-04,20.127826399050274
IDX Sector Properties & Real Estate,2025-09-08,18.342950222246763
IDX Sector Properties & Real Estate,2025-09-09,17.230335992932275
IDX Sector Properties & Real Estate,2025-09-10,18.407829712045498
IDX Sector Properties & Real Estate,2025-09-11,19.309240495844954
IDX Sector Properties & Real Estate,2025-09-12,20.189945059495873
IDX Sector Properties & Real Estate,2025-09-15,22.130808094751664
IDX Sector Properties & Real Estate,2025-09-16,22.121145192015682
IDX Sector Properties & Real Estate,2025-09-17,23.250324397448992
IDX Sector Properties & Real Estate,2025-09-18,22.43587973827338
IDX Sector Properties & Real Estate,2025-09-19,21.102399160707876
IDX Sector Properties & Real Estate,2025-09-22,22.165318461665883
IDX Sector Properties & Real Estate,2025-09-23,24.852985836945418
IDX Sector Properties & Real Estate,2025-09-24,26.157477706302974
IDX Sector Properties & Real Estate,2025-09-25,28.130090279119848
IDX Sector Properties & Real Estate,2025-09-26,27.656608045056736
IDX Sector Properties & Real Estate,2025-09-29,31.24706661881229
IDX Sector Properties & Real Estate,2025-09-30,31.623919825515586
IDX Sector Properties & Real Estate,2025-10-01,30.953038292703127
IDX Sector Properties & Real Estate,2025-10-02,32.34725711603766
IDX Sector Properties & Real Estate,2025-10-03,32.45492946081003
IDX Sector Properties & Real Estate,2025-10-06,33.04574694238149
IDX Sector Properties & Real Estate,2025-10-07,32.674415394384475
IDX Sector Properties & Real Estate,2025-10-08,33.256950387896524
IDX Sector Properties & Real Estate,2025-10-09,32.668893735678196
IDX Sector Properties & Real Estate,2025-10-10,34.412357472184645
IDX Sector Properties & Real Estate,2025-10-13,32.42870158195522
IDX Sector Properties & Real Estate,2025-10-14,32.46735319289915
IDX Sector Properties & Real Estate,2025-10-15,32.104304132961545
IDX Sector Properties & Real Estate,2025-10-16,34.05897131498302
IDX Sector Properties & Real Estate,2025-10-17,33.71524806051738
IDX Sector Properties & Real Estate,2025-10-20,35.94323734849949
IDX Sector Properties & Real Estate,2025-10-21,40.72085254410425
IDX Sector Properties & Real Estate,2025-10-22,44.93663896634549
IDX Sector Properties & Real Estate,2025-10-23,50.220866348251015
IDX Sector Properties & Real Estate,2025-10-24,54.868722564258306
IDX Sector Properties & Real Estate,2025-10-27,49.47958366693355
IDX Sector Properties & Real Estate,2025-10-28,54.55536843267718
IDX Sector Properties & Real Estate,2025-10-29,53.41790673918445
IDX Sector Properties & Real Estate,2025-10-30,52.62002705612766
IDX Sector Properties & Real Estate,2025-10-31,50.84205295270699
IDX Sector Properties & Real Estate,2025-11-03,46.56690869937329
IDX Sector Properties & Real Estate,2025-11-04,42.73073631318848
IDX Sector Properties & Real Estate,2025-11-05,42.05571353634632
IDX Sector Properties & Real Estate,2025-11-06,42.58579277214875
IDX Sector Properties & Real Estate,2025-11-07,45.41150161508517
IDX Sector Properties & Real Estate,2025-11-10,49.11929543634908
IDX Sector Properties & Real Estate,2025-11-11,51.278263990502744
IDX Sector Properties & Real Estate,2025-11-12,52.83123050164269
IDX Sector Properties & Real Estate,2025-11-13,54.38005576875293
IDX Sector Properties & Real Estate,2025-11-14,53.19013831755059
IDX Sector Properties & Real Estate,2025-11-17,56.875845503989396
IDX Sector Properties & Real Estate,2025-11-18,60.63885591231606
IDX Sector Properties & Real Estate,2025-11-19,60.003865161094396
IDX Sector Properties & Real Estate,2025-11-20,58.546147262637696
IDX Sector Properties & Real Estate,2025-11-21,59.45998177852627
IDX Sector Properties & Real Estate,2025-11-24,65.73534689820822
IDX Sector Properties & Real Estate,2025-11-25,64.1727174843323
IDX Sector Properties & Real Estate,2025-11-26,64.37563844178791
IDX Sector Properties & Real Estate,2025-11-27,67.46500648794898
IDX Sector Properties & Real Estate,2025-11-28,69.17257944286463
IDX Sector Properties & Real Estate,2025-12-01,65.75467270368019
IDX Sector Properties & Real Estate,2025-12-02,67.21515143149001
IDX Sector Properties & Real Estate,2025-12-03,68.77225918665967
IDX Sector Properties & Real Estate,2025-12-04,69.22365478589768
IDX Sector Properties & Real Estate,2025-12-05,68.93652853317137
IDX Sector Properties & Real Estate,2025-12-08,69.39620662046879
IDX Sector Properties & Real Estate,2025-12-09,67.73280693520333
IDX Sector Properties & Real Estate,2025-12-10,66.95287264294194
IDX Sector Properties & Real Estate,2025-12-11,64.3935838325833
IDX Sector Properties & Real Estate,2025-12-12,66.07768973799729
IDX Sector Properties & Real Estate,2025-12-15,64.89191353082467
IDX Sector Properties & Real Estate,2025-12-16,65.77537892382871
IDX Sector Properties & Real Estate,2025-12-17,65.47997018304298
IDX Sector Properties & Real Estate,2025-12-18,64.37011678308164
IDX Sector Properties & Real Estate,2025-12-19,63.530824659727784
IDX Sector Properties & Real Estate,2025-12-22,61.395323155075786
IDX Sector Properties & Real Estate,2025-12-23,59.38958063002126
IDX Sector Properties & Real Estate,2025-12-24,59.98730018497557
IDX Sector Properties & Real Estate,2025-12-29,61.32630242124734
IDX Sector Properties & Real Estate,2025-12-30,61.91435907346567
IDX Sector Properties & Real Estate,2026-01-02,63.112559012727424
IDX Sector Properties & Real Estate,2026-01-05,63.788962204246154
IDX Sector Properties & Real Estate,2026-01-06,65.97829988128434
IDX Sector Properties & Real Estate,2026-01-07,65.6166312360233
IDX Sector Properties & Real Estate,2026-01-08,68.10275806852378
IDX Sector Properties & Real Estate,2026-01-09,72.11700394798598
IDX Sector Properties & Real Estate,2026-01-12,72.96457855939924
IDX Sector Properties & Real Estate,2026-01-13,76.02909914138208
IDX Sector Properties & Real Estate,2026-01-14,78.80649347063859
IDX Sector Properties & Real Estate,2026-01-15,78.04036332514288
IDX Sector Properties & Real Estate,2026-01-19,78.43930316667127
IDX Sector Properties & Real Estate,2026-01-20,79.64854642334558
IDX Sector Properties & Real Estate,2026-01-21,73.46290825764059
IDX Sector Properties & Real Estate,2026-01-22,75.35131553518677
IDX Sector Properties & Real Estate,2026-01-23,74.11722481433422
IDX Sector Properties & Real Estate,2026-01-26,70.55851577813975
IDX Sector Properties & Real Estate,2026-01-27,70.35421440600757
IDX Sector Properties & Real Estate,2026-01-28,59.53176334170785
IDX Sector Properties & Real Estate,2026-01-29,53.428950056597
IDX Sector Properties & Real Estate,2026-01-30,55.68454763811049
IDX Sector Properties & Real Estate,2026-02-02,45.9194942160625
IDX Sector Properties & Real Estate,2026-02-03,52.99135860412468
IDX Sector Properties & Real Estate,2026-02-04,51.77797410342067
IDX Sector Properties & Real Estate,2026-02-05,50.49971011291792
IDX Sector Properties & Real Estate,2026-02-06,47.32475635680959
IDX Sector Properties & Real Estate,2026-02-09,48.1833742856354
IDX Sector Properties & Real Estate,2026-02-10,51.09604925319566
IDX Sector Properties & Real Estate,2026-02-11,53.39305927500621
IDX Sector Properties & Real Estate,2026-02-12,54.842494685403494
IDX Sector Properties & Real Estate,2026-02-13,54.4035228182546
IDX Sector Properties & Real Estate,2026-02-18,55.43055133762182
IDX Sector Properties & Real Estate,2026-02-19,54.33588249910273
IDX Sector Properties & Real Estate,2026-02-20,53.183236244167745
IDX Sector Properties & Real Estate,2026-02-23,54.02528919687474
IDX Sector Properties & Real Estate,2026-02-24,50.646034068634215
IDX Sector Properties & Real Estate,2026-02-25,51.57229231661191
IDX Sector Properties & Real Estate,2026-02-26,48.38491482841446
IDX Sector Properties & Real Estate,2026-02-27,48.78385466994285
IDX Sector Properties & Real Estate,2026-03-02,42.62996604179896
IDX Sector Properties & Real Estate,2026-03-03,41.39449490626984
IDX Sector Properties & Real Estate,2026-03-04,35.921150713674386
IDX Sector Properties & Real Estate,2026-03-05,37.3250324397449
IDX Sector Properties & Real Estate,2026-03-06,35.442146820905
IDX Sector Properties & Real Estate,2026-03-09,29.24684575246404
IDX Sector Properties & Real Estate,2026-03-10,32.0573700339582
IDX Sector Properties & Real Estate,2026-03-11,32.27685596753265
IDX Sector Properties & Real Estate,2026-03-12,30.45056735043207
IDX Sector Properties & Real Estate,2026-03-13,28.120427376383866
IDX Sector Properties & Real Estate,2026-03-16,25.204991579470473
IDX Sector Properties & Real Estate,2026-03-17,26.988487341597416
IDX Sector Properties & Real Estate,2026-03-25,28.16183981668093
IDX Sector Properties & Real Estate,2026-03-26,27.47163247839651
IDX Sector Properties & Real Estate,2026-03-27,27.116865906518317
IDX Sector Properties & Real Estate,2026-03-30,26.532950498329697
IDX Sector Properties & Real Estate,2026-03-31,27.158278346815383
IDX Sector Properties & Real Estate,2026-04-01,28.748516054222687
IDX Sector Properties & Real Estate,2026-04-02,26.730349797079043
IDX Sector Properties & Real Estate,2026-04-06,26.336931614256923
IDX Sector Properties & Real Estate,2026-04-07,25.294718533447448
IDX Sector Properties & Real Estate,2026-04-08,29.7493166947351
IDX Sector Properties & Real Estate,2026-04-09,29.14883631042765
IDX Sector Properties & Real Estate,2026-04-10,31.960741006598383
IDX Sector Properties & Real Estate,2026-04-13,32.21473730708705
IDX Sector Properties & Real Estate,2026-04-14,34.69534248088126
IDX Sector Properties & Real Estate,2026-04-15,34.98384914828414
IDX Sector Properties & Real Estate,2026-04-16,34.50622567019133
IDX Sector Properties & Real Estate,2026-04-17,37.166284751939486
IDX Sector Properties & Real Estate,2026-04-20,34.3654233731813
IDX Sector Properties & Real Estate,2026-04-21,35.76930509925182
IDX Sector Properties & Real Estate,2026-04-22,35.7347947323376
IDX Sector Properties & Real Estate,2026-04-23,33.731813036636204
IDX Sector Properties & Real Estate,2026-04-24,28.524888876618537
IDX Sector Properties & Real Estate,2026-04-27,28.91140498605781
IDX Sector Properties & Real Estate,2026-04-28,29.253747825846883
IDX Sector Properties & Real Estate,2026-04-29,29.75897959747108
IDX Sector Properties & Real Estate,2026-04-30,26.92222743712211
IDX Sector Properties & Real Estate,2026-05-04,26.9139449490627
IDX Sector Properties & Real Estate,2026-05-05,26.738632285138454
IDX Sector Properties & Real Estate,2026-05-06,27.99619005549267
IDX Sector Properties & Real Estate,2026-05-07,29.694100107672345
IDX Sector Properties & Real Estate,2026-05-08,26.249965489633087
IDX Sector Properties & Real Estate,2026-05-11,25.239501946384692
IDX Sector Properties & Real Estate,2026-05-12,24.47199138621242
IDX Sector Properties & Real Estate,2026-05-13,23.60371055465062
IDX Sector Properties & Real Estate,2026-05-18,20.8622070069849
IDX Sector Properties & Real Estate,2026-05-19,18.587283619999447
IDX Sector Properties & Real Estate,2026-05-20,17.603047955605863
IDX Sector Properties & Real Estate,2026-05-21,13.029734132133292
IDX Sector Properties & Real Estate,2026-05-22,13.196764307998123
IDX Sector Properties & Real Estate,2026-05-25,14.658623450484525
IDX Sector Properties & Real Estate,2026-05-26,12.202865740868557
IDX Sector Properties & Real Estate,2026-05-29,10.975677093398858
IDX Sector Properties & Real Estate,2026-06-02,9.821650423787306
IDX Sector Properties & Real Estate,2026-06-03,6.000662599044753
IDX Sector Properties & Real Estate,2026-06-04,2.522017614091273
IDX Sector Properties & Real Estate,2026-06-05,-1.5985201954667183
IDX Sector Properties & Real Estate,2026-06-08,-4.476684796112752
IDX Sector Properties & Real Estate,2026-06-09,-2.2210872145992657
IDX Sector Properties & Real Estate,2026-06-10,1.0905275944893846
IDX Sector Properties & Real Estate,2026-06-11,1.7959194942160626
IDX Sector Properties & Real Estate,2026-06-12,3.7188371386764585
IDX Sector Properties & Real Estate,2026-06-15,5.823969520443941
IDX Sector Properties & Real Estate,2026-06-17,4.167471908561332
IDX Sector Properties & Real Estate,2026-06-18,3.497970790425444
IDX Sector Properties & Real Estate,2026-06-19,1.5709119019353415
IDX Sector Properties & Real Estate,2026-06-22,0.3547665718781922
IDX Sector Properties & Real Estate,2026-06-23,1.9022114243118633
IDX Sector Properties & Real Estate,2026-06-24,-0.9635294442450512
IDX Sector Properties & Real Estate,2026-06-25,0.8310096352944425
IDX Sector Properties & Real Estate,2026-06-26,-1.1264183760801745
IDX Sector Properties & Real Estate,2026-06-29,-0.42378730570663425
IDX Sector Properties & Real Estate,2026-06-30,-3.0935092901907733
IDX Sector Technology,2025-06-30,0.0
IDX Sector Technology,2025-07-01,0.2650344299923489
IDX Sector Technology,2025-07-02,-1.1940321346595257
IDX Sector Technology,2025-07-03,-1.3528691660290741
IDX Sector Technology,2025-07-04,-0.5863810252486611
IDX Sector Technology,2025-07-07,-0.10925784238714614
IDX Sector Technology,2025-07-08,-0.40122417750573836
IDX Sector Technology,2025-07-09,-0.6912012241775057
IDX Sector Technology,2025-07-10,-0.15103289977046672
IDX Sector Technology,2025-07-11,-0.3459831675592961
IDX Sector Technology,2025-07-14,-0.4263198163733741
IDX Sector Technology,2025-07-15,0.4659525631216526
IDX Sector Technology,2025-07-16,6.583932670237185
IDX Sector Technology,2025-07-17,14.269778117827085
IDX Sector Technology,2025-07-18,19.468553940321346
IDX Sector Technology,2025-07-21,27.534047436878346
IDX Sector Technology,2025-07-22,27.164651874521805
IDX Sector Technology,2025-07-23,37.24912012241775
IDX Sector Technology,2025-07-24,36.36893649579189
IDX Sector Technology,2025-07-25,36.68293802601377
IDX Sector Technology,2025-07-28,37.072532517214995
IDX Sector Technology,2025-07-29,38.854016832440706
IDX Sector Technology,2025-07-30,41.80137719969395
IDX Sector Technology,2025-07-31,41.61285386381025
IDX Sector Technology,2025-08-01,43.50022953328233
IDX Sector Technology,2025-08-04,45.15179801071155
IDX Sector Technology,2025-08-05,46.53511859219587
IDX Sector Technology,2025-08-06,46.180566182096406
IDX Sector Technology,2025-08-07,39.6566182096404
IDX Sector Technology,2025-08-08,35.973986228003064
IDX Sector Technology,2025-08-11,35.101912777352716
IDX Sector Technology,2025-08-12,42.55363427697016
IDX Sector Technology,2025-08-13,48.221576128538636
IDX Sector Technology,2025-08-14,53.916908951798014
IDX Sector Technology,2025-08-15,56.93190512624331
IDX Sector Technology,2025-08-19,56.19525631216526
IDX Sector Technology,2025-08-20,57.08844682478959
IDX Sector Technology,2025-08-21,56.61820964039786
IDX Sector Technology,2025-08-22,59.105432287681715
IDX Sector Technology,2025-08-25,60.03335883703137
IDX Sector Technology,2025-08-26,60.73557765876052
IDX Sector Technology,2025-08-27,59.18882938026014
IDX Sector Technology,2025-08-28,62.14384085692426
IDX Sector Technology,2025-08-29,58.494567712318286
IDX Sector Technology,2025-09-01,55.07115531752104
IDX Sector Technology,2025-09-02,57.078806426931905
IDX Sector Technology,2025-09-03,57.890589135424634
IDX Sector Technology,2025-09-04,57.4938026013772
IDX Sector Technology,2025-09-08,54.38010711553175
IDX Sector Technology,2025-09-09,51.515684774292275
IDX Sector Technology,2025-09-10,49.43213465952563
IDX Sector Technology,2025-09-11,48.93420045906657
IDX Sector Technology,2025-09-12,51.32838561591431
IDX Sector Technology,2025-09-15,54.664269319051265
IDX Sector Technology,2025-09-16,56.00459066564652
IDX Sector Technology,2025-09-17,59.865187452180564
IDX Sector Technology,2025-09-18,66.67742922723795
IDX Sector Technology,2025-09-19,66.73955623565416
IDX Sector Technology,2025-09-22,67.21346595256313
IDX Sector Technology,2025-09-23,67.13618974751338
IDX Sector Technology,2025-09-24,65.58255547054323
IDX Sector Technology,2025-09-25,64.93848508033665
IDX Sector Technology,2025-09-26,67.21545524100995
IDX Sector Technology,2025-09-29,62.640397857689365
IDX Sector Technology,2025-09-30,60.45294567712318
IDX Sector Technology,2025-10-01,68.36878347360367
IDX Sector Technology,2025-10-02,70.27804131599082
IDX Sector Technology,2025-10-03,75.53144605967866
IDX Sector Technology,2025-10-06,79.67681713848508
IDX Sector Technology,2025-10-07,80.31247130833971
IDX Sector Technology,2025-10-08,80.40520275439938
IDX Sector Technology,2025-10-09,74.527467482785
IDX Sector Technology,2025-10-10,76.17092578423872
IDX Sector Technology,2025-10-13,76.29747513389441
IDX Sector Technology,2025-10-14,72.62846212700842
IDX Sector Technology,2025-10-15,66.33435348125478
IDX Sector Technology,2025-10-16,64.39219586840092
IDX Sector Technology,2025-10-17,55.75531752104055
IDX Sector Technology,2025-10-20,56.62325937260903
IDX Sector Technology,2025-10-21,54.515990818668705
IDX Sector Technology,2025-10-22,50.40198928844683
IDX Sector Technology,2025-10-23,52.189135424636575
IDX Sector Technology,2025-10-24,48.487069625095636
IDX Sector Technology,2025-10-27,45.80765110941086
IDX Sector Technology,2025-10-28,49.13129303749044
IDX Sector Technology,2025-10-29,48.14322876817138
IDX Sector Technology,2025-10-30,50.91430757459832
IDX Sector Technology,2025-10-31,51.02081101759755
IDX Sector Technology,2025-11-03,50.827390971690896
IDX Sector Technology,2025-11-04,49.094108645753636
IDX Sector Technology,2025-11-05,54.029227237949506
IDX Sector Technology,2025-11-06,53.71461361897475
IDX Sector Technology,2025-11-07,55.330680948737566
IDX Sector Technology,2025-11-10,61.33741392501913
IDX Sector Technology,2025-11-11,60.40045906656465
IDX Sector Technology,2025-11-12,60.17214996174445
IDX Sector Technology,2025-11-13,58.19525631216526
IDX Sector Technology,2025-11-14,57.80596786534048
IDX Sector Technology,2025-11-17,56.259525631216526
IDX Sector Technology,2025-11-18,55.23978576893649
IDX Sector Technology,2025-11-19,53.821117061973986
IDX Sector Technology,2025-11-20,53.66319816373374
IDX Sector Technology,2025-11-21,57.835195103289976
IDX Sector Technology,2025-11-24,59.185615914307576
IDX Sector Technology,2025-11-25,58.45539403213466
IDX Sector Technology,2025-11-26,59.51384850803367
IDX Sector Technology,2025-11-27,59.08599846977812
IDX Sector Technology,2025-11-28,54.9459831675593
IDX Sector Technology,2025-12-01,56.62096403978577
IDX Sector Technology,2025-12-02,56.05386381025249
IDX Sector Technology,2025-12-03,58.46212700841622
IDX Sector Technology,2025-12-04,58.46947207345065
IDX Sector Technology,2025-12-05,57.36648814078041
IDX Sector Technology,2025-12-08,61.52333588370314
IDX Sector Technology,2025-12-09,63.99188982402448
IDX Sector Technology,2025-12-10,65.27804131599082
IDX Sector Technology,2025-12-11,62.688905891354246
IDX Sector Technology,2025-12-12,59.10252486610558
IDX Sector Technology,2025-12-15,57.61040550879878
IDX Sector Technology,2025-12-16,62.59663351185922
IDX Sector Technology,2025-12-17,58.008722264728384
IDX Sector Technology,2025-12-18,54.762050497322114
IDX Sector Technology,2025-12-19,53.95378729915838
IDX Sector Technology,2025-12-22,49.49946442234124
IDX Sector Technology,2025-12-23,50.147666411629686
IDX Sector Technology,2025-12-24,48.99449120122418
IDX Sector Technology,2025-12-29,47.25340474368784
IDX Sector Technology,2025-12-30,45.8114766641163
IDX Sector Technology,2026-01-02,52.33374139250191
IDX Sector Technology,2026-01-05,52.22050497322112
IDX Sector Technology,2026-01-06,54.60841622035195
IDX Sector Technology,2026-01-07,53.74399387911247
IDX Sector Technology,2026-01-08,52.056924254016835
IDX Sector Technology,2026-01-09,51.39770466717674
IDX Sector Technology,2026-01-12,48.85049732211171
IDX Sector Technology,2026-01-13,47.766335118592195
IDX Sector Technology,2026-01-14,48.50925784238714
IDX Sector Technology,2026-01-15,49.37811782708493
IDX Sector Technology,2026-01-19,48.96480489671002
IDX Sector Technology,2026-01-20,49.749502677888294
IDX Sector Technology,2026-01-21,47.59801071155317
IDX Sector Technology,2026-01-22,45.085845447589904
IDX Sector Technology,2026-01-23,44.212241775057386
IDX Sector Technology,2026-01-26,43.39081866870696
IDX Sector Technology,2026-01-27,46.458607498087225
IDX Sector Technology,2026-01-28,35.39449120122418
IDX Sector Technology,2026-01-29,34.100382555470546
IDX Sector Technology,2026-01-30,36.383932670237186
IDX Sector Technology,2026-02-02,28.15149196633512
IDX Sector Technology,2026-02-03,34.44544758990054
IDX Sector Technology,2026-02-04,34.481254781943385
IDX Sector Technology,2026-02-05,32.88278500382555
IDX Sector Technology,2026-02-06,30.46656465187452
IDX Sector Technology,2026-02-09,31.52195868400918
IDX Sector Technology,2026-02-10,33.18026013771997
IDX Sector Technology,2026-02-11,34.672532517215
IDX Sector Technology,2026-02-12,34.51644988523336
IDX Sector Technology,2026-02-13,33.694720734506504
IDX Sector Technology,2026-02-18,35.49625095638868
IDX Sector Technology,2026-02-19,33.92104055087988
IDX Sector Technology,2026-02-20,33.9159908186687
IDX Sector Technology,2026-02-23,35.17061973986228
IDX Sector Technology,2026-02-24,32.77566947207345
IDX Sector Technology,2026-02-25,32.50130068859985
IDX Sector Technology,2026-02-26,30.568630451415455
IDX Sector Technology,2026-02-27,31.063657230298393
IDX Sector Technology,2026-03-02,26.123947972456005
IDX Sector Technology,2026-03-03,25.279265493496556
IDX Sector Technology,2026-03-04,19.944452945677124
IDX Sector Technology,2026-03-05,20.743075745983166
IDX Sector Technology,2026-03-06,20.230298393267024
IDX Sector Technology,2026-03-09,18.336495791889824
IDX Sector Technology,2026-03-10,18.285080336648814
IDX Sector Technology,2026-03-11,19.31185921958684
IDX Sector Technology,2026-03-12,20.402907421576128
IDX Sector Technology,2026-03-13,16.298546289211934
IDX Sector Technology,2026-03-16,13.578882938026014
IDX Sector Technology,2026-03-17,16.860902830910483
IDX Sector Technology,2026-03-25,18.416679418515685
IDX Sector Technology,2026-03-26,16.995103289977045
IDX Sector Technology,2026-03-27,15.859831675592961
IDX Sector Technology,2026-03-30,17.508339709257843
IDX Sector Technology,2026-03-31,15.972762050497321
IDX Sector Technology,2026-04-01,17.66794185156848
IDX Sector Technology,2026-04-02,15.236572302983932
IDX Sector Technology,2026-04-06,14.75822494261668
IDX Sector Technology,2026-04-07,13.66151491966335
IDX Sector Technology,2026-04-08,18.422647283856158
IDX Sector Technology,2026-04-09,18.626013771996938
IDX Sector Technology,2026-04-10,20.891813312930374
IDX Sector Technology,2026-04-13,22.274827850038257
IDX Sector Technology,2026-04-14,21.820045906656464
IDX Sector Technology,2026-04-15,22.518439173680182
IDX Sector Technology,2026-04-16,24.293343534812546
IDX Sector Technology,2026-04-17,24.915072685539403
IDX Sector Technology,2026-04-20,23.304208110175974
IDX Sector Technology,2026-04-21,24.66442234123948
IDX Sector Technology,2026-04-22,24.71293037490436
IDX Sector Technology,2026-04-23,21.768783473603673
IDX Sector Technology,2026-04-24,18.56159143075746
IDX Sector Technology,2026-04-27,19.081407804131597
IDX Sector Technology,2026-04-28,18.216526396327467
IDX Sector Technology,2026-04-29,19.190053557765875
IDX Sector Technology,2026-04-30,18.084774292272378
IDX Sector Technology,2026-05-04,16.244988523335884
IDX Sector Technology,2026-05-05,15.41407804131599
IDX Sector Technology,2026-05-06,16.81576128538638
IDX Sector Technology,2026-05-07,17.377199693955625
IDX Sector Technology,2026-05-08,15.137566947207345
IDX Sector Technology,2026-05-11,14.532364192807957
IDX Sector Technology,2026-05-12,13.984850803366488
IDX Sector Technology,2026-05-13,13.181178270849273
IDX Sector Technology,2026-05-18,10.679418515684775
IDX Sector Technology,2026-05-19,9.863351185921958
IDX Sector Technology,2026-05-20,8.348278500382555
IDX Sector Technology,2026-05-21,6.856159143075746
IDX Sector Technology,2026-05-22,7.438255547054323
IDX Sector Technology,2026-05-25,7.101300688599847
IDX Sector Technology,2026-05-26,7.184238714613619
IDX Sector Technology,2026-05-29,6.50788064269319
IDX Sector Technology,2026-06-02,5.358377964804896
IDX Sector Technology,2026-06-03,2.26778882938026
IDX Sector Technology,2026-06-04,1.772762050497322
IDX Sector Technology,2026-06-05,-3.196480489671002
IDX Sector Technology,2026-06-08,-7.723029839326703
IDX Sector Technology,2026-06-09,-4.819586840091813
IDX Sector Technology,2026-06-10,-0.6613618974751339
IDX Sector Technology,2026-06-11,-0.12104055087987758
IDX Sector Technology,2026-06-12,0.7421576128538638
IDX Sector Technology,2026-06-15,2.453404743687835
IDX Sector Technology,2026-06-17,1.4088752869166028
IDX Sector Technology,2026-06-18,1.4512624330527926
IDX Sector Technology,2026-06-19,0.423106350420811
IDX Sector Technology,2026-06-22,0.5990818668706962
IDX Sector Technology,2026-06-23,-0.45554705432287684
IDX Sector Technology,2026-06-24,-2.0192807957153787
IDX Sector Technology,2026-06-25,-0.9320581484315226
IDX Sector Technology,2026-06-26,-3.4232593726090284
IDX Sector Technology,2026-06-29,-3.7566947207345067
IDX Sector Technology,2026-06-30,-4.338485080336649
IDX Sector Infrastructures,2025-06-30,0.0
IDX Sector Infrastructures,2025-07-01,-0.06697215368346845
IDX Sector Infrastructures,2025-07-02,0.0042298202326401125
IDX Sector Infrastructures,2025-07-03,0.03031371166725414
IDX Sector Infrastructures,2025-07-04,-1.313359182234755
IDX Sector Infrastructures,2025-07-07,-1.043355657384561
IDX Sector Infrastructures,2025-07-08,-0.018329221008107157
IDX Sector Infrastructures,2025-07-09,0.9933027846316531
IDX Sector Infrastructures,2025-07-10,2.8473739866055694
IDX Sector Infrastructures,2025-07-11,5.111737751145577
IDX Sector Infrastructures,2025-07-14,9.544589354952414
IDX Sector Infrastructures,2025-07-15,15.416284807895664
IDX Sector Infrastructures,2025-07-16,17.52062037363412
IDX Sector Infrastructures,2025-07-17,20.503348607684174
IDX Sector Infrastructures,2025-07-18,24.396898131829396
IDX Sector Infrastructures,2025-07-21,30.11772999647515
IDX Sector Infrastructures,2025-07-22,32.32217130771942
IDX Sector Infrastructures,2025-07-23,32.415227352837505
IDX Sector Infrastructures,2025-07-24,31.651744800845965
IDX Sector Infrastructures,2025-07-25,33.35636235459993
IDX Sector Infrastructures,2025-07-28,36.83538949594642
IDX Sector Infrastructures,2025-07-29,37.757490306661964
IDX Sector Infrastructures,2025-07-30,33.34014804370814
IDX Sector Infrastructures,2025-07-31,29.333803313359184
IDX Sector Infrastructures,2025-08-01,33.08494888967219
IDX Sector Infrastructures,2025-08-04,33.85336623193514
IDX Sector Infrastructures,2025-08-05,33.682058512513215
IDX Sector Infrastructures,2025-08-06,32.95452943249912
IDX Sector Infrastructures,2025-08-07,30.76771237222418
IDX Sector Infrastructures,2025-08-08,32.052167782869226
IDX Sector Infrastructures,2025-08-11,33.333803313359184
IDX Sector Infrastructures,2025-08-12,35.990130419457174
IDX Sector Infrastructures,2025-08-13,37.97250616848784
IDX Sector Infrastructures,2025-08-14,37.37116672541417
IDX Sector Infrastructures,2025-08-15,34.34261543884385
IDX Sector Infrastructures,2025-08-19,33.62072611913994
IDX Sector Infrastructures,2025-08-20,34.06485724356715
IDX Sector Infrastructures,2025-08-21,32.255904124074725
IDX Sector Infrastructures,2025-08-22,31.93302784631653
IDX Sector Infrastructures,2025-08-25,35.38033133591822
IDX Sector Infrastructures,2025-08-26,34.72470919985901
IDX Sector Infrastructures,2025-08-27,36.29397250616849
IDX Sector Infrastructures,2025-08-28,35.22382798731054
IDX Sector Infrastructures,2025-08-29,32.158618258724005
IDX Sector Infrastructures,2025-09-01,29.538244624603454
IDX Sector Infrastructures,2025-09-02,30.53859710962284
IDX Sector Infrastructures,2025-09-03,29.935847726471625
IDX Sector Infrastructures,2025-09-04,29.508635882974975
IDX Sector Infrastructures,2025-09-08,26.827634825519915
IDX Sector Infrastructures,2025-09-09,25.105393020796615
IDX Sector Infrastructures,2025-09-10,26.35318998942545
IDX Sector Infrastructures,2025-09-11,26.356714839619315
IDX Sector Infrastructures,2025-09-12,26.592174832569615
IDX Sector Infrastructures,2025-09-15,29.550934085301375
IDX Sector Infrastructures,2025-09-16,29.25555163905534
IDX Sector Infrastructures,2025-09-17,30.10081071554459
IDX Sector Infrastructures,2025-09-18,29.64892492069087
IDX Sector Infrastructures,2025-09-19,30.514628128304548
IDX Sector Infrastructures,2025-09-22,32.80719069439549
IDX Sector Infrastructures,2025-09-23,33.2936200211491
IDX Sector Infrastructures,2025-09-24,31.140641522735283
IDX Sector Infrastructures,2025-09-25,29.71025731406415
IDX Sector Infrastructures,2025-09-26,31.050405357772295
IDX Sector Infrastructures,2025-09-29,32.50828339795559
IDX Sector Infrastructures,2025-09-30,31.02220655622136
IDX Sector Infrastructures,2025-10-01,30.37010927035601
IDX Sector Infrastructures,2025-10-02,30.208671131476912
IDX Sector Infrastructures,2025-10-03,31.589002467395137
IDX Sector Infrastructures,2025-10-06,34.23123017271766
IDX Sector Infrastructures,2025-10-07,37.35495241452238
IDX Sector Infrastructures,2025-10-08,36.08248149453648
IDX Sector Infrastructures,2025-10-09,37.38033133591822
IDX Sector Infrastructures,2025-10-10,40.37856891082129
IDX Sector Infrastructures,2025-10-13,38.3623545999295
IDX Sector Infrastructures,2025-10-14,34.86640817765245
IDX Sector Infrastructures,2025-10-15,35.62284102925626
IDX Sector Infrastructures,2025-10-16,35.40994007754671
IDX Sector Infrastructures,2025-10-17,30.79661614381389
IDX Sector Infrastructures,2025-10-20,31.933732816355306
IDX Sector Infrastructures,2025-10-21,36.49700387733521
IDX Sector Infrastructures,2025-10-22,35.30207966161438
IDX Sector Infrastructures,2025-10-23,37.55093408530137
IDX Sector Infrastructures,2025-10-24,36.39478322171308
IDX Sector Infrastructures,2025-10-27,33.938667606626716
IDX Sector Infrastructures,2025-10-28,34.35600986958054
IDX Sector Infrastructures,2025-10-29,34.00211491011632
IDX Sector Infrastructures,2025-10-30,33.75960521677829
IDX Sector Infrastructures,2025-10-31,35.26542121959817
IDX Sector Infrastructures,2025-11-03,37.64046528022559
IDX Sector Infrastructures,2025-11-04,37.271765949947124
IDX Sector Infrastructures,2025-11-05,38.69651039830807
IDX Sector Infrastructures,2025-11-06,39.96263658794501
IDX Sector Infrastructures,2025-11-07,43.35213253436729
IDX Sector Infrastructures,2025-11-10,45.1984490659147
IDX Sector Infrastructures,2025-11-11,47.32675361297145
IDX Sector Infrastructures,2025-11-12,49.62777581952767
IDX Sector Infrastructures,2025-11-13,51.49453648219951
IDX Sector Infrastructures,2025-11-14,53.27881565033486
IDX Sector Infrastructures,2025-11-17,54.65139231582658
IDX Sector Infrastructures,2025-11-18,54.094465985195626
IDX Sector Infrastructures,2025-11-19,55.701797673598875
IDX Sector Infrastructures,2025-11-20,56.513923158265776
IDX Sector Infrastructures,2025-11-21,55.61085653859711
IDX Sector Infrastructures,2025-11-24,59.28868523087769
IDX Sector Infrastructures,2025-11-25,59.49171660204441
IDX Sector Infrastructures,2025-11-26,61.27881565033486
IDX Sector Infrastructures,2025-11-27,61.381036305957
IDX Sector Infrastructures,2025-11-28,62.38279873105393
IDX Sector Infrastructures,2025-12-01,64.00281988015509
IDX Sector Infrastructures,2025-12-02,67.00740218540712
IDX Sector Infrastructures,2025-12-03,69.51145576313007
IDX Sector Infrastructures,2025-12-04,72.62671836446951
IDX Sector Infrastructures,2025-12-05,77.87381036305958
IDX Sector Infrastructures,2025-12-08,81.51286570320761
IDX Sector Infrastructures,2025-12-09,84.0211491011632
IDX Sector Infrastructures,2025-12-10,92.66901656679592
IDX Sector Infrastructures,2025-12-11,84.79873105393021
IDX Sector Infrastructures,2025-12-12,83.21043355657385
IDX Sector Infrastructures,2025-12-15,79.66231935142757
IDX Sector Infrastructures,2025-12-16,81.16602044413112
IDX Sector Infrastructures,2025-12-17,85.3598872047938
IDX Sector Infrastructures,2025-12-18,81.49030666196687
IDX Sector Infrastructures,2025-12-19,79.85195629185759
IDX Sector Infrastructures,2025-12-22,78.13676418752203
IDX Sector Infrastructures,2025-12-23,78.301727176595
IDX Sector Infrastructures,2025-12-24,78.58794501233697
IDX Sector Infrastructures,2025-12-29,84.54000704970039
IDX Sector Infrastructures,2025-12-30,88.30454705675008
IDX Sector Infrastructures,2026-01-02,89.13500176242509
IDX Sector Infrastructures,2026-01-05,90.94254494183997
IDX Sector Infrastructures,2026-01-06,92.59146986253084
IDX Sector Infrastructures,2026-01-07,92.90095170955234
IDX Sector Infrastructures,2026-01-08,95.65526965103983
IDX Sector Infrastructures,2026-01-09,93.54529432499119
IDX Sector Infrastructures,2026-01-12,88.9524145223828
IDX Sector Infrastructures,2026-01-13,89.57067324638703
IDX Sector Infrastructures,2026-01-14,93.75114557631301
IDX Sector Infrastructures,2026-01-15,93.99718011984491
IDX Sector Infrastructures,2026-01-19,95.73634120549876
IDX Sector Infrastructures,2026-01-20,95.7828692280578
IDX Sector Infrastructures,2026-01-21,93.69615791328869
IDX Sector Infrastructures,2026-01-22,96.36587945012337
IDX Sector Infrastructures,2026-01-23,96.70426506873459
IDX Sector Infrastructures,2026-01-26,95.02079661614381
IDX Sector Infrastructures,2026-01-27,98.12618963694042
IDX Sector Infrastructures,2026-01-28,78.02185407120197
IDX Sector Infrastructures,2026-01-29,73.31335918223475
IDX Sector Infrastructures,2026-01-30,71.3041945717307
IDX Sector Infrastructures,2026-02-02,60.928445541064505
IDX Sector Infrastructures,2026-02-03,62.47303489601692
IDX Sector Infrastructures,2026-02-04,58.55974621078604
IDX Sector Infrastructures,2026-02-05,56.615438843849134
IDX Sector Infrastructures,2026-02-06,51.990130419457174
IDX Sector Infrastructures,2026-02-09,53.856186112090235
IDX Sector Infrastructures,2026-02-10,56.62389848431442
IDX Sector Infrastructures,2026-02-11,62.66055692633063
IDX Sector Infrastructures,2026-02-12,61.95276700740219
IDX Sector Infrastructures,2026-02-13,59.96334155798379
IDX Sector Infrastructures,2026-02-18,63.07437433909059
IDX Sector Infrastructures,2026-02-19,62.640817765244975
IDX Sector Infrastructures,2026-02-20,64.14099400775467
IDX Sector Infrastructures,2026-02-23,65.89777934437787
IDX Sector Infrastructures,2026-02-24,62.09658089531195
IDX Sector Infrastructures,2026-02-25,63.60662671836447
IDX Sector Infrastructures,2026-02-26,59.66795911173775
IDX Sector Infrastructures,2026-02-27,59.08917870990483
IDX Sector Infrastructures,2026-03-02,52.52026788861473
IDX Sector Infrastructures,2026-03-03,51.20831864645753
IDX Sector Infrastructures,2026-03-04,43.89072964399013
IDX Sector Infrastructures,2026-03-05,46.85794853718717
IDX Sector Infrastructures,2026-03-06,44.26295382446246
IDX Sector Infrastructures,2026-03-09,38.85794853718717
IDX Sector Infrastructures,2026-03-10,40.24391963341558
IDX Sector Infrastructures,2026-03-11,38.891787099048294
IDX Sector Infrastructures,2026-03-12,37.39372576665492
IDX Sector Infrastructures,2026-03-13,32.39266831159676
IDX Sector Infrastructures,2026-03-16,31.561508635882976
IDX Sector Infrastructures,2026-03-17,36.0105745505816
IDX Sector Infrastructures,2026-03-25,40.70215015861826
IDX Sector Infrastructures,2026-03-26,38.407472682411
IDX Sector Infrastructures,2026-03-27,36.6217835741981
IDX Sector Infrastructures,2026-03-30,36.162143108917874
IDX Sector Infrastructures,2026-03-31,35.53824462460346
IDX Sector Infrastructures,2026-04-01,39.61649629890729
IDX Sector Infrastructures,2026-04-02,34.09376101515686
IDX Sector Infrastructures,2026-04-06,32.86147338738104
IDX Sector Infrastructures,2026-04-07,33.86464575255552
IDX Sector Infrastructures,2026-04-08,42.26013394430737
IDX Sector Infrastructures,2026-04-09,43.079309129362
IDX Sector Infrastructures,2026-04-10,45.854071201973916
IDX Sector Infrastructures,2026-04-13,47.24991187874515
IDX Sector Infrastructures,2026-04-14,55.524145223827986
IDX Sector Infrastructures,2026-04-15,53.45153330983433
IDX Sector Infrastructures,2026-04-16,52.53013746915756
IDX Sector Infrastructures,2026-04-17,53.729996475149804
IDX Sector Infrastructures,2026-04-20,53.39020091646105
IDX Sector Infrastructures,2026-04-21,53.29009517095523
IDX Sector Infrastructures,2026-04-22,54.96369404300317
IDX Sector Infrastructures,2026-04-23,51.35072259428974
IDX Sector Infrastructures,2026-04-24,45.16954529432499
IDX Sector Infrastructures,2026-04-27,45.643285160380685
IDX Sector Infrastructures,2026-04-28,44.42509693338033
IDX Sector Infrastructures,2026-04-29,46.56045118082481
IDX Sector Infrastructures,2026-04-30,42.27352837504406
IDX Sector Infrastructures,2026-05-04,43.64258019034191
IDX Sector Infrastructures,2026-05-05,47.35283750440606
IDX Sector Infrastructures,2026-05-06,47.947832217130774
IDX Sector Infrastructures,2026-05-07,49.857596052167786
IDX Sector Infrastructures,2026-05-08,49.383151216073315
IDX Sector Infrastructures,2026-05-11,51.65315474092351
IDX Sector Infrastructures,2026-05-12,49.38597109622841
IDX Sector Infrastructures,2026-05-13,45.32675361297145
IDX Sector Infrastructures,2026-05-18,40.98977793443779
IDX Sector Infrastructures,2026-05-19,35.16743038420867
IDX Sector Infrastructures,2026-05-20,35.2301727176595
IDX Sector Infrastructures,2026-05-21,27.686993302784632
IDX Sector Infrastructures,2026-05-22,29.63835037010927
IDX Sector Infrastructures,2026-05-25,30.633768064857243
IDX Sector Infrastructures,2026-05-26,30.873457878040185
IDX Sector Infrastructures,2026-05-29,34.655622136059215
IDX Sector Infrastructures,2026-06-02,35.51427564328516
IDX Sector Infrastructures,2026-06-03,28.676771237222418
IDX Sector Infrastructures,2026-06-04,25.66090941135002
IDX Sector Infrastructures,2026-06-05,19.006697215368348
IDX Sector Infrastructures,2026-06-08,11.524145223827988
IDX Sector Infrastructures,2026-06-09,19.74903066619669
IDX Sector Infrastructures,2026-06-10,22.462460345435318
IDX Sector Infrastructures,2026-06-11,23.14839619316179
IDX Sector Infrastructures,2026-06-12,24.56750088121255
IDX Sector Infrastructures,2026-06-15,28.211491011632006
IDX Sector Infrastructures,2026-06-17,28.747973211138525
IDX Sector Infrastructures,2026-06-18,26.22700035248502
IDX Sector Infrastructures,2026-06-19,28.264363764540008
IDX Sector Infrastructures,2026-06-22,27.02009164610504
IDX Sector Infrastructures,2026-06-23,27.359887204793797
IDX Sector Infrastructures,2026-06-24,21.665139231582657
IDX Sector Infrastructures,2026-06-25,26.294677476207262
IDX Sector Infrastructures,2026-06-26,23.264716249559395
IDX Sector Infrastructures,2026-06-29,21.32252379273881
IDX Sector Infrastructures,2026-06-30,18.63517800493479
IDX Sector Transportation & Logistic,2025-06-30,0.0
IDX Sector Transportation & Logistic,2025-07-01,-1.8768413028698572
IDX Sector Transportation & Logistic,2025-07-02,-2.2243282034377856
IDX Sector Transportation & Logistic,2025-07-03,-0.9950761243536126
IDX Sector Transportation & Logistic,2025-07-04,-1.6241235570022732
IDX Sector Transportation & Logistic,2025-07-07,-1.9482615353976527
IDX Sector Transportation & Logistic,2025-07-08,-2.5100091335489676
IDX Sector Transportation & Logistic,2025-07-09,-2.233942465508835
IDX Sector Transportation & Logistic,2025-07-10,-1.178433836708626
IDX Sector Transportation & Logistic,2025-07-11,-0.19709237245651262
IDX Sector Transportation & Logistic,2025-07-14,-0.6455290247704595
IDX Sector Transportation & Logistic,2025-07-15,1.179120569713701
IDX Sector Transportation & Logistic,2025-07-16,3.5648310293441012
IDX Sector Transportation & Logistic,2025-07-17,5.546742481990427
IDX Sector Transportation & Logistic,2025-07-18,4.1925049959826115
IDX Sector Transportation & Logistic,2025-07-21,5.633957573634946
IDX Sector Transportation & Logistic,2025-07-22,4.980187752803587
IDX Sector Transportation & Logistic,2025-07-23,5.807014290913836
IDX Sector Transportation & Logistic,2025-07-24,5.220544304579822
IDX Sector Transportation & Logistic,2025-07-25,4.170529539820214
IDX Sector Transportation & Logistic,2025-07-28,5.230845299655947
IDX Sector Transportation & Logistic,2025-07-29,4.176023403860813
IDX Sector Transportation & Logistic,2025-07-30,4.480932858114094
IDX Sector Transportation & Logistic,2025-07-31,2.293001503945281
IDX Sector Transportation & Logistic,2025-08-01,2.6672709917111326
IDX Sector Transportation & Logistic,2025-08-04,2.8382675099747967
IDX Sector Transportation & Logistic,2025-08-05,3.1356229011722534
IDX Sector Transportation & Logistic,2025-08-06,2.8925194173757185
IDX Sector Transportation & Logistic,2025-08-07,2.407685915792799
IDX Sector Transportation & Logistic,2025-08-08,2.9701202469491887
IDX Sector Transportation & Logistic,2025-08-11,5.73559405838604
IDX Sector Transportation & Logistic,2025-08-12,5.741774655431715
IDX Sector Transportation & Logistic,2025-08-13,5.024138665128385
IDX Sector Transportation & Logistic,2025-08-14,5.34072258046794
IDX Sector Transportation & Logistic,2025-08-15,5.057788582377057
IDX Sector Transportation & Logistic,2025-08-19,6.5672277275318125
IDX Sector Transportation & Logistic,2025-08-20,7.161251776921651
IDX Sector Transportation & Logistic,2025-08-21,7.085711146363406
IDX Sector Transportation & Logistic,2025-08-22,9.10058578325333
IDX Sector Transportation & Logistic,2025-08-25,9.611515139029096
IDX Sector Transportation & Logistic,2025-08-26,9.046333875852408
IDX Sector Transportation & Logistic,2025-08-27,9.522239848369352
IDX Sector Transportation & Logistic,2025-08-28,10.623072855504509
IDX Sector Transportation & Logistic,2025-08-29,9.471421605993806
IDX Sector Transportation & Logistic,2025-09-01,7.073349952272056
IDX Sector Transportation & Logistic,2025-09-02,9.49683072718158
IDX Sector Transportation & Logistic,2025-09-03,10.474051793403243
IDX Sector Transportation & Logistic,2025-09-04,10.572254613128962
IDX Sector Transportation & Logistic,2025-09-08,9.738560744967964
IDX Sector Transportation & Logistic,2025-09-09,10.533797564844765
IDX Sector Transportation & Logistic,2025-09-10,9.928785787373727
IDX Sector Transportation & Logistic,2025-09-11,11.195808181737023
IDX Sector Transportation & Logistic,2025-09-12,12.277412664730079
IDX Sector Transportation & Logistic,2025-09-15,13.449665904393031
IDX Sector Transportation & Logistic,2025-09-16,14.476331746980092
IDX Sector Transportation & Logistic,2025-09-17,14.873950156918491
IDX Sector Transportation & Logistic,2025-09-18,16.340125122753523
IDX Sector Transportation & Logistic,2025-09-19,16.087407376885942
IDX Sector Transportation & Logistic,2025-09-22,17.58791899297472
IDX Sector Transportation & Logistic,2025-09-23,19.896715356036726
IDX Sector Transportation & Logistic,2025-09-24,20.843033437030016
IDX Sector Transportation & Logistic,2025-09-25,17.664833089543116
IDX Sector Transportation & Logistic,2025-09-26,15.9239649216781
IDX Sector Transportation & Logistic,2025-09-29,16.001565751251572
IDX Sector Transportation & Logistic,2025-09-30,13.874066901529355
IDX Sector Transportation & Logistic,2025-10-01,12.767740030353599
IDX Sector Transportation & Logistic,2025-10-02,12.42025312978567
IDX Sector Transportation & Logistic,2025-10-03,10.834586621067595
IDX Sector Transportation & Logistic,2025-10-06,9.770150463201412
IDX Sector Transportation & Logistic,2025-10-07,13.060975023520605
IDX Sector Transportation & Logistic,2025-10-08,15.060054801293806
IDX Sector Transportation & Logistic,2025-10-09,18.66952347596778
IDX Sector Transportation & Logistic,2025-10-10,22.278305417636677
IDX Sector Transportation & Logistic,2025-10-13,25.42766297891043
IDX Sector Transportation & Logistic,2025-10-14,20.422752837924143
IDX Sector Transportation & Logistic,2025-10-15,17.02273772979803
IDX Sector Transportation & Logistic,2025-10-16,19.48536228599683
IDX Sector Transportation & Logistic,2025-10-17,14.488006208066366
IDX Sector Transportation & Logistic,2025-10-20,18.034295446273443
IDX Sector Transportation & Logistic,2025-10-21,22.542697624590534
IDX Sector Transportation & Logistic,2025-10-22,21.352589326795634
IDX Sector Transportation & Logistic,2025-10-23,23.600953185411043
IDX Sector Transportation & Logistic,2025-10-24,24.16682118159281
IDX Sector Transportation & Logistic,2025-10-27,22.110742564398386
IDX Sector Transportation & Logistic,2025-10-28,21.94455317717025
IDX Sector Transportation & Logistic,2025-10-29,23.131227809939773
IDX Sector Transportation & Logistic,2025-10-30,22.046189661921343
IDX Sector Transportation & Logistic,2025-10-31,22.738416531036897
IDX Sector Transportation & Logistic,2025-11-03,25.1076453985455
IDX Sector Transportation & Logistic,2025-11-04,24.539030470343434
IDX Sector Transportation & Logistic,2025-11-05,24.581607916658083
IDX Sector Transportation & Logistic,2025-11-06,26.33758421063475
IDX Sector Transportation & Logistic,2025-11-07,25.852063976046754
IDX Sector Transportation & Logistic,2025-11-10,27.34364806306956
IDX Sector Transportation & Logistic,2025-11-11,28.774112912640696
IDX Sector Transportation & Logistic,2025-11-12,30.660568477581602
IDX Sector Transportation & Logistic,2025-11-13,30.137964660719557
IDX Sector Transportation & Logistic,2025-11-14,31.636416077793115
IDX Sector Transportation & Logistic,2025-11-17,31.138534649113772
IDX Sector Transportation & Logistic,2025-11-18,30.120796335592686
IDX Sector Transportation & Logistic,2025-11-19,29.188212914700895
IDX Sector Transportation & Logistic,2025-11-20,29.489001970923724
IDX Sector Transportation & Logistic,2025-11-21,28.717114073219474
IDX Sector Transportation & Logistic,2025-11-24,28.771365980620395
IDX Sector Transportation & Logistic,2025-11-25,28.52139516677311
IDX Sector Transportation & Logistic,2025-11-26,27.88410693806355
IDX Sector Transportation & Logistic,2025-11-27,28.024887204103916
IDX Sector Transportation & Logistic,2025-11-28,28.346278250478996
IDX Sector Transportation & Logistic,2025-12-01,28.20687145044878
IDX Sector Transportation & Logistic,2025-12-02,29.69364840643606
IDX Sector Transportation & Logistic,2025-12-03,31.323265827478934
IDX Sector Transportation & Logistic,2025-12-04,32.76883880316172
IDX Sector Transportation & Logistic,2025-12-05,36.40165640000824
IDX Sector Transportation & Logistic,2025-12-08,39.358728719861006
IDX Sector Transportation & Logistic,2025-12-09,38.88350948034913
IDX Sector Transportation & Logistic,2025-12-10,37.733231696848584
IDX Sector Transportation & Logistic,2025-12-11,35.34202737317758
IDX Sector Transportation & Logistic,2025-12-12,35.17789818496467
IDX Sector Transportation & Logistic,2025-12-15,35.171030854913916
IDX Sector Transportation & Logistic,2025-12-16,35.969014606811015
IDX Sector Transportation & Logistic,2025-12-17,36.81781660108366
IDX Sector Transportation & Logistic,2025-12-18,36.784853416840065
IDX Sector Transportation & Logistic,2025-12-19,32.868415088897585
IDX Sector Transportation & Logistic,2025-12-22,33.65335091369826
IDX Sector Transportation & Logistic,2025-12-23,33.045592204206926
IDX Sector Transportation & Logistic,2025-12-24,31.708523043325986
IDX Sector Transportation & Logistic,2025-12-29,35.168283922893615
IDX Sector Transportation & Logistic,2025-12-30,35.01720266177713
IDX Sector Transportation & Logistic,2026-01-02,43.8726247622187
IDX Sector Transportation & Logistic,2026-01-05,46.77750537368576
IDX Sector Transportation & Logistic,2026-01-06,45.470652465028124
IDX Sector Transportation & Logistic,2026-01-07,42.80956207036267
IDX Sector Transportation & Logistic,2026-01-08,45.314077339871034
IDX Sector Transportation & Logistic,2026-01-09,46.29061167308762
IDX Sector Transportation & Logistic,2026-01-12,47.391444680222776
IDX Sector Transportation & Logistic,2026-01-13,46.05574898535198
IDX Sector Transportation & Logistic,2026-01-14,48.417423789804765
IDX Sector Transportation & Logistic,2026-01-15,46.984212008213326
IDX Sector Transportation & Logistic,2026-01-19,45.17810420486619
IDX Sector Transportation & Logistic,2026-01-20,44.26955643915202
IDX Sector Transportation & Logistic,2026-01-21,39.888199866773796
IDX Sector Transportation & Logistic,2026-01-22,39.90811512392097
IDX Sector Transportation & Logistic,2026-01-23,36.70313218923614
IDX Sector Transportation & Logistic,2026-01-26,38.981712300074854
IDX Sector Transportation & Logistic,2026-01-27,39.7975511101039
IDX Sector Transportation & Logistic,2026-01-28,29.501363165015075
IDX Sector Transportation & Logistic,2026-01-29,30.48476482828241
IDX Sector Transportation & Logistic,2026-01-30,38.50237266253254
IDX Sector Transportation & Logistic,2026-02-02,29.938812089247822
IDX Sector Transportation & Logistic,2026-02-03,36.26911693002877
IDX Sector Transportation & Logistic,2026-02-04,36.50260615175426
IDX Sector Transportation & Logistic,2026-02-05,36.26087613396788
IDX Sector Transportation & Logistic,2026-02-06,36.977138658261055
IDX Sector Transportation & Logistic,2026-02-09,37.53064546035147
IDX Sector Transportation & Logistic,2026-02-10,39.923909983037696
IDX Sector Transportation & Logistic,2026-02-11,43.08700220441295
IDX Sector Transportation & Logistic,2026-02-12,43.72223023410728
IDX Sector Transportation & Logistic,2026-02-13,46.11206109176813
IDX Sector Transportation & Logistic,2026-02-18,50.864940219891906
IDX Sector Transportation & Logistic,2026-02-19,53.755399438252404
IDX Sector Transportation & Logistic,2026-02-20,52.12784221622476
IDX Sector Transportation & Logistic,2026-02-23,56.82509597093746
IDX Sector Transportation & Logistic,2026-02-24,55.258657986361484
IDX Sector Transportation & Logistic,2026-02-25,52.63190424194977
IDX Sector Transportation & Logistic,2026-02-26,45.70826208478406
IDX Sector Transportation & Logistic,2026-02-27,46.13334981492545
IDX Sector Transportation & Logistic,2026-03-02,42.13175659435368
IDX Sector Transportation & Logistic,2026-03-03,39.15339555134359
IDX Sector Transportation & Logistic,2026-03-04,29.088636628965023
IDX Sector Transportation & Logistic,2026-03-05,28.925194173757184
IDX Sector Transportation & Logistic,2026-03-06,28.52826249682386
IDX Sector Transportation & Logistic,2026-03-09,21.820941236256754
IDX Sector Transportation & Logistic,2026-03-10,24.611137435876305
IDX Sector Transportation & Logistic,2026-03-11,24.180555841694307
IDX Sector Transportation & Logistic,2026-03-12,25.740126496219535
IDX Sector Transportation & Logistic,2026-03-13,20.87256295624824
IDX Sector Transportation & Logistic,2026-03-16,18.978553328251508
IDX Sector Transportation & Logistic,2026-03-17,23.37021089570586
IDX Sector Transportation & Logistic,2026-03-25,27.436357018754677
IDX Sector Transportation & Logistic,2026-03-26,31.21338854666694
IDX Sector Transportation & Logistic,2026-03-27,30.50536681843466
IDX Sector Transportation & Logistic,2026-03-30,32.33963067498987
IDX Sector Transportation & Logistic,2026-03-31,26.25517625002575
IDX Sector Transportation & Logistic,2026-04-01,28.516588035737584
IDX Sector Transportation & Logistic,2026-04-02,25.84313644698078
IDX Sector Transportation & Logistic,2026-04-06,25.734632632178936
IDX Sector Transportation & Logistic,2026-04-07,24.034281711613342
IDX Sector Transportation & Logistic,2026-04-08,28.21373878049953
IDX Sector Transportation & Logistic,2026-04-09,28.22609997459088
IDX Sector Transportation & Logistic,2026-04-10,29.412774607360404
IDX Sector Transportation & Logistic,2026-04-13,29.411401141350254
IDX Sector Transportation & Logistic,2026-04-14,33.55652155998269
IDX Sector Transportation & Logistic,2026-04-15,38.16518675704073
IDX Sector Transportation & Logistic,2026-04-16,42.811622269377885
IDX Sector Transportation & Logistic,2026-04-17,45.09500951125212
IDX Sector Transportation & Logistic,2026-04-20,43.86919109719332
IDX Sector Transportation & Logistic,2026-04-21,46.1869149893213
IDX Sector Transportation & Logistic,2026-04-22,53.14489379674077
IDX Sector Transportation & Logistic,2026-04-23,56.979610897079326
IDX Sector Transportation & Logistic,2026-04-24,51.77898184964668
IDX Sector Transportation & Logistic,2026-04-27,52.245960293097646
IDX Sector Transportation & Logistic,2026-04-28,51.56540788506837
IDX Sector Transportation & Logistic,2026-04-29,52.03169959551426
IDX Sector Transportation & Logistic,2026-04-30,50.80862811347576
IDX Sector Transportation & Logistic,2026-05-04,48.521807206576156
IDX Sector Transportation & Logistic,2026-05-05,50.12944917145663
IDX Sector Transportation & Logistic,2026-05-06,52.864706730670186
IDX Sector Transportation & Logistic,2026-05-07,50.78253225928292
IDX Sector Transportation & Logistic,2026-05-08,42.15716571554145
IDX Sector Transportation & Logistic,2026-05-11,38.06149007327441
IDX Sector Transportation & Logistic,2026-05-12,40.26246935453965
IDX Sector Transportation & Logistic,2026-05-13,47.12224534223339
IDX Sector Transportation & Logistic,2026-05-18,38.007924898878564
IDX Sector Transportation & Logistic,2026-05-19,28.92725437277241
IDX Sector Transportation & Logistic,2026-05-20,23.480774909522925
IDX Sector Transportation & Logistic,2026-05-21,17.41005514466031
IDX Sector Transportation & Logistic,2026-05-22,18.89820556665774
IDX Sector Transportation & Logistic,2026-05-25,23.44643825926918
IDX Sector Transportation & Logistic,2026-05-26,23.5199186908122
IDX Sector Transportation & Logistic,2026-05-29,24.46898370382579
IDX Sector Transportation & Logistic,2026-06-02,20.324550018198426
IDX Sector Transportation & Logistic,2026-06-03,15.334748003323787
IDX Sector Transportation & Logistic,2026-06-04,13.730539703468688
IDX Sector Transportation & Logistic,2026-06-05,6.941497215297664
IDX Sector Transportation & Logistic,2026-06-08,0.9758476002115137
IDX Sector Transportation & Logistic,2026-06-09,8.42484050625957
IDX Sector Transportation & Logistic,2026-06-10,13.314379502393264
IDX Sector Transportation & Logistic,2026-06-11,11.71772526559399
IDX Sector Transportation & Logistic,2026-06-12,16.695166086377277
IDX Sector Transportation & Logistic,2026-06-15,20.13707190781296
IDX Sector Transportation & Logistic,2026-06-17,17.289190135767114
IDX Sector Transportation & Logistic,2026-06-18,17.624315842243693
IDX Sector Transportation & Logistic,2026-06-19,17.86329892800978
IDX Sector Transportation & Logistic,2026-06-22,17.742433919116586
IDX Sector Transportation & Logistic,2026-06-23,17.561136405776796
IDX Sector Transportation & Logistic,2026-06-24,11.87430039075108
IDX Sector Transportation & Logistic,2026-06-25,14.49281333910189
IDX Sector Transportation & Logistic,2026-06-26,11.72321912963459
IDX Sector Transportation & Logistic,2026-06-29,10.713721612174403
IDX Sector Transportation & Logistic,2026-06-30,9.776331060247086
